<?xml version="1.0" encoding="UTF-8"?>
<gpx xmlns:xsi="http://www.w3.org/2001/XMLSchema-instance" xmlns="http://www.topografix.com/GPX/1/1" xmlns:gpxdata="http://www.cluetrust.com/XML/GPXDATA/1/0" xsi:schemaLocation="http://www.topografix.com/GPX/1/1 http://www.topografix.com/GPX/1/1/gpx.xsd http://www.cluetrust.com/XML/GPXDATA/1/0 http://www.cluetrust.com/Schemas/gpxdata10.xsd" version="1.1" creator="http://ridewithgps.com/">
  <metadata>
    <name>Of Milk and Navvies (Mjølkevegen and Rallarvegen)</name>
    <link href="https://ridewithgps.com/routes/44038450">
      <text>Of Milk and Navvies (Mjølkevegen and Rallarvegen)</text>
    </link>
    <time>2023-08-12T14:34:33Z</time>
  </metadata>
  <wpt lon="9.746909303746069" lat="61.59526475826272">
    <name>Vinstra Station</name>
    <sym>Dot</sym>
    <type>Dot</type>
  </wpt>
  <wpt lon="9.728019217427136" lat="61.59372704247195">
    <name>Spar, Extra, Rema 1000 and Kiwi all next to each other</name>
    <sym>Dot</sym>
    <type>Dot</type>
  </wpt>
  <wpt lon="9.692327790353138" lat="61.539276560601444">
    <name>Lake with good access for swimming</name>
    <sym>Dot</sym>
    <type>Dot</type>
  </wpt>
  <wpt lon="9.655118200415625" lat="61.53521377428292">
    <name>Fefor Hoifjellshotell</name>
    <sym>Dot</sym>
    <type>Dot</type>
  </wpt>
  <wpt lon="9.458289585906215" lat="61.46947613255112">
    <name>Dalseter Fjellhotell</name>
    <sym>Dot</sym>
    <type>Dot</type>
  </wpt>
  <wpt lon="9.450654999428117" lat="61.47234243775607">
    <name>Ruten Fjellstue</name>
    <sym>Dot</sym>
    <type>Dot</type>
  </wpt>
  <wpt lon="9.411007956432597" lat="61.469004502368534">
    <name>Swimming</name>
    <cmt>Good point to access the water, watch out for ants</cmt>
    <desc>Good point to access the water, watch out for ants</desc>
    <sym>Dot</sym>
    <type>Dot</type>
  </wpt>
  <wpt lon="9.38209765756637" lat="61.470998955202006">
    <name>Swimming</name>
    <cmt>Good point to access the water with a few benches</cmt>
    <desc>Good point to access the water with a few benches</desc>
    <sym>Dot</sym>
    <type>Dot</type>
  </wpt>
  <wpt lon="9.37507083232719" lat="61.482850043760166">
    <name>Skabu Campground</name>
    <sym>Dot</sym>
    <type>Dot</type>
  </wpt>
  <wpt lon="9.250502118508136" lat="61.44597888923372">
    <name>Facilities</name>
    <cmt>Seating area with signs about the local area and a toilet</cmt>
    <desc>Seating area with signs about the local area and a toilet</desc>
    <sym>Dot</sym>
    <type>Dot</type>
  </wpt>
  <wpt lon="9.238783861851278" lat="61.44831159450608">
    <name>Falkefangeranlegget</name>
    <cmt>Rebuilt historic falconry facility</cmt>
    <desc>Rebuilt historic falconry facility</desc>
    <sym>Dot</sym>
    <type>Dot</type>
  </wpt>
  <wpt lon="8.982998102660956" lat="61.34305202199378">
    <name>Haugseter Fjellstue</name>
    <sym>Dot</sym>
    <type>Dot</type>
  </wpt>
  <wpt lon="8.794830901847396" lat="61.33056762110083">
    <name>Bygdinstoga cafe</name>
    <sym>Dot</sym>
    <type>Dot</type>
  </wpt>
  <wpt lon="8.795114236932122" lat="61.328581067064015">
    <name>M/B Bitihorn</name>
    <cmt>Historic ferry if taking alternative route</cmt>
    <desc>Historic ferry if taking alternative route</desc>
    <sym>Dot</sym>
    <type>Dot</type>
  </wpt>
  <wpt lon="8.799390179559873" lat="61.32805141241141">
    <name>Bygdin Fjellhotell</name>
    <sym>Dot</sym>
    <type>Dot</type>
  </wpt>
  <wpt lon="8.799128793464702" lat="61.294174193144215">
    <name>Bitihorn Mountain</name>
    <sym>Dot</sym>
    <type>Dot</type>
  </wpt>
  <wpt lon="8.861358409526428" lat="61.272186268087935">
    <name>Bitibua Kiosk</name>
    <sym>Dot</sym>
    <type>Dot</type>
  </wpt>
  <wpt lon="8.90626571961016" lat="61.248788138917874">
    <name>Beitostolen</name>
    <cmt>town has three stores, a few restaurant options and various accomodations</cmt>
    <desc>town has three stores, a few restaurant options and various accomodations</desc>
    <sym>Dot</sym>
    <type>Dot</type>
  </wpt>
  <wpt lon="8.919783580893432" lat="61.241380268997744">
    <name>Beitostolen Hytter and Camping</name>
    <sym>Dot</sym>
    <type>Dot</type>
  </wpt>
  <wpt lon="8.748301566733891" lat="61.20479887170536">
    <name>Top of Slettefjell</name>
    <sym>Dot</sym>
    <type>Dot</type>
  </wpt>
  <wpt lon="8.696659425261343" lat="61.17741157726271">
    <name>Coffee</name>
    <cmt>Slettefjellkiosken</cmt>
    <desc>Slettefjellkiosken</desc>
    <sym>Dot</sym>
    <type>Dot</type>
  </wpt>
  <wpt lon="8.803911612864125" lat="61.15376720692403">
    <name>Hore stavkyrkje</name>
    <cmt>Historic church</cmt>
    <desc>Historic church</desc>
    <sym>Dot</sym>
    <type>Dot</type>
  </wpt>
  <wpt lon="8.820231313836189" lat="61.13802920556745">
    <name>Ryfoss Joker</name>
    <cmt>A brand of shop</cmt>
    <desc>A brand of shop</desc>
    <sym>Dot</sym>
    <type>Dot</type>
  </wpt>
  <wpt lon="8.738237324991282" lat="61.089607181350765">
    <name>Syndinstoga Canteen</name>
    <sym>Dot</sym>
    <type>Dot</type>
  </wpt>
  <wpt lon="8.907409478677804" lat="61.00505277397424">
    <name>Stugardsbue Hut</name>
    <sym>Dot</sym>
    <type>Dot</type>
  </wpt>
  <wpt lon="8.912212419078834" lat="61.005865036683204">
    <name>Murkerampa</name>
    <cmt>Point with historical information</cmt>
    <desc>Point with historical information</desc>
    <sym>Dot</sym>
    <type>Dot</type>
  </wpt>
  <wpt lon="8.988734348747727" lat="60.99584782992627">
    <name>Vaset Joker</name>
    <sym>Dot</sym>
    <type>Dot</type>
  </wpt>
  <wpt lon="8.988734348747727" lat="60.99584782992627">
    <name>Vaset Camping</name>
    <sym>Dot</sym>
    <type>Dot</type>
  </wpt>
  <wpt lon="8.984323806374556" lat="60.97953778383081">
    <name>Gomobu Fjellstue</name>
    <sym>Dot</sym>
    <type>Dot</type>
  </wpt>
  <wpt lon="9.004521819726097" lat="60.83589164965762">
    <name>Vasskanten</name>
    <sym>Dot</sym>
    <type>Dot</type>
  </wpt>
  <wpt lon="8.993596912283651" lat="60.832245170357076">
    <name>Oset fjellkirke</name>
    <cmt>historic church</cmt>
    <desc>historic church</desc>
    <sym>Dot</sym>
    <type>Dot</type>
  </wpt>
  <wpt lon="8.968013782444826" lat="60.80848285763946">
    <name>Bench with a good view</name>
    <sym>Dot</sym>
    <type>Dot</type>
  </wpt>
  <wpt lon="8.867641197381495" lat="60.74702577681166">
    <name>Robru Joker</name>
    <sym>Dot</sym>
    <type>Dot</type>
  </wpt>
  <wpt lon="8.937096806539053" lat="60.70292805357185">
    <name>Gol</name>
    <cmt>town has lots of stores, restaurants, cafes and accomodations</cmt>
    <desc>town has lots of stores, restaurants, cafes and accomodations</desc>
    <sym>Dot</sym>
    <type>Dot</type>
  </wpt>
  <wpt lon="8.970330480351144" lat="60.69871343629843">
    <name>Gol Station</name>
    <sym>Dot</sym>
    <type>Dot</type>
  </wpt>
  <wpt lon="8.940191198781143" lat="60.701599442516915">
    <name>Sport 1 Lie Sport and Fritid</name>
    <sym>Dot</sym>
    <type>Dot</type>
  </wpt>
  <wpt lon="8.943105017429529" lat="60.70150955194066">
    <name>Intersport</name>
    <sym>Dot</sym>
    <type>Dot</type>
  </wpt>
  <wpt lon="8.719718084431126" lat="60.66212047810701">
    <name>Torpo Badeplass</name>
    <sym>Dot</sym>
    <type>Dot</type>
  </wpt>
  <wpt lon="8.708783153884772" lat="60.6640269258937">
    <name>Torpo stavkyrkje</name>
    <cmt>historic church</cmt>
    <desc>historic church</desc>
    <sym>Dot</sym>
    <type>Dot</type>
  </wpt>
  <wpt lon="8.626149792214743" lat="60.65276333064217">
    <name>Sataslatten Camping</name>
    <sym>Dot</sym>
    <type>Dot</type>
  </wpt>
  <wpt lon="8.562984038772017" lat="60.62656442710778">
    <name>al station</name>
    <sym>Dot</sym>
    <type>Dot</type>
  </wpt>
  <wpt lon="8.565229176744893" lat="60.63177902710466">
    <name>al</name>
    <cmt>al town has a few stores, restaurants and accommodations</cmt>
    <desc>al town has a few stores, restaurants and accommodations</desc>
    <sym>Dot</sym>
    <type>Dot</type>
  </wpt>
  <wpt lon="8.53126776540025" lat="60.615034840553534">
    <name>Strandafjorden</name>
    <sym>Dot</sym>
    <type>Dot</type>
  </wpt>
  <wpt lon="8.208314582679238" lat="60.533893971106394">
    <name>Intersport</name>
    <sym>Dot</sym>
    <type>Dot</type>
  </wpt>
  <wpt lon="8.206783876796715" lat="60.534654415633696">
    <name>Geilo Station</name>
    <sym>Dot</sym>
    <type>Dot</type>
  </wpt>
  <wpt lon="8.208674738906092" lat="60.53469409588432">
    <name>Geilo</name>
    <cmt>town has lots of stores, restaurants, cafes and accommodations</cmt>
    <desc>town has lots of stores, restaurants, cafes and accommodations</desc>
    <sym>Dot</sym>
    <type>Dot</type>
  </wpt>
  <wpt lon="8.154588138207878" lat="60.5310756067019">
    <name>Pavement</name>
    <cmt>Route follows fast road for 14 miles here</cmt>
    <desc>Route follows fast road for 14 miles here</desc>
    <sym>Dot</sym>
    <type>Dot</type>
  </wpt>
  <wpt lon="8.043806813185656" lat="60.49734326051123">
    <name>Ustaoset Station</name>
    <sym>Dot</sym>
    <type>Dot</type>
  </wpt>
  <wpt lon="8.042128176362512" lat="60.49872028543845">
    <name>Ustaoset Joker</name>
    <sym>Dot</sym>
    <type>Dot</type>
  </wpt>
  <wpt lon="7.870139202490665" lat="60.51147008098276">
    <name>Haugastol Station</name>
    <sym>Dot</sym>
    <type>Dot</type>
  </wpt>
  <wpt lon="7.852952746269839" lat="60.51233244554094">
    <name>Haugastol 1000 Hotel</name>
    <sym>Dot</sym>
    <type>Dot</type>
  </wpt>
  <wpt lon="7.85317805182709" lat="60.51213968402845">
    <name>Cafe in Haugastol Hotel</name>
    <sym>Dot</sym>
    <type>Dot</type>
  </wpt>
  <wpt lon="7.852700618622439" lat="60.51213440287495">
    <name>Part of the cafe</name>
    <sym>Dot</sym>
    <type>Dot</type>
  </wpt>
  <wpt lon="7.50556686247303" lat="60.601722276092794">
    <name>Rallar Museum</name>
    <sym>Dot</sym>
    <type>Dot</type>
  </wpt>
  <wpt lon="7.503173015665463" lat="60.601850187932826">
    <name>Hotel Finse 1222</name>
    <sym>Dot</sym>
    <type>Dot</type>
  </wpt>
  <wpt lon="7.503173015665463" lat="60.601850187932826">
    <name>Finse Station</name>
    <sym>Dot</sym>
    <type>Dot</type>
  </wpt>
  <wpt lon="7.381392586371507" lat="60.62167389169992">
    <name>Highest point of the route</name>
    <sym>Dot</sym>
    <type>Dot</type>
  </wpt>
  <wpt lon="7.252995043845188" lat="60.66800179290394">
    <name>Hallingskeid Station</name>
    <sym>Dot</sym>
    <type>Dot</type>
  </wpt>
  <wpt lon="7.1270584851265095" lat="60.74231534194368">
    <name>Flam Zipline</name>
    <cmt>They can send your bike down!</cmt>
    <desc>They can send your bike down!</desc>
    <sym>Dot</sym>
    <type>Dot</type>
  </wpt>
  <wpt lon="7.123875080727583" lat="60.735420989535136">
    <name>Myrdal Station</name>
    <sym>Dot</sym>
    <type>Dot</type>
  </wpt>
  <wpt lon="7.108873091086909" lat="60.75076819359685">
    <name>Rallarosa Cafe</name>
    <cmt>at the bottom of the zipline</cmt>
    <desc>at the bottom of the zipline</desc>
    <sym>Dot</sym>
    <type>Dot</type>
  </wpt>
  <wpt lon="7.108922511186465" lat="60.86292175548057">
    <name>Flam camping</name>
    <sym>Dot</sym>
    <type>Dot</type>
  </wpt>
  <wpt lon="7.114936458690711" lat="60.86259247091824">
    <name>Flam town has a store, restaurants, cafes and accomodations</name>
    <sym>Dot</sym>
    <type>Dot</type>
  </wpt>
  <wpt lon="7.114936458690711" lat="60.86259247091824">
    <name>Ferry Service to Bergen</name>
    <sym>Dot</sym>
    <type>Dot</type>
  </wpt>
  <wpt lon="7.114936458690711" lat="60.86259247091824">
    <name>Flam Mountain</name>
    <cmt>Railway to Myrdal</cmt>
    <desc>Railway to Myrdal</desc>
    <sym>Dot</sym>
    <type>Dot</type>
  </wpt>
  <trk>
    <name>Of Milk and Navvies (Mjølkevegen and Rallarvegen)</name>
    <trkseg>
      <trkpt lat="61.59554" lon="9.74705">
        <ele>239.2</ele>
      </trkpt>
      <trkpt lat="61.59557" lon="9.746969">
        <ele>239.5</ele>
      </trkpt>
      <trkpt lat="61.5956" lon="9.747019">
        <ele>240.2</ele>
      </trkpt>
      <trkpt lat="61.59578" lon="9.74654">
        <ele>239.1</ele>
      </trkpt>
      <trkpt lat="61.59586" lon="9.74642">
        <ele>238.1</ele>
      </trkpt>
      <trkpt lat="61.59611" lon="9.74612">
        <ele>236.5</ele>
      </trkpt>
      <trkpt lat="61.59656" lon="9.74509">
        <ele>232.8</ele>
      </trkpt>
      <trkpt lat="61.59702" lon="9.7442">
        <ele>229.4</ele>
      </trkpt>
      <trkpt lat="61.59747" lon="9.743309">
        <ele>228.2</ele>
      </trkpt>
      <trkpt lat="61.59786" lon="9.74273">
        <ele>228.9</ele>
      </trkpt>
      <trkpt lat="61.5981" lon="9.74246">
        <ele>229.5</ele>
      </trkpt>
      <trkpt lat="61.59819" lon="9.7424">
        <ele>230.1</ele>
      </trkpt>
      <trkpt lat="61.59849" lon="9.74219">
        <ele>230.4</ele>
      </trkpt>
      <trkpt lat="61.59916" lon="9.74188">
        <ele>227.8</ele>
      </trkpt>
      <trkpt lat="61.59924" lon="9.741809">
        <ele>227.4</ele>
      </trkpt>
      <trkpt lat="61.5993" lon="9.7417">
        <ele>227.1</ele>
      </trkpt>
      <trkpt lat="61.59934" lon="9.74149">
        <ele>226.7</ele>
      </trkpt>
      <trkpt lat="61.59935" lon="9.74122">
        <ele>226.2</ele>
      </trkpt>
      <trkpt lat="61.59934" lon="9.7411">
        <ele>226.0</ele>
      </trkpt>
      <trkpt lat="61.5994" lon="9.74108">
        <ele>225.8</ele>
      </trkpt>
      <trkpt lat="61.59932" lon="9.74023">
        <ele>229.0</ele>
      </trkpt>
      <trkpt lat="61.59921" lon="9.7388">
        <ele>234.3</ele>
      </trkpt>
      <trkpt lat="61.59909" lon="9.73733">
        <ele>240.0</ele>
      </trkpt>
      <trkpt lat="61.59907" lon="9.73715">
        <ele>241.4</ele>
      </trkpt>
      <trkpt lat="61.59906" lon="9.73709">
        <ele>241.8</ele>
      </trkpt>
      <trkpt lat="61.59878" lon="9.73705">
        <ele>243.0</ele>
      </trkpt>
      <trkpt lat="61.59857" lon="9.73698">
        <ele>244.0</ele>
      </trkpt>
      <trkpt lat="61.59835" lon="9.73684">
        <ele>244.9</ele>
      </trkpt>
      <trkpt lat="61.59784" lon="9.73644">
        <ele>245.6</ele>
      </trkpt>
      <trkpt lat="61.59737" lon="9.73617">
        <ele>253.8</ele>
      </trkpt>
      <trkpt lat="61.5969" lon="9.7359">
        <ele>254.2</ele>
      </trkpt>
      <trkpt lat="61.59677" lon="9.73589">
        <ele>253.6</ele>
      </trkpt>
      <trkpt lat="61.59678" lon="9.73564">
        <ele>255.1</ele>
      </trkpt>
      <trkpt lat="61.59641" lon="9.73568">
        <ele>254.0</ele>
      </trkpt>
      <trkpt lat="61.59622" lon="9.73518">
        <ele>255.1</ele>
      </trkpt>
      <trkpt lat="61.5962" lon="9.73484">
        <ele>254.3</ele>
      </trkpt>
      <trkpt lat="61.59613" lon="9.7346">
        <ele>254.5</ele>
      </trkpt>
      <trkpt lat="61.59605" lon="9.73422">
        <ele>253.5</ele>
      </trkpt>
      <trkpt lat="61.59591" lon="9.73364">
        <ele>252.8</ele>
      </trkpt>
      <trkpt lat="61.5958" lon="9.73337">
        <ele>252.4</ele>
      </trkpt>
      <trkpt lat="61.59565" lon="9.73265">
        <ele>252.0</ele>
      </trkpt>
      <trkpt lat="61.59559" lon="9.73229">
        <ele>250.8</ele>
      </trkpt>
      <trkpt lat="61.59553" lon="9.73165">
        <ele>249.8</ele>
      </trkpt>
      <trkpt lat="61.59543" lon="9.73146">
        <ele>249.7</ele>
      </trkpt>
      <trkpt lat="61.59536" lon="9.73119">
        <ele>248.8</ele>
      </trkpt>
      <trkpt lat="61.59531" lon="9.730969">
        <ele>248.4</ele>
      </trkpt>
      <trkpt lat="61.5953" lon="9.7309">
        <ele>248.3</ele>
      </trkpt>
      <trkpt lat="61.59523" lon="9.73093">
        <ele>248.6</ele>
      </trkpt>
      <trkpt lat="61.59513" lon="9.73081">
        <ele>248.4</ele>
      </trkpt>
      <trkpt lat="61.59502" lon="9.73048">
        <ele>248.4</ele>
      </trkpt>
      <trkpt lat="61.59491" lon="9.73007">
        <ele>248.4</ele>
      </trkpt>
      <trkpt lat="61.59451" lon="9.72854">
        <ele>252.3</ele>
      </trkpt>
      <trkpt lat="61.59412" lon="9.72701">
        <ele>258.3</ele>
      </trkpt>
      <trkpt lat="61.59372" lon="9.725479">
        <ele>263.0</ele>
      </trkpt>
      <trkpt lat="61.59366" lon="9.72519">
        <ele>264.7</ele>
      </trkpt>
      <trkpt lat="61.59366" lon="9.72501">
        <ele>266.0</ele>
      </trkpt>
      <trkpt lat="61.59369" lon="9.7248">
        <ele>267.6</ele>
      </trkpt>
      <trkpt lat="61.59368" lon="9.72467">
        <ele>269.2</ele>
      </trkpt>
      <trkpt lat="61.59365" lon="9.72449">
        <ele>272.4</ele>
      </trkpt>
      <trkpt lat="61.59362" lon="9.72441">
        <ele>274.4</ele>
      </trkpt>
      <trkpt lat="61.59355" lon="9.72432">
        <ele>277.8</ele>
      </trkpt>
      <trkpt lat="61.59333" lon="9.724259">
        <ele>287.5</ele>
      </trkpt>
      <trkpt lat="61.59327" lon="9.72418">
        <ele>290.7</ele>
      </trkpt>
      <trkpt lat="61.59315" lon="9.72393">
        <ele>298.1</ele>
      </trkpt>
      <trkpt lat="61.59299" lon="9.72358">
        <ele>308.3</ele>
      </trkpt>
      <trkpt lat="61.59297" lon="9.723509">
        <ele>310.1</ele>
      </trkpt>
      <trkpt lat="61.59296" lon="9.72341">
        <ele>312.2</ele>
      </trkpt>
      <trkpt lat="61.59297" lon="9.72316">
        <ele>317.5</ele>
      </trkpt>
      <trkpt lat="61.59295" lon="9.723">
        <ele>321.0</ele>
      </trkpt>
      <trkpt lat="61.59292" lon="9.72289">
        <ele>324.5</ele>
      </trkpt>
      <trkpt lat="61.59284" lon="9.72275">
        <ele>326.3</ele>
      </trkpt>
      <trkpt lat="61.59263" lon="9.72266">
        <ele>323.5</ele>
      </trkpt>
      <trkpt lat="61.59252" lon="9.72252">
        <ele>320.2</ele>
      </trkpt>
      <trkpt lat="61.59205" lon="9.72152">
        <ele>288.8</ele>
      </trkpt>
      <trkpt lat="61.59159" lon="9.72052">
        <ele>274.4</ele>
      </trkpt>
      <trkpt lat="61.59145" lon="9.72027">
        <ele>272.5</ele>
      </trkpt>
      <trkpt lat="61.59125" lon="9.71998">
        <ele>271.9</ele>
      </trkpt>
      <trkpt lat="61.5909" lon="9.71961">
        <ele>275.2</ele>
      </trkpt>
      <trkpt lat="61.5902" lon="9.71892">
        <ele>276.7</ele>
      </trkpt>
      <trkpt lat="61.5897" lon="9.71848">
        <ele>277.2</ele>
      </trkpt>
      <trkpt lat="61.58903" lon="9.71795">
        <ele>284.8</ele>
      </trkpt>
      <trkpt lat="61.58875" lon="9.7177">
        <ele>293.0</ele>
      </trkpt>
      <trkpt lat="61.58817" lon="9.71704">
        <ele>296.6</ele>
      </trkpt>
      <trkpt lat="61.58774" lon="9.7165">
        <ele>298.1</ele>
      </trkpt>
      <trkpt lat="61.58753" lon="9.71625">
        <ele>293.8</ele>
      </trkpt>
      <trkpt lat="61.58734" lon="9.71611">
        <ele>291.9</ele>
      </trkpt>
      <trkpt lat="61.58697" lon="9.71568">
        <ele>293.9</ele>
      </trkpt>
      <trkpt lat="61.58684" lon="9.71557">
        <ele>296.0</ele>
      </trkpt>
      <trkpt lat="61.5867" lon="9.71551">
        <ele>297.6</ele>
      </trkpt>
      <trkpt lat="61.58655" lon="9.7155">
        <ele>298.6</ele>
      </trkpt>
      <trkpt lat="61.5864" lon="9.71555">
        <ele>298.3</ele>
      </trkpt>
      <trkpt lat="61.58628" lon="9.71563">
        <ele>298.0</ele>
      </trkpt>
      <trkpt lat="61.58614" lon="9.71578">
        <ele>295.3</ele>
      </trkpt>
      <trkpt lat="61.58605" lon="9.715909">
        <ele>292.9</ele>
      </trkpt>
      <trkpt lat="61.58597" lon="9.71607">
        <ele>289.9</ele>
      </trkpt>
      <trkpt lat="61.58588" lon="9.71632">
        <ele>285.5</ele>
      </trkpt>
      <trkpt lat="61.58572" lon="9.71696">
        <ele>279.1</ele>
      </trkpt>
      <trkpt lat="61.58557" lon="9.71791">
        <ele>278.9</ele>
      </trkpt>
      <trkpt lat="61.58553" lon="9.71803">
        <ele>279.2</ele>
      </trkpt>
      <trkpt lat="61.58548" lon="9.71822">
        <ele>279.5</ele>
      </trkpt>
      <trkpt lat="61.5854" lon="9.71854">
        <ele>280.1</ele>
      </trkpt>
      <trkpt lat="61.58537" lon="9.71881">
        <ele>280.3</ele>
      </trkpt>
      <trkpt lat="61.58506" lon="9.72031">
        <ele>279.8</ele>
      </trkpt>
      <trkpt lat="61.58475" lon="9.72181">
        <ele>281.2</ele>
      </trkpt>
      <trkpt lat="61.58443" lon="9.72331">
        <ele>278.5</ele>
      </trkpt>
      <trkpt lat="61.58428" lon="9.72391">
        <ele>276.6</ele>
      </trkpt>
      <trkpt lat="61.5841" lon="9.72447">
        <ele>275.1</ele>
      </trkpt>
      <trkpt lat="61.58377" lon="9.72542">
        <ele>273.1</ele>
      </trkpt>
      <trkpt lat="61.58344" lon="9.72636">
        <ele>271.1</ele>
      </trkpt>
      <trkpt lat="61.5833" lon="9.726749">
        <ele>271.5</ele>
      </trkpt>
      <trkpt lat="61.5831" lon="9.72725">
        <ele>272.3</ele>
      </trkpt>
      <trkpt lat="61.58282" lon="9.72783">
        <ele>273.0</ele>
      </trkpt>
      <trkpt lat="61.58256" lon="9.7283">
        <ele>271.9</ele>
      </trkpt>
      <trkpt lat="61.58184" lon="9.72939">
        <ele>268.7</ele>
      </trkpt>
      <trkpt lat="61.58113" lon="9.73047">
        <ele>269.4</ele>
      </trkpt>
      <trkpt lat="61.58091" lon="9.73076">
        <ele>271.0</ele>
      </trkpt>
      <trkpt lat="61.58095" lon="9.7309">
        <ele>270.3</ele>
      </trkpt>
      <trkpt lat="61.58084" lon="9.73106">
        <ele>270.5</ele>
      </trkpt>
      <trkpt lat="61.58038" lon="9.73175">
        <ele>273.9</ele>
      </trkpt>
      <trkpt lat="61.57993" lon="9.73244">
        <ele>277.2</ele>
      </trkpt>
      <trkpt lat="61.57973" lon="9.73281">
        <ele>278.6</ele>
      </trkpt>
      <trkpt lat="61.57947" lon="9.73345">
        <ele>281.5</ele>
      </trkpt>
      <trkpt lat="61.57934" lon="9.733879">
        <ele>282.6</ele>
      </trkpt>
      <trkpt lat="61.57917" lon="9.734629">
        <ele>282.5</ele>
      </trkpt>
      <trkpt lat="61.57893" lon="9.7359">
        <ele>280.7</ele>
      </trkpt>
      <trkpt lat="61.57869" lon="9.73718">
        <ele>281.0</ele>
      </trkpt>
      <trkpt lat="61.57856" lon="9.73803">
        <ele>282.4</ele>
      </trkpt>
      <trkpt lat="61.57844" lon="9.73897">
        <ele>285.1</ele>
      </trkpt>
      <trkpt lat="61.57832" lon="9.73991">
        <ele>287.1</ele>
      </trkpt>
      <trkpt lat="61.5777" lon="9.739369">
        <ele>288.8</ele>
      </trkpt>
      <trkpt lat="61.57736" lon="9.73902">
        <ele>291.0</ele>
      </trkpt>
      <trkpt lat="61.57721" lon="9.7388">
        <ele>292.1</ele>
      </trkpt>
      <trkpt lat="61.5771" lon="9.73856">
        <ele>292.9</ele>
      </trkpt>
      <trkpt lat="61.57691" lon="9.73804">
        <ele>294.6</ele>
      </trkpt>
      <trkpt lat="61.57664" lon="9.73715">
        <ele>295.6</ele>
      </trkpt>
      <trkpt lat="61.57653" lon="9.73688">
        <ele>296.0</ele>
      </trkpt>
      <trkpt lat="61.57642" lon="9.73666">
        <ele>296.8</ele>
      </trkpt>
      <trkpt lat="61.57631" lon="9.73651">
        <ele>297.6</ele>
      </trkpt>
      <trkpt lat="61.57619" lon="9.7364">
        <ele>299.1</ele>
      </trkpt>
      <trkpt lat="61.57609" lon="9.73635">
        <ele>300.4</ele>
      </trkpt>
      <trkpt lat="61.57583" lon="9.73631">
        <ele>303.8</ele>
      </trkpt>
      <trkpt lat="61.57574" lon="9.736319">
        <ele>305.1</ele>
      </trkpt>
      <trkpt lat="61.5756" lon="9.7364">
        <ele>307.2</ele>
      </trkpt>
      <trkpt lat="61.57542" lon="9.73658">
        <ele>309.8</ele>
      </trkpt>
      <trkpt lat="61.57505" lon="9.7373">
        <ele>313.5</ele>
      </trkpt>
      <trkpt lat="61.57468" lon="9.73802">
        <ele>318.3</ele>
      </trkpt>
      <trkpt lat="61.57446" lon="9.73841">
        <ele>321.8</ele>
      </trkpt>
      <trkpt lat="61.57432" lon="9.73853">
        <ele>324.5</ele>
      </trkpt>
      <trkpt lat="61.57417" lon="9.73859">
        <ele>327.0</ele>
      </trkpt>
      <trkpt lat="61.57406" lon="9.73857">
        <ele>329.1</ele>
      </trkpt>
      <trkpt lat="61.57394" lon="9.738479">
        <ele>331.9</ele>
      </trkpt>
      <trkpt lat="61.57385" lon="9.73828">
        <ele>334.5</ele>
      </trkpt>
      <trkpt lat="61.5738" lon="9.73816">
        <ele>335.9</ele>
      </trkpt>
      <trkpt lat="61.57377" lon="9.73796">
        <ele>336.6</ele>
      </trkpt>
      <trkpt lat="61.57376" lon="9.73767">
        <ele>337.7</ele>
      </trkpt>
      <trkpt lat="61.5738" lon="9.73584">
        <ele>342.3</ele>
      </trkpt>
      <trkpt lat="61.57379" lon="9.73468">
        <ele>350.5</ele>
      </trkpt>
      <trkpt lat="61.57377" lon="9.73386">
        <ele>355.4</ele>
      </trkpt>
      <trkpt lat="61.57361" lon="9.73261">
        <ele>362.6</ele>
      </trkpt>
      <trkpt lat="61.57346" lon="9.73135">
        <ele>369.9</ele>
      </trkpt>
      <trkpt lat="61.57329" lon="9.72977">
        <ele>365.2</ele>
      </trkpt>
      <trkpt lat="61.5732" lon="9.72915">
        <ele>369.4</ele>
      </trkpt>
      <trkpt lat="61.57317" lon="9.72871">
        <ele>372.5</ele>
      </trkpt>
      <trkpt lat="61.57317" lon="9.72735">
        <ele>390.4</ele>
      </trkpt>
      <trkpt lat="61.57318" lon="9.72668">
        <ele>397.6</ele>
      </trkpt>
      <trkpt lat="61.57325" lon="9.72568">
        <ele>401.4</ele>
      </trkpt>
      <trkpt lat="61.57332" lon="9.72419">
        <ele>399.3</ele>
      </trkpt>
      <trkpt lat="61.57341" lon="9.7232">
        <ele>396.2</ele>
      </trkpt>
      <trkpt lat="61.5735" lon="9.7222">
        <ele>398.4</ele>
      </trkpt>
      <trkpt lat="61.5736" lon="9.72078">
        <ele>406.2</ele>
      </trkpt>
      <trkpt lat="61.57364" lon="9.71951">
        <ele>415.7</ele>
      </trkpt>
      <trkpt lat="61.57368" lon="9.71825">
        <ele>421.9</ele>
      </trkpt>
      <trkpt lat="61.57374" lon="9.71749">
        <ele>422.9</ele>
      </trkpt>
      <trkpt lat="61.57388" lon="9.71597">
        <ele>425.3</ele>
      </trkpt>
      <trkpt lat="61.5739" lon="9.7155">
        <ele>426.8</ele>
      </trkpt>
      <trkpt lat="61.57386" lon="9.7148">
        <ele>431.6</ele>
      </trkpt>
      <trkpt lat="61.57372" lon="9.71346">
        <ele>442.7</ele>
      </trkpt>
      <trkpt lat="61.57361" lon="9.712109">
        <ele>449.9</ele>
      </trkpt>
      <trkpt lat="61.5736" lon="9.71172">
        <ele>450.8</ele>
      </trkpt>
      <trkpt lat="61.57362" lon="9.71052">
        <ele>449.9</ele>
      </trkpt>
      <trkpt lat="61.5736" lon="9.70973">
        <ele>453.5</ele>
      </trkpt>
      <trkpt lat="61.57351" lon="9.70875">
        <ele>464.8</ele>
      </trkpt>
      <trkpt lat="61.5734" lon="9.70796">
        <ele>472.7</ele>
      </trkpt>
      <trkpt lat="61.57318" lon="9.70691">
        <ele>478.3</ele>
      </trkpt>
      <trkpt lat="61.57297" lon="9.70605">
        <ele>481.1</ele>
      </trkpt>
      <trkpt lat="61.57285" lon="9.70565">
        <ele>481.1</ele>
      </trkpt>
      <trkpt lat="61.57276" lon="9.70541">
        <ele>481.3</ele>
      </trkpt>
      <trkpt lat="61.57256" lon="9.70487">
        <ele>482.1</ele>
      </trkpt>
      <trkpt lat="61.57223" lon="9.70413">
        <ele>486.5</ele>
      </trkpt>
      <trkpt lat="61.57186" lon="9.70339">
        <ele>495.7</ele>
      </trkpt>
      <trkpt lat="61.57167" lon="9.70307">
        <ele>501.2</ele>
      </trkpt>
      <trkpt lat="61.57149" lon="9.70284">
        <ele>505.9</ele>
      </trkpt>
      <trkpt lat="61.57133" lon="9.7027">
        <ele>510.1</ele>
      </trkpt>
      <trkpt lat="61.57102" lon="9.7023">
        <ele>515.7</ele>
      </trkpt>
      <trkpt lat="61.57089" lon="9.70231">
        <ele>518.5</ele>
      </trkpt>
      <trkpt lat="61.57027" lon="9.70171">
        <ele>524.4</ele>
      </trkpt>
      <trkpt lat="61.56966" lon="9.7011">
        <ele>525.5</ele>
      </trkpt>
      <trkpt lat="61.56927" lon="9.70057">
        <ele>523.3</ele>
      </trkpt>
      <trkpt lat="61.56889" lon="9.70003">
        <ele>519.4</ele>
      </trkpt>
      <trkpt lat="61.56838" lon="9.69938">
        <ele>529.4</ele>
      </trkpt>
      <trkpt lat="61.56765" lon="9.69831">
        <ele>541.8</ele>
      </trkpt>
      <trkpt lat="61.56731" lon="9.69787">
        <ele>545.4</ele>
      </trkpt>
      <trkpt lat="61.56721" lon="9.6978">
        <ele>546.4</ele>
      </trkpt>
      <trkpt lat="61.56712" lon="9.6978">
        <ele>547.5</ele>
      </trkpt>
      <trkpt lat="61.56701" lon="9.69785">
        <ele>549.3</ele>
      </trkpt>
      <trkpt lat="61.5669" lon="9.69803">
        <ele>551.4</ele>
      </trkpt>
      <trkpt lat="61.56685" lon="9.69827">
        <ele>552.6</ele>
      </trkpt>
      <trkpt lat="61.56687" lon="9.69852">
        <ele>552.9</ele>
      </trkpt>
      <trkpt lat="61.56697" lon="9.69906">
        <ele>552.1</ele>
      </trkpt>
      <trkpt lat="61.56715" lon="9.69987">
        <ele>550.8</ele>
      </trkpt>
      <trkpt lat="61.56717" lon="9.70007">
        <ele>550.7</ele>
      </trkpt>
      <trkpt lat="61.56717" lon="9.7004">
        <ele>551.4</ele>
      </trkpt>
      <trkpt lat="61.56711" lon="9.70067">
        <ele>552.6</ele>
      </trkpt>
      <trkpt lat="61.56706" lon="9.70078">
        <ele>553.4</ele>
      </trkpt>
      <trkpt lat="61.56697" lon="9.7009">
        <ele>555.0</ele>
      </trkpt>
      <trkpt lat="61.56687" lon="9.70096">
        <ele>556.8</ele>
      </trkpt>
      <trkpt lat="61.56668" lon="9.70091">
        <ele>560.2</ele>
      </trkpt>
      <trkpt lat="61.56624" lon="9.70056">
        <ele>566.1</ele>
      </trkpt>
      <trkpt lat="61.56581" lon="9.70022">
        <ele>569.6</ele>
      </trkpt>
      <trkpt lat="61.56524" lon="9.69987">
        <ele>574.2</ele>
      </trkpt>
      <trkpt lat="61.56468" lon="9.69952">
        <ele>583.7</ele>
      </trkpt>
      <trkpt lat="61.56389" lon="9.69905">
        <ele>596.1</ele>
      </trkpt>
      <trkpt lat="61.56311" lon="9.69857">
        <ele>602.5</ele>
      </trkpt>
      <trkpt lat="61.56232" lon="9.69809">
        <ele>606.3</ele>
      </trkpt>
      <trkpt lat="61.56203" lon="9.697939">
        <ele>612.0</ele>
      </trkpt>
      <trkpt lat="61.5616" lon="9.69779">
        <ele>615.1</ele>
      </trkpt>
      <trkpt lat="61.56134" lon="9.69773">
        <ele>616.3</ele>
      </trkpt>
      <trkpt lat="61.56089" lon="9.6977">
        <ele>619.3</ele>
      </trkpt>
      <trkpt lat="61.56043" lon="9.69774">
        <ele>622.6</ele>
      </trkpt>
      <trkpt lat="61.55998" lon="9.69779">
        <ele>623.3</ele>
      </trkpt>
      <trkpt lat="61.55971" lon="9.69776">
        <ele>624.0</ele>
      </trkpt>
      <trkpt lat="61.55943" lon="9.69766">
        <ele>625.7</ele>
      </trkpt>
      <trkpt lat="61.55894" lon="9.69742">
        <ele>632.0</ele>
      </trkpt>
      <trkpt lat="61.55853" lon="9.6973">
        <ele>640.4</ele>
      </trkpt>
      <trkpt lat="61.55788" lon="9.6972">
        <ele>648.8</ele>
      </trkpt>
      <trkpt lat="61.55773" lon="9.69721">
        <ele>648.9</ele>
      </trkpt>
      <trkpt lat="61.55751" lon="9.69729">
        <ele>648.0</ele>
      </trkpt>
      <trkpt lat="61.55729" lon="9.69745">
        <ele>647.0</ele>
      </trkpt>
      <trkpt lat="61.55656" lon="9.69811">
        <ele>651.4</ele>
      </trkpt>
      <trkpt lat="61.55583" lon="9.69877">
        <ele>662.1</ele>
      </trkpt>
      <trkpt lat="61.55532" lon="9.69915">
        <ele>666.3</ele>
      </trkpt>
      <trkpt lat="61.55481" lon="9.69953">
        <ele>670.4</ele>
      </trkpt>
      <trkpt lat="61.55448" lon="9.69974">
        <ele>674.9</ele>
      </trkpt>
      <trkpt lat="61.55424" lon="9.69976">
        <ele>677.8</ele>
      </trkpt>
      <trkpt lat="61.55405" lon="9.69969">
        <ele>679.2</ele>
      </trkpt>
      <trkpt lat="61.55395" lon="9.69961">
        <ele>679.1</ele>
      </trkpt>
      <trkpt lat="61.55374" lon="9.69936">
        <ele>677.4</ele>
      </trkpt>
      <trkpt lat="61.55328" lon="9.6987">
        <ele>683.3</ele>
      </trkpt>
      <trkpt lat="61.55298" lon="9.69841">
        <ele>686.1</ele>
      </trkpt>
      <trkpt lat="61.5528" lon="9.69834">
        <ele>688.2</ele>
      </trkpt>
      <trkpt lat="61.5522" lon="9.69829">
        <ele>697.2</ele>
      </trkpt>
      <trkpt lat="61.55188" lon="9.69816">
        <ele>702.6</ele>
      </trkpt>
      <trkpt lat="61.55142" lon="9.69779">
        <ele>707.0</ele>
      </trkpt>
      <trkpt lat="61.55095" lon="9.69743">
        <ele>710.2</ele>
      </trkpt>
      <trkpt lat="61.55068" lon="9.69725">
        <ele>713.2</ele>
      </trkpt>
      <trkpt lat="61.55002" lon="9.69689">
        <ele>722.0</ele>
      </trkpt>
      <trkpt lat="61.54937" lon="9.696529">
        <ele>721.8</ele>
      </trkpt>
      <trkpt lat="61.54871" lon="9.69617">
        <ele>725.2</ele>
      </trkpt>
      <trkpt lat="61.54827" lon="9.69589">
        <ele>730.1</ele>
      </trkpt>
      <trkpt lat="61.54782" lon="9.69561">
        <ele>736.0</ele>
      </trkpt>
      <trkpt lat="61.54751" lon="9.69551">
        <ele>739.9</ele>
      </trkpt>
      <trkpt lat="61.54703" lon="9.6954">
        <ele>745.5</ele>
      </trkpt>
      <trkpt lat="61.54675" lon="9.69526">
        <ele>747.4</ele>
      </trkpt>
      <trkpt lat="61.54642" lon="9.695">
        <ele>748.0</ele>
      </trkpt>
      <trkpt lat="61.54607" lon="9.69463">
        <ele>747.0</ele>
      </trkpt>
      <trkpt lat="61.54578" lon="9.69445">
        <ele>747.1</ele>
      </trkpt>
      <trkpt lat="61.5451" lon="9.69427">
        <ele>753.3</ele>
      </trkpt>
      <trkpt lat="61.54458" lon="9.69422">
        <ele>744.8</ele>
      </trkpt>
      <trkpt lat="61.54394" lon="9.6942">
        <ele>749.6</ele>
      </trkpt>
      <trkpt lat="61.54336" lon="9.69403">
        <ele>753.8</ele>
      </trkpt>
      <trkpt lat="61.54278" lon="9.69385">
        <ele>754.7</ele>
      </trkpt>
      <trkpt lat="61.54202" lon="9.69372">
        <ele>755.1</ele>
      </trkpt>
      <trkpt lat="61.54194" lon="9.6936">
        <ele>755.5</ele>
      </trkpt>
      <trkpt lat="61.5415" lon="9.69326">
        <ele>755.8</ele>
      </trkpt>
      <trkpt lat="61.54128" lon="9.69314">
        <ele>756.2</ele>
      </trkpt>
      <trkpt lat="61.54072" lon="9.69295">
        <ele>757.6</ele>
      </trkpt>
      <trkpt lat="61.54059" lon="9.69286">
        <ele>759.5</ele>
      </trkpt>
      <trkpt lat="61.54043" lon="9.69267">
        <ele>760.7</ele>
      </trkpt>
      <trkpt lat="61.54037" lon="9.692589">
        <ele>761.1</ele>
      </trkpt>
      <trkpt lat="61.53996" lon="9.6921">
        <ele>764.3</ele>
      </trkpt>
      <trkpt lat="61.53973" lon="9.69178">
        <ele>765.2</ele>
      </trkpt>
      <trkpt lat="61.53935" lon="9.69124">
        <ele>769.3</ele>
      </trkpt>
      <trkpt lat="61.53898" lon="9.6907">
        <ele>773.6</ele>
      </trkpt>
      <trkpt lat="61.5388" lon="9.69038">
        <ele>775.6</ele>
      </trkpt>
      <trkpt lat="61.53873" lon="9.69023">
        <ele>776.9</ele>
      </trkpt>
      <trkpt lat="61.53859" lon="9.68978">
        <ele>779.4</ele>
      </trkpt>
      <trkpt lat="61.53843" lon="9.689399">
        <ele>781.6</ele>
      </trkpt>
      <trkpt lat="61.5383" lon="9.6892">
        <ele>782.3</ele>
      </trkpt>
      <trkpt lat="61.53821" lon="9.6891">
        <ele>782.4</ele>
      </trkpt>
      <trkpt lat="61.53786" lon="9.68885">
        <ele>780.7</ele>
      </trkpt>
      <trkpt lat="61.5374" lon="9.68863">
        <ele>776.3</ele>
      </trkpt>
      <trkpt lat="61.53672" lon="9.68854">
        <ele>775.9</ele>
      </trkpt>
      <trkpt lat="61.53621" lon="9.688459">
        <ele>774.2</ele>
      </trkpt>
      <trkpt lat="61.53565" lon="9.68843">
        <ele>777.5</ele>
      </trkpt>
      <trkpt lat="61.53488" lon="9.68847">
        <ele>779.0</ele>
      </trkpt>
      <trkpt lat="61.5341" lon="9.68851">
        <ele>777.6</ele>
      </trkpt>
      <trkpt lat="61.53333" lon="9.68855">
        <ele>790.8</ele>
      </trkpt>
      <trkpt lat="61.53255" lon="9.68859">
        <ele>805.2</ele>
      </trkpt>
      <trkpt lat="61.53227" lon="9.68868">
        <ele>801.8</ele>
      </trkpt>
      <trkpt lat="61.53181" lon="9.68896">
        <ele>800.9</ele>
      </trkpt>
      <trkpt lat="61.53171" lon="9.68898">
        <ele>802.7</ele>
      </trkpt>
      <trkpt lat="61.5315" lon="9.68895">
        <ele>807.0</ele>
      </trkpt>
      <trkpt lat="61.53139" lon="9.68889">
        <ele>808.2</ele>
      </trkpt>
      <trkpt lat="61.53122" lon="9.6887">
        <ele>810.0</ele>
      </trkpt>
      <trkpt lat="61.53102" lon="9.688319">
        <ele>809.9</ele>
      </trkpt>
      <trkpt lat="61.53073" lon="9.68769">
        <ele>810.9</ele>
      </trkpt>
      <trkpt lat="61.53023" lon="9.6869">
        <ele>812.2</ele>
      </trkpt>
      <trkpt lat="61.53015" lon="9.68667">
        <ele>812.6</ele>
      </trkpt>
      <trkpt lat="61.53012" lon="9.68642">
        <ele>812.9</ele>
      </trkpt>
      <trkpt lat="61.53011" lon="9.68629">
        <ele>812.9</ele>
      </trkpt>
      <trkpt lat="61.53013" lon="9.68609">
        <ele>813.5</ele>
      </trkpt>
      <trkpt lat="61.53016" lon="9.68598">
        <ele>814.1</ele>
      </trkpt>
      <trkpt lat="61.53026" lon="9.68575">
        <ele>815.3</ele>
      </trkpt>
      <trkpt lat="61.53033" lon="9.68567">
        <ele>815.8</ele>
      </trkpt>
      <trkpt lat="61.53043" lon="9.68562">
        <ele>816.4</ele>
      </trkpt>
      <trkpt lat="61.53077" lon="9.685549">
        <ele>819.1</ele>
      </trkpt>
      <trkpt lat="61.53109" lon="9.68537">
        <ele>822.0</ele>
      </trkpt>
      <trkpt lat="61.5317" lon="9.68477">
        <ele>830.3</ele>
      </trkpt>
      <trkpt lat="61.53232" lon="9.68418">
        <ele>836.7</ele>
      </trkpt>
      <trkpt lat="61.53266" lon="9.68381">
        <ele>840.7</ele>
      </trkpt>
      <trkpt lat="61.53298" lon="9.6834">
        <ele>844.9</ele>
      </trkpt>
      <trkpt lat="61.53326" lon="9.68294">
        <ele>849.1</ele>
      </trkpt>
      <trkpt lat="61.53353" lon="9.68232">
        <ele>853.0</ele>
      </trkpt>
      <trkpt lat="61.53371" lon="9.68182">
        <ele>855.9</ele>
      </trkpt>
      <trkpt lat="61.53379" lon="9.68151">
        <ele>859.1</ele>
      </trkpt>
      <trkpt lat="61.53393" lon="9.68089">
        <ele>864.9</ele>
      </trkpt>
      <trkpt lat="61.53404" lon="9.68024">
        <ele>870.5</ele>
      </trkpt>
      <trkpt lat="61.53408" lon="9.6799">
        <ele>872.2</ele>
      </trkpt>
      <trkpt lat="61.53412" lon="9.67923">
        <ele>876.4</ele>
      </trkpt>
      <trkpt lat="61.53413" lon="9.6778">
        <ele>881.3</ele>
      </trkpt>
      <trkpt lat="61.53416" lon="9.67709">
        <ele>882.5</ele>
      </trkpt>
      <trkpt lat="61.53434" lon="9.67554">
        <ele>884.5</ele>
      </trkpt>
      <trkpt lat="61.53451" lon="9.674">
        <ele>886.6</ele>
      </trkpt>
      <trkpt lat="61.53469" lon="9.67245">
        <ele>890.3</ele>
      </trkpt>
      <trkpt lat="61.53487" lon="9.670909">
        <ele>897.2</ele>
      </trkpt>
      <trkpt lat="61.53495" lon="9.6704">
        <ele>899.4</ele>
      </trkpt>
      <trkpt lat="61.53512" lon="9.66965">
        <ele>901.8</ele>
      </trkpt>
      <trkpt lat="61.53524" lon="9.66923">
        <ele>902.9</ele>
      </trkpt>
      <trkpt lat="61.53534" lon="9.66871">
        <ele>905.5</ele>
      </trkpt>
      <trkpt lat="61.53539" lon="9.6682">
        <ele>909.1</ele>
      </trkpt>
      <trkpt lat="61.53548" lon="9.66668">
        <ele>919.8</ele>
      </trkpt>
      <trkpt lat="61.5355" lon="9.66599">
        <ele>922.9</ele>
      </trkpt>
      <trkpt lat="61.53547" lon="9.665609">
        <ele>924.3</ele>
      </trkpt>
      <trkpt lat="61.53541" lon="9.665279">
        <ele>925.5</ele>
      </trkpt>
      <trkpt lat="61.53536" lon="9.66508">
        <ele>926.6</ele>
      </trkpt>
      <trkpt lat="61.53522" lon="9.66472">
        <ele>928.5</ele>
      </trkpt>
      <trkpt lat="61.53507" lon="9.66444">
        <ele>930.0</ele>
      </trkpt>
      <trkpt lat="61.53491" lon="9.66426">
        <ele>931.2</ele>
      </trkpt>
      <trkpt lat="61.53446" lon="9.66408">
        <ele>932.3</ele>
      </trkpt>
      <trkpt lat="61.53427" lon="9.66394">
        <ele>932.3</ele>
      </trkpt>
      <trkpt lat="61.53412" lon="9.66372">
        <ele>933.1</ele>
      </trkpt>
      <trkpt lat="61.534" lon="9.6634">
        <ele>933.1</ele>
      </trkpt>
      <trkpt lat="61.53394" lon="9.6631">
        <ele>933.7</ele>
      </trkpt>
      <trkpt lat="61.53392" lon="9.66295">
        <ele>934.1</ele>
      </trkpt>
      <trkpt lat="61.53392" lon="9.66264">
        <ele>934.8</ele>
      </trkpt>
      <trkpt lat="61.53401" lon="9.66215">
        <ele>935.8</ele>
      </trkpt>
      <trkpt lat="61.53423" lon="9.66132">
        <ele>938.0</ele>
      </trkpt>
      <trkpt lat="61.5343" lon="9.661149">
        <ele>938.6</ele>
      </trkpt>
      <trkpt lat="61.53462" lon="9.66058">
        <ele>941.4</ele>
      </trkpt>
      <trkpt lat="61.53488" lon="9.66029">
        <ele>943.7</ele>
      </trkpt>
      <trkpt lat="61.5353" lon="9.65961">
        <ele>947.7</ele>
      </trkpt>
      <trkpt lat="61.53549" lon="9.65921">
        <ele>950.3</ele>
      </trkpt>
      <trkpt lat="61.53567" lon="9.65877">
        <ele>954.4</ele>
      </trkpt>
      <trkpt lat="61.53583" lon="9.65821">
        <ele>957.4</ele>
      </trkpt>
      <trkpt lat="61.53607" lon="9.65698">
        <ele>958.7</ele>
      </trkpt>
      <trkpt lat="61.53627" lon="9.65606">
        <ele>958.1</ele>
      </trkpt>
      <trkpt lat="61.53646" lon="9.65514">
        <ele>956.5</ele>
      </trkpt>
      <trkpt lat="61.53664" lon="9.65451">
        <ele>956.9</ele>
      </trkpt>
      <trkpt lat="61.53693" lon="9.6537">
        <ele>957.3</ele>
      </trkpt>
      <trkpt lat="61.53721" lon="9.65289">
        <ele>957.0</ele>
      </trkpt>
      <trkpt lat="61.53735" lon="9.65242">
        <ele>956.2</ele>
      </trkpt>
      <trkpt lat="61.53741" lon="9.65215">
        <ele>955.2</ele>
      </trkpt>
      <trkpt lat="61.53757" lon="9.65101">
        <ele>948.5</ele>
      </trkpt>
      <trkpt lat="61.53766" lon="9.64996">
        <ele>943.0</ele>
      </trkpt>
      <trkpt lat="61.53774" lon="9.64937">
        <ele>940.8</ele>
      </trkpt>
      <trkpt lat="61.53787" lon="9.6486">
        <ele>937.5</ele>
      </trkpt>
      <trkpt lat="61.53804" lon="9.64703">
        <ele>932.6</ele>
      </trkpt>
      <trkpt lat="61.53815" lon="9.6464">
        <ele>931.3</ele>
      </trkpt>
      <trkpt lat="61.53833" lon="9.64579">
        <ele>932.3</ele>
      </trkpt>
      <trkpt lat="61.53863" lon="9.64502">
        <ele>935.9</ele>
      </trkpt>
      <trkpt lat="61.53868" lon="9.64481">
        <ele>937.0</ele>
      </trkpt>
      <trkpt lat="61.53872" lon="9.644539">
        <ele>937.8</ele>
      </trkpt>
      <trkpt lat="61.53873" lon="9.64419">
        <ele>938.7</ele>
      </trkpt>
      <trkpt lat="61.53871" lon="9.644069">
        <ele>938.5</ele>
      </trkpt>
      <trkpt lat="61.53871" lon="9.64396">
        <ele>938.8</ele>
      </trkpt>
      <trkpt lat="61.53858" lon="9.64347">
        <ele>938.2</ele>
      </trkpt>
      <trkpt lat="61.5385" lon="9.64325">
        <ele>938.0</ele>
      </trkpt>
      <trkpt lat="61.53815" lon="9.64255">
        <ele>936.4</ele>
      </trkpt>
      <trkpt lat="61.5381" lon="9.64237">
        <ele>936.0</ele>
      </trkpt>
      <trkpt lat="61.53799" lon="9.64161">
        <ele>936.0</ele>
      </trkpt>
      <trkpt lat="61.53798" lon="9.64134">
        <ele>935.9</ele>
      </trkpt>
      <trkpt lat="61.53794" lon="9.64108">
        <ele>935.3</ele>
      </trkpt>
      <trkpt lat="61.53792" lon="9.64081">
        <ele>935.6</ele>
      </trkpt>
      <trkpt lat="61.53786" lon="9.64057">
        <ele>934.9</ele>
      </trkpt>
      <trkpt lat="61.53781" lon="9.64003">
        <ele>933.7</ele>
      </trkpt>
      <trkpt lat="61.53779" lon="9.63941">
        <ele>932.4</ele>
      </trkpt>
      <trkpt lat="61.53781" lon="9.63836">
        <ele>930.4</ele>
      </trkpt>
      <trkpt lat="61.53787" lon="9.63781">
        <ele>929.8</ele>
      </trkpt>
      <trkpt lat="61.53789" lon="9.637269">
        <ele>928.2</ele>
      </trkpt>
      <trkpt lat="61.53788" lon="9.63685">
        <ele>927.2</ele>
      </trkpt>
      <trkpt lat="61.53785" lon="9.63621">
        <ele>924.8</ele>
      </trkpt>
      <trkpt lat="61.53779" lon="9.63569">
        <ele>922.3</ele>
      </trkpt>
      <trkpt lat="61.53779" lon="9.6355">
        <ele>922.3</ele>
      </trkpt>
      <trkpt lat="61.53779" lon="9.63531">
        <ele>921.9</ele>
      </trkpt>
      <trkpt lat="61.53786" lon="9.63468">
        <ele>922.9</ele>
      </trkpt>
      <trkpt lat="61.53787" lon="9.63443">
        <ele>923.2</ele>
      </trkpt>
      <trkpt lat="61.53786" lon="9.63408">
        <ele>923.6</ele>
      </trkpt>
      <trkpt lat="61.53781" lon="9.63351">
        <ele>923.9</ele>
      </trkpt>
      <trkpt lat="61.53778" lon="9.63324">
        <ele>924.4</ele>
      </trkpt>
      <trkpt lat="61.5376" lon="9.63263">
        <ele>924.3</ele>
      </trkpt>
      <trkpt lat="61.53745" lon="9.632">
        <ele>923.6</ele>
      </trkpt>
      <trkpt lat="61.53731" lon="9.631169">
        <ele>924.4</ele>
      </trkpt>
      <trkpt lat="61.53718" lon="9.62973">
        <ele>925.2</ele>
      </trkpt>
      <trkpt lat="61.53709" lon="9.62922">
        <ele>919.9</ele>
      </trkpt>
      <trkpt lat="61.53705" lon="9.62839">
        <ele>918.0</ele>
      </trkpt>
      <trkpt lat="61.53694" lon="9.62763">
        <ele>914.4</ele>
      </trkpt>
      <trkpt lat="61.53697" lon="9.62706">
        <ele>915.3</ele>
      </trkpt>
      <trkpt lat="61.537" lon="9.62569">
        <ele>915.3</ele>
      </trkpt>
      <trkpt lat="61.53693" lon="9.6251">
        <ele>912.5</ele>
      </trkpt>
      <trkpt lat="61.5369" lon="9.62462">
        <ele>910.8</ele>
      </trkpt>
      <trkpt lat="61.53696" lon="9.62379">
        <ele>911.1</ele>
      </trkpt>
      <trkpt lat="61.53709" lon="9.62249">
        <ele>915.7</ele>
      </trkpt>
      <trkpt lat="61.53718" lon="9.62103">
        <ele>911.4</ele>
      </trkpt>
      <trkpt lat="61.5372" lon="9.6204">
        <ele>909.1</ele>
      </trkpt>
      <trkpt lat="61.53726" lon="9.61931">
        <ele>906.7</ele>
      </trkpt>
      <trkpt lat="61.53723" lon="9.61853">
        <ele>903.3</ele>
      </trkpt>
      <trkpt lat="61.53724" lon="9.61761">
        <ele>900.5</ele>
      </trkpt>
      <trkpt lat="61.53724" lon="9.61678">
        <ele>898.9</ele>
      </trkpt>
      <trkpt lat="61.53723" lon="9.61597">
        <ele>897.7</ele>
      </trkpt>
      <trkpt lat="61.53724" lon="9.61565">
        <ele>896.9</ele>
      </trkpt>
      <trkpt lat="61.5373" lon="9.6149">
        <ele>898.5</ele>
      </trkpt>
      <trkpt lat="61.53732" lon="9.61426">
        <ele>898.1</ele>
      </trkpt>
      <trkpt lat="61.53731" lon="9.61391">
        <ele>897.9</ele>
      </trkpt>
      <trkpt lat="61.53728" lon="9.61371">
        <ele>897.1</ele>
      </trkpt>
      <trkpt lat="61.53716" lon="9.61345">
        <ele>893.7</ele>
      </trkpt>
      <trkpt lat="61.53697" lon="9.61332">
        <ele>890.8</ele>
      </trkpt>
      <trkpt lat="61.53666" lon="9.61318">
        <ele>889.0</ele>
      </trkpt>
      <trkpt lat="61.53643" lon="9.61298">
        <ele>888.9</ele>
      </trkpt>
      <trkpt lat="61.53599" lon="9.6125">
        <ele>889.5</ele>
      </trkpt>
      <trkpt lat="61.53591" lon="9.61231">
        <ele>889.6</ele>
      </trkpt>
      <trkpt lat="61.53558" lon="9.61134">
        <ele>890.2</ele>
      </trkpt>
      <trkpt lat="61.53552" lon="9.61111">
        <ele>889.9</ele>
      </trkpt>
      <trkpt lat="61.53544" lon="9.61064">
        <ele>890.4</ele>
      </trkpt>
      <trkpt lat="61.53543" lon="9.61033">
        <ele>891.1</ele>
      </trkpt>
      <trkpt lat="61.53544" lon="9.61016">
        <ele>891.2</ele>
      </trkpt>
      <trkpt lat="61.53549" lon="9.60976">
        <ele>891.8</ele>
      </trkpt>
      <trkpt lat="61.53556" lon="9.60925">
        <ele>892.6</ele>
      </trkpt>
      <trkpt lat="61.53557" lon="9.608879">
        <ele>893.1</ele>
      </trkpt>
      <trkpt lat="61.53553" lon="9.60864">
        <ele>892.4</ele>
      </trkpt>
      <trkpt lat="61.53531" lon="9.60801">
        <ele>889.8</ele>
      </trkpt>
      <trkpt lat="61.53523" lon="9.60773">
        <ele>889.3</ele>
      </trkpt>
      <trkpt lat="61.53519" lon="9.6074">
        <ele>889.2</ele>
      </trkpt>
      <trkpt lat="61.53519" lon="9.60711">
        <ele>889.2</ele>
      </trkpt>
      <trkpt lat="61.53526" lon="9.60669">
        <ele>889.6</ele>
      </trkpt>
      <trkpt lat="61.53549" lon="9.60558">
        <ele>887.7</ele>
      </trkpt>
      <trkpt lat="61.53552" lon="9.60524">
        <ele>886.5</ele>
      </trkpt>
      <trkpt lat="61.53554" lon="9.604749">
        <ele>884.6</ele>
      </trkpt>
      <trkpt lat="61.53559" lon="9.60432">
        <ele>883.1</ele>
      </trkpt>
      <trkpt lat="61.53567" lon="9.60393">
        <ele>880.7</ele>
      </trkpt>
      <trkpt lat="61.53582" lon="9.60337">
        <ele>878.9</ele>
      </trkpt>
      <trkpt lat="61.53582" lon="9.60312">
        <ele>877.7</ele>
      </trkpt>
      <trkpt lat="61.53578" lon="9.60294">
        <ele>877.1</ele>
      </trkpt>
      <trkpt lat="61.53572" lon="9.60286">
        <ele>876.8</ele>
      </trkpt>
      <trkpt lat="61.53568" lon="9.60284">
        <ele>876.7</ele>
      </trkpt>
      <trkpt lat="61.53556" lon="9.60287">
        <ele>876.8</ele>
      </trkpt>
      <trkpt lat="61.53551" lon="9.602919">
        <ele>877.0</ele>
      </trkpt>
      <trkpt lat="61.53518" lon="9.60346">
        <ele>879.8</ele>
      </trkpt>
      <trkpt lat="61.53498" lon="9.60361">
        <ele>881.6</ele>
      </trkpt>
      <trkpt lat="61.53482" lon="9.60365">
        <ele>881.9</ele>
      </trkpt>
      <trkpt lat="61.53467" lon="9.6036">
        <ele>881.7</ele>
      </trkpt>
      <trkpt lat="61.53459" lon="9.60352">
        <ele>881.8</ele>
      </trkpt>
      <trkpt lat="61.53446" lon="9.60327">
        <ele>880.3</ele>
      </trkpt>
      <trkpt lat="61.53442" lon="9.60304">
        <ele>879.8</ele>
      </trkpt>
      <trkpt lat="61.53442" lon="9.60276">
        <ele>880.3</ele>
      </trkpt>
      <trkpt lat="61.53444" lon="9.6024">
        <ele>880.1</ele>
      </trkpt>
      <trkpt lat="61.53451" lon="9.60193">
        <ele>878.0</ele>
      </trkpt>
      <trkpt lat="61.53452" lon="9.60169">
        <ele>877.0</ele>
      </trkpt>
      <trkpt lat="61.53447" lon="9.60111">
        <ele>875.8</ele>
      </trkpt>
      <trkpt lat="61.53439" lon="9.6008">
        <ele>876.4</ele>
      </trkpt>
      <trkpt lat="61.53433" lon="9.60064">
        <ele>876.8</ele>
      </trkpt>
      <trkpt lat="61.534" lon="9.59977">
        <ele>878.1</ele>
      </trkpt>
      <trkpt lat="61.5337" lon="9.59906">
        <ele>878.2</ele>
      </trkpt>
      <trkpt lat="61.53352" lon="9.59855">
        <ele>878.1</ele>
      </trkpt>
      <trkpt lat="61.53341" lon="9.59816">
        <ele>878.0</ele>
      </trkpt>
      <trkpt lat="61.53327" lon="9.59755">
        <ele>877.7</ele>
      </trkpt>
      <trkpt lat="61.53314" lon="9.59686">
        <ele>877.0</ele>
      </trkpt>
      <trkpt lat="61.53307" lon="9.59635">
        <ele>873.6</ele>
      </trkpt>
      <trkpt lat="61.53303" lon="9.59576">
        <ele>870.8</ele>
      </trkpt>
      <trkpt lat="61.53299" lon="9.59557">
        <ele>869.8</ele>
      </trkpt>
      <trkpt lat="61.53291" lon="9.59538">
        <ele>868.8</ele>
      </trkpt>
      <trkpt lat="61.5328" lon="9.5953">
        <ele>867.7</ele>
      </trkpt>
      <trkpt lat="61.53275" lon="9.5953">
        <ele>867.4</ele>
      </trkpt>
      <trkpt lat="61.53241" lon="9.59551">
        <ele>864.9</ele>
      </trkpt>
      <trkpt lat="61.53235" lon="9.59552">
        <ele>864.3</ele>
      </trkpt>
      <trkpt lat="61.53225" lon="9.59549">
        <ele>863.5</ele>
      </trkpt>
      <trkpt lat="61.53213" lon="9.59537">
        <ele>862.2</ele>
      </trkpt>
      <trkpt lat="61.5317" lon="9.59484">
        <ele>860.9</ele>
      </trkpt>
      <trkpt lat="61.53129" lon="9.59441">
        <ele>858.2</ele>
      </trkpt>
      <trkpt lat="61.53089" lon="9.59394">
        <ele>854.7</ele>
      </trkpt>
      <trkpt lat="61.53072" lon="9.59379">
        <ele>854.1</ele>
      </trkpt>
      <trkpt lat="61.53029" lon="9.59353">
        <ele>853.1</ele>
      </trkpt>
      <trkpt lat="61.52987" lon="9.59339">
        <ele>852.7</ele>
      </trkpt>
      <trkpt lat="61.52979" lon="9.59338">
        <ele>852.8</ele>
      </trkpt>
      <trkpt lat="61.52956" lon="9.59347">
        <ele>854.0</ele>
      </trkpt>
      <trkpt lat="61.52944" lon="9.59351">
        <ele>854.2</ele>
      </trkpt>
      <trkpt lat="61.52934" lon="9.5935">
        <ele>854.2</ele>
      </trkpt>
      <trkpt lat="61.52922" lon="9.59341">
        <ele>853.0</ele>
      </trkpt>
      <trkpt lat="61.52914" lon="9.59331">
        <ele>851.3</ele>
      </trkpt>
      <trkpt lat="61.5289" lon="9.59279">
        <ele>844.0</ele>
      </trkpt>
      <trkpt lat="61.52882" lon="9.59271">
        <ele>843.9</ele>
      </trkpt>
      <trkpt lat="61.52863" lon="9.59268">
        <ele>844.8</ele>
      </trkpt>
      <trkpt lat="61.52825" lon="9.59271">
        <ele>847.5</ele>
      </trkpt>
      <trkpt lat="61.52812" lon="9.59263">
        <ele>848.3</ele>
      </trkpt>
      <trkpt lat="61.52804" lon="9.59245">
        <ele>848.6</ele>
      </trkpt>
      <trkpt lat="61.5279" lon="9.59165">
        <ele>849.1</ele>
      </trkpt>
      <trkpt lat="61.5278" lon="9.59132">
        <ele>849.8</ele>
      </trkpt>
      <trkpt lat="61.52755" lon="9.5908">
        <ele>852.8</ele>
      </trkpt>
      <trkpt lat="61.52733" lon="9.59041">
        <ele>855.1</ele>
      </trkpt>
      <trkpt lat="61.52699" lon="9.58992">
        <ele>857.5</ele>
      </trkpt>
      <trkpt lat="61.52689" lon="9.58968">
        <ele>857.8</ele>
      </trkpt>
      <trkpt lat="61.5268" lon="9.58931">
        <ele>857.0</ele>
      </trkpt>
      <trkpt lat="61.52672" lon="9.5891">
        <ele>856.5</ele>
      </trkpt>
      <trkpt lat="61.5264" lon="9.5885">
        <ele>852.2</ele>
      </trkpt>
      <trkpt lat="61.52632" lon="9.58827">
        <ele>850.2</ele>
      </trkpt>
      <trkpt lat="61.52647" lon="9.58757">
        <ele>849.1</ele>
      </trkpt>
      <trkpt lat="61.52663" lon="9.587">
        <ele>848.4</ele>
      </trkpt>
      <trkpt lat="61.52689" lon="9.58574">
        <ele>848.7</ele>
      </trkpt>
      <trkpt lat="61.52694" lon="9.58543">
        <ele>848.5</ele>
      </trkpt>
      <trkpt lat="61.527" lon="9.58474">
        <ele>847.0</ele>
      </trkpt>
      <trkpt lat="61.5272" lon="9.5836">
        <ele>842.7</ele>
      </trkpt>
      <trkpt lat="61.52736" lon="9.583119">
        <ele>840.7</ele>
      </trkpt>
      <trkpt lat="61.52741" lon="9.58292">
        <ele>840.2</ele>
      </trkpt>
      <trkpt lat="61.52743" lon="9.58267">
        <ele>840.0</ele>
      </trkpt>
      <trkpt lat="61.52748" lon="9.58144">
        <ele>836.7</ele>
      </trkpt>
      <trkpt lat="61.52751" lon="9.58111">
        <ele>836.3</ele>
      </trkpt>
      <trkpt lat="61.52757" lon="9.58072">
        <ele>835.6</ele>
      </trkpt>
      <trkpt lat="61.52777" lon="9.57969">
        <ele>836.1</ele>
      </trkpt>
      <trkpt lat="61.52788" lon="9.57916">
        <ele>836.9</ele>
      </trkpt>
      <trkpt lat="61.52791" lon="9.57898">
        <ele>836.9</ele>
      </trkpt>
      <trkpt lat="61.52791" lon="9.57863">
        <ele>836.4</ele>
      </trkpt>
      <trkpt lat="61.52768" lon="9.57711">
        <ele>825.5</ele>
      </trkpt>
      <trkpt lat="61.52763" lon="9.57637">
        <ele>823.0</ele>
      </trkpt>
      <trkpt lat="61.52763" lon="9.57596">
        <ele>823.9</ele>
      </trkpt>
      <trkpt lat="61.52776" lon="9.57445">
        <ele>814.7</ele>
      </trkpt>
      <trkpt lat="61.5278" lon="9.57351">
        <ele>814.0</ele>
      </trkpt>
      <trkpt lat="61.52782" lon="9.57252">
        <ele>813.0</ele>
      </trkpt>
      <trkpt lat="61.52785" lon="9.571529">
        <ele>813.8</ele>
      </trkpt>
      <trkpt lat="61.52782" lon="9.57131">
        <ele>814.9</ele>
      </trkpt>
      <trkpt lat="61.52776" lon="9.5711">
        <ele>815.5</ele>
      </trkpt>
      <trkpt lat="61.52757" lon="9.5707">
        <ele>815.7</ele>
      </trkpt>
      <trkpt lat="61.52701" lon="9.56999">
        <ele>819.7</ele>
      </trkpt>
      <trkpt lat="61.52646" lon="9.56903">
        <ele>825.0</ele>
      </trkpt>
      <trkpt lat="61.52619" lon="9.568619">
        <ele>825.4</ele>
      </trkpt>
      <trkpt lat="61.52547" lon="9.56778">
        <ele>822.4</ele>
      </trkpt>
      <trkpt lat="61.52541" lon="9.56765">
        <ele>822.1</ele>
      </trkpt>
      <trkpt lat="61.52538" lon="9.56754">
        <ele>821.8</ele>
      </trkpt>
      <trkpt lat="61.52538" lon="9.56737">
        <ele>821.2</ele>
      </trkpt>
      <trkpt lat="61.52549" lon="9.5667">
        <ele>818.4</ele>
      </trkpt>
      <trkpt lat="61.5257" lon="9.56621">
        <ele>816.0</ele>
      </trkpt>
      <trkpt lat="61.52596" lon="9.56527">
        <ele>814.0</ele>
      </trkpt>
      <trkpt lat="61.52626" lon="9.56381">
        <ele>813.0</ele>
      </trkpt>
      <trkpt lat="61.52643" lon="9.562569">
        <ele>813.2</ele>
      </trkpt>
      <trkpt lat="61.52661" lon="9.56133">
        <ele>812.0</ele>
      </trkpt>
      <trkpt lat="61.52686" lon="9.56048">
        <ele>807.0</ele>
      </trkpt>
      <trkpt lat="61.52709" lon="9.55965">
        <ele>803.2</ele>
      </trkpt>
      <trkpt lat="61.52733" lon="9.55882">
        <ele>804.2</ele>
      </trkpt>
      <trkpt lat="61.52743" lon="9.55842">
        <ele>806.1</ele>
      </trkpt>
      <trkpt lat="61.5275" lon="9.55803">
        <ele>808.2</ele>
      </trkpt>
      <trkpt lat="61.52751" lon="9.557829">
        <ele>809.6</ele>
      </trkpt>
      <trkpt lat="61.52751" lon="9.55766">
        <ele>810.8</ele>
      </trkpt>
      <trkpt lat="61.52747" lon="9.55739">
        <ele>812.7</ele>
      </trkpt>
      <trkpt lat="61.52732" lon="9.55692">
        <ele>814.5</ele>
      </trkpt>
      <trkpt lat="61.52728" lon="9.55663">
        <ele>814.9</ele>
      </trkpt>
      <trkpt lat="61.52727" lon="9.55645">
        <ele>815.0</ele>
      </trkpt>
      <trkpt lat="61.52732" lon="9.5559">
        <ele>815.4</ele>
      </trkpt>
      <trkpt lat="61.52733" lon="9.555389">
        <ele>816.2</ele>
      </trkpt>
      <trkpt lat="61.52732" lon="9.55523">
        <ele>816.8</ele>
      </trkpt>
      <trkpt lat="61.52728" lon="9.55495">
        <ele>816.8</ele>
      </trkpt>
      <trkpt lat="61.52725" lon="9.55479">
        <ele>816.0</ele>
      </trkpt>
      <trkpt lat="61.52697" lon="9.55377">
        <ele>814.4</ele>
      </trkpt>
      <trkpt lat="61.52684" lon="9.55322">
        <ele>815.8</ele>
      </trkpt>
      <trkpt lat="61.52678" lon="9.55291">
        <ele>815.1</ele>
      </trkpt>
      <trkpt lat="61.52669" lon="9.55198">
        <ele>814.8</ele>
      </trkpt>
      <trkpt lat="61.52662" lon="9.55174">
        <ele>815.3</ele>
      </trkpt>
      <trkpt lat="61.52636" lon="9.55116">
        <ele>816.8</ele>
      </trkpt>
      <trkpt lat="61.52629" lon="9.550929">
        <ele>817.7</ele>
      </trkpt>
      <trkpt lat="61.52625" lon="9.55059">
        <ele>818.0</ele>
      </trkpt>
      <trkpt lat="61.52625" lon="9.55035">
        <ele>818.2</ele>
      </trkpt>
      <trkpt lat="61.52631" lon="9.54961">
        <ele>820.0</ele>
      </trkpt>
      <trkpt lat="61.52649" lon="9.54838">
        <ele>828.7</ele>
      </trkpt>
      <trkpt lat="61.52661" lon="9.54778">
        <ele>831.8</ele>
      </trkpt>
      <trkpt lat="61.52682" lon="9.54703">
        <ele>834.4</ele>
      </trkpt>
      <trkpt lat="61.52689" lon="9.54665">
        <ele>836.6</ele>
      </trkpt>
      <trkpt lat="61.52699" lon="9.54625">
        <ele>838.7</ele>
      </trkpt>
      <trkpt lat="61.5271" lon="9.5456">
        <ele>841.3</ele>
      </trkpt>
      <trkpt lat="61.52719" lon="9.54486">
        <ele>843.7</ele>
      </trkpt>
      <trkpt lat="61.52719" lon="9.544409">
        <ele>845.7</ele>
      </trkpt>
      <trkpt lat="61.52714" lon="9.54372">
        <ele>848.9</ele>
      </trkpt>
      <trkpt lat="61.52713" lon="9.54322">
        <ele>850.0</ele>
      </trkpt>
      <trkpt lat="61.52713" lon="9.54263">
        <ele>851.0</ele>
      </trkpt>
      <trkpt lat="61.52712" lon="9.5421">
        <ele>852.2</ele>
      </trkpt>
      <trkpt lat="61.52709" lon="9.54182">
        <ele>852.9</ele>
      </trkpt>
      <trkpt lat="61.52702" lon="9.54146">
        <ele>853.7</ele>
      </trkpt>
      <trkpt lat="61.52671" lon="9.54043">
        <ele>853.0</ele>
      </trkpt>
      <trkpt lat="61.52664" lon="9.540139">
        <ele>851.4</ele>
      </trkpt>
      <trkpt lat="61.52655" lon="9.53959">
        <ele>846.3</ele>
      </trkpt>
      <trkpt lat="61.5265" lon="9.53903">
        <ele>843.9</ele>
      </trkpt>
      <trkpt lat="61.52641" lon="9.53842">
        <ele>842.4</ele>
      </trkpt>
      <trkpt lat="61.5263" lon="9.53789">
        <ele>842.6</ele>
      </trkpt>
      <trkpt lat="61.52606" lon="9.53682">
        <ele>843.4</ele>
      </trkpt>
      <trkpt lat="61.52567" lon="9.53539">
        <ele>845.3</ele>
      </trkpt>
      <trkpt lat="61.52539" lon="9.53429">
        <ele>849.3</ele>
      </trkpt>
      <trkpt lat="61.52511" lon="9.53319">
        <ele>854.4</ele>
      </trkpt>
      <trkpt lat="61.52505" lon="9.53276">
        <ele>856.2</ele>
      </trkpt>
      <trkpt lat="61.52505" lon="9.53244">
        <ele>857.3</ele>
      </trkpt>
      <trkpt lat="61.52509" lon="9.53178">
        <ele>858.1</ele>
      </trkpt>
      <trkpt lat="61.52508" lon="9.53135">
        <ele>859.9</ele>
      </trkpt>
      <trkpt lat="61.52496" lon="9.53062">
        <ele>864.4</ele>
      </trkpt>
      <trkpt lat="61.52481" lon="9.53002">
        <ele>868.9</ele>
      </trkpt>
      <trkpt lat="61.52444" lon="9.52882">
        <ele>876.1</ele>
      </trkpt>
      <trkpt lat="61.52422" lon="9.527659">
        <ele>880.5</ele>
      </trkpt>
      <trkpt lat="61.524" lon="9.52676">
        <ele>885.5</ele>
      </trkpt>
      <trkpt lat="61.52386" lon="9.52606">
        <ele>888.0</ele>
      </trkpt>
      <trkpt lat="61.52351" lon="9.52472">
        <ele>890.6</ele>
      </trkpt>
      <trkpt lat="61.5234" lon="9.52446">
        <ele>888.9</ele>
      </trkpt>
      <trkpt lat="61.52332" lon="9.5244">
        <ele>888.8</ele>
      </trkpt>
      <trkpt lat="61.52321" lon="9.52437">
        <ele>889.5</ele>
      </trkpt>
      <trkpt lat="61.52292" lon="9.52448">
        <ele>894.2</ele>
      </trkpt>
      <trkpt lat="61.52286" lon="9.52453">
        <ele>895.3</ele>
      </trkpt>
      <trkpt lat="61.52277" lon="9.52465">
        <ele>896.8</ele>
      </trkpt>
      <trkpt lat="61.52257" lon="9.52521">
        <ele>900.8</ele>
      </trkpt>
      <trkpt lat="61.52246" lon="9.52541">
        <ele>902.3</ele>
      </trkpt>
      <trkpt lat="61.52237" lon="9.52548">
        <ele>903.2</ele>
      </trkpt>
      <trkpt lat="61.52231" lon="9.52549">
        <ele>903.8</ele>
      </trkpt>
      <trkpt lat="61.52219" lon="9.52539">
        <ele>904.8</ele>
      </trkpt>
      <trkpt lat="61.52212" lon="9.52523">
        <ele>905.5</ele>
      </trkpt>
      <trkpt lat="61.52201" lon="9.5249">
        <ele>906.5</ele>
      </trkpt>
      <trkpt lat="61.52193" lon="9.52447">
        <ele>907.6</ele>
      </trkpt>
      <trkpt lat="61.52184" lon="9.5237">
        <ele>909.3</ele>
      </trkpt>
      <trkpt lat="61.52177" lon="9.52331">
        <ele>910.9</ele>
      </trkpt>
      <trkpt lat="61.52171" lon="9.52268">
        <ele>913.1</ele>
      </trkpt>
      <trkpt lat="61.52163" lon="9.5211">
        <ele>921.2</ele>
      </trkpt>
      <trkpt lat="61.52152" lon="9.51976">
        <ele>931.8</ele>
      </trkpt>
      <trkpt lat="61.52142" lon="9.51842">
        <ele>940.1</ele>
      </trkpt>
      <trkpt lat="61.52131" lon="9.51708">
        <ele>944.7</ele>
      </trkpt>
      <trkpt lat="61.52124" lon="9.51677">
        <ele>946.3</ele>
      </trkpt>
      <trkpt lat="61.52103" lon="9.51609">
        <ele>950.8</ele>
      </trkpt>
      <trkpt lat="61.52083" lon="9.51562">
        <ele>954.8</ele>
      </trkpt>
      <trkpt lat="61.52068" lon="9.51536">
        <ele>958.2</ele>
      </trkpt>
      <trkpt lat="61.52027" lon="9.51477">
        <ele>966.0</ele>
      </trkpt>
      <trkpt lat="61.52016" lon="9.51458">
        <ele>967.4</ele>
      </trkpt>
      <trkpt lat="61.52006" lon="9.51431">
        <ele>968.0</ele>
      </trkpt>
      <trkpt lat="61.51996" lon="9.51397">
        <ele>966.9</ele>
      </trkpt>
      <trkpt lat="61.51983" lon="9.51362">
        <ele>966.5</ele>
      </trkpt>
      <trkpt lat="61.51937" lon="9.51273">
        <ele>970.1</ele>
      </trkpt>
      <trkpt lat="61.51877" lon="9.51176">
        <ele>972.8</ele>
      </trkpt>
      <trkpt lat="61.51814" lon="9.51083">
        <ele>977.9</ele>
      </trkpt>
      <trkpt lat="61.51773" lon="9.50996">
        <ele>987.8</ele>
      </trkpt>
      <trkpt lat="61.51758" lon="9.50972">
        <ele>990.3</ele>
      </trkpt>
      <trkpt lat="61.51744" lon="9.50955">
        <ele>992.7</ele>
      </trkpt>
      <trkpt lat="61.51663" lon="9.50888">
        <ele>998.7</ele>
      </trkpt>
      <trkpt lat="61.5163" lon="9.50866">
        <ele>1000.4</ele>
      </trkpt>
      <trkpt lat="61.51621" lon="9.50857">
        <ele>1000.4</ele>
      </trkpt>
      <trkpt lat="61.51566" lon="9.50796">
        <ele>999.2</ele>
      </trkpt>
      <trkpt lat="61.51509" lon="9.50745">
        <ele>998.3</ele>
      </trkpt>
      <trkpt lat="61.51452" lon="9.50693">
        <ele>996.9</ele>
      </trkpt>
      <trkpt lat="61.51437" lon="9.50675">
        <ele>1000.5</ele>
      </trkpt>
      <trkpt lat="61.51417" lon="9.506449">
        <ele>1004.0</ele>
      </trkpt>
      <trkpt lat="61.51393" lon="9.50618">
        <ele>1005.2</ele>
      </trkpt>
      <trkpt lat="61.51344" lon="9.50572">
        <ele>992.8</ele>
      </trkpt>
      <trkpt lat="61.51293" lon="9.50538">
        <ele>978.7</ele>
      </trkpt>
      <trkpt lat="61.51274" lon="9.50522">
        <ele>979.0</ele>
      </trkpt>
      <trkpt lat="61.51256" lon="9.50501">
        <ele>983.5</ele>
      </trkpt>
      <trkpt lat="61.51189" lon="9.504149">
        <ele>994.5</ele>
      </trkpt>
      <trkpt lat="61.51125" lon="9.50346">
        <ele>974.6</ele>
      </trkpt>
      <trkpt lat="61.51061" lon="9.50276">
        <ele>950.4</ele>
      </trkpt>
      <trkpt lat="61.50997" lon="9.50207">
        <ele>936.6</ele>
      </trkpt>
      <trkpt lat="61.50944" lon="9.50167">
        <ele>939.1</ele>
      </trkpt>
      <trkpt lat="61.50895" lon="9.50136">
        <ele>940.8</ele>
      </trkpt>
      <trkpt lat="61.50847" lon="9.50106">
        <ele>948.3</ele>
      </trkpt>
      <trkpt lat="61.50783" lon="9.500629">
        <ele>947.8</ele>
      </trkpt>
      <trkpt lat="61.50733" lon="9.50026">
        <ele>949.7</ele>
      </trkpt>
      <trkpt lat="61.50715" lon="9.50009">
        <ele>951.1</ele>
      </trkpt>
      <trkpt lat="61.50702" lon="9.49993">
        <ele>951.9</ele>
      </trkpt>
      <trkpt lat="61.50693" lon="9.49973">
        <ele>952.7</ele>
      </trkpt>
      <trkpt lat="61.50684" lon="9.499409">
        <ele>953.6</ele>
      </trkpt>
      <trkpt lat="61.5068" lon="9.49908">
        <ele>954.0</ele>
      </trkpt>
      <trkpt lat="61.5068" lon="9.49809">
        <ele>955.4</ele>
      </trkpt>
      <trkpt lat="61.50676" lon="9.49751">
        <ele>956.0</ele>
      </trkpt>
      <trkpt lat="61.50671" lon="9.49719">
        <ele>956.6</ele>
      </trkpt>
      <trkpt lat="61.50663" lon="9.49691">
        <ele>957.2</ele>
      </trkpt>
      <trkpt lat="61.50645" lon="9.49652">
        <ele>957.7</ele>
      </trkpt>
      <trkpt lat="61.50614" lon="9.49606">
        <ele>958.7</ele>
      </trkpt>
      <trkpt lat="61.50573" lon="9.49558">
        <ele>959.9</ele>
      </trkpt>
      <trkpt lat="61.50533" lon="9.4952">
        <ele>960.2</ele>
      </trkpt>
      <trkpt lat="61.50524" lon="9.49513">
        <ele>959.8</ele>
      </trkpt>
      <trkpt lat="61.50505" lon="9.49505">
        <ele>959.0</ele>
      </trkpt>
      <trkpt lat="61.50487" lon="9.49508">
        <ele>957.5</ele>
      </trkpt>
      <trkpt lat="61.50472" lon="9.49513">
        <ele>956.5</ele>
      </trkpt>
      <trkpt lat="61.50428" lon="9.49537">
        <ele>953.2</ele>
      </trkpt>
      <trkpt lat="61.50376" lon="9.49556">
        <ele>952.5</ele>
      </trkpt>
      <trkpt lat="61.50325" lon="9.495749">
        <ele>955.2</ele>
      </trkpt>
      <trkpt lat="61.50289" lon="9.49588">
        <ele>956.4</ele>
      </trkpt>
      <trkpt lat="61.50261" lon="9.49592">
        <ele>957.3</ele>
      </trkpt>
      <trkpt lat="61.5018" lon="9.49583">
        <ele>960.5</ele>
      </trkpt>
      <trkpt lat="61.50146" lon="9.49568">
        <ele>962.1</ele>
      </trkpt>
      <trkpt lat="61.50117" lon="9.49549">
        <ele>963.3</ele>
      </trkpt>
      <trkpt lat="61.50062" lon="9.4953">
        <ele>969.2</ele>
      </trkpt>
      <trkpt lat="61.4998" lon="9.49517">
        <ele>966.9</ele>
      </trkpt>
      <trkpt lat="61.49907" lon="9.49511">
        <ele>966.1</ele>
      </trkpt>
      <trkpt lat="61.49854" lon="9.49513">
        <ele>967.1</ele>
      </trkpt>
      <trkpt lat="61.49801" lon="9.49515">
        <ele>966.9</ele>
      </trkpt>
      <trkpt lat="61.49737" lon="9.49501">
        <ele>965.0</ele>
      </trkpt>
      <trkpt lat="61.49686" lon="9.49499">
        <ele>962.7</ele>
      </trkpt>
      <trkpt lat="61.49635" lon="9.49496">
        <ele>964.4</ele>
      </trkpt>
      <trkpt lat="61.49599" lon="9.49481">
        <ele>969.7</ele>
      </trkpt>
      <trkpt lat="61.49556" lon="9.4945">
        <ele>974.6</ele>
      </trkpt>
      <trkpt lat="61.49514" lon="9.49419">
        <ele>975.0</ele>
      </trkpt>
      <trkpt lat="61.49497" lon="9.49414">
        <ele>976.2</ele>
      </trkpt>
      <trkpt lat="61.49447" lon="9.49416">
        <ele>983.1</ele>
      </trkpt>
      <trkpt lat="61.49419" lon="9.494109">
        <ele>986.8</ele>
      </trkpt>
      <trkpt lat="61.49396" lon="9.494">
        <ele>989.2</ele>
      </trkpt>
      <trkpt lat="61.49346" lon="9.49356">
        <ele>990.3</ele>
      </trkpt>
      <trkpt lat="61.49297" lon="9.49313">
        <ele>988.8</ele>
      </trkpt>
      <trkpt lat="61.4928" lon="9.493029">
        <ele>988.4</ele>
      </trkpt>
      <trkpt lat="61.49225" lon="9.4928">
        <ele>988.7</ele>
      </trkpt>
      <trkpt lat="61.49207" lon="9.49265">
        <ele>989.2</ele>
      </trkpt>
      <trkpt lat="61.49173" lon="9.49222">
        <ele>992.4</ele>
      </trkpt>
      <trkpt lat="61.49125" lon="9.49145">
        <ele>994.7</ele>
      </trkpt>
      <trkpt lat="61.49073" lon="9.49082">
        <ele>996.1</ele>
      </trkpt>
      <trkpt lat="61.49012" lon="9.49028">
        <ele>999.6</ele>
      </trkpt>
      <trkpt lat="61.4895" lon="9.48978">
        <ele>1002.1</ele>
      </trkpt>
      <trkpt lat="61.48889" lon="9.48924">
        <ele>1004.3</ele>
      </trkpt>
      <trkpt lat="61.4881" lon="9.48866">
        <ele>1003.7</ele>
      </trkpt>
      <trkpt lat="61.48785" lon="9.48858">
        <ele>1003.8</ele>
      </trkpt>
      <trkpt lat="61.48718" lon="9.488429">
        <ele>1008.0</ele>
      </trkpt>
      <trkpt lat="61.48688" lon="9.488289">
        <ele>1010.5</ele>
      </trkpt>
      <trkpt lat="61.48635" lon="9.48789">
        <ele>1016.0</ele>
      </trkpt>
      <trkpt lat="61.48581" lon="9.48749">
        <ele>1022.2</ele>
      </trkpt>
      <trkpt lat="61.48518" lon="9.48712">
        <ele>1025.9</ele>
      </trkpt>
      <trkpt lat="61.48455" lon="9.48675">
        <ele>1024.2</ele>
      </trkpt>
      <trkpt lat="61.48421" lon="9.48662">
        <ele>1020.2</ele>
      </trkpt>
      <trkpt lat="61.48398" lon="9.4865">
        <ele>1018.9</ele>
      </trkpt>
      <trkpt lat="61.48379" lon="9.48633">
        <ele>1018.3</ele>
      </trkpt>
      <trkpt lat="61.4834" lon="9.48577">
        <ele>1016.3</ele>
      </trkpt>
      <trkpt lat="61.48301" lon="9.4852">
        <ele>1013.6</ele>
      </trkpt>
      <trkpt lat="61.48276" lon="9.48477">
        <ele>1012.3</ele>
      </trkpt>
      <trkpt lat="61.48237" lon="9.48396">
        <ele>1012.0</ele>
      </trkpt>
      <trkpt lat="61.48201" lon="9.48317">
        <ele>1019.5</ele>
      </trkpt>
      <trkpt lat="61.48164" lon="9.48239">
        <ele>1017.2</ele>
      </trkpt>
      <trkpt lat="61.48139" lon="9.48216">
        <ele>1016.3</ele>
      </trkpt>
      <trkpt lat="61.48107" lon="9.48196">
        <ele>1014.3</ele>
      </trkpt>
      <trkpt lat="61.48069" lon="9.48185">
        <ele>1008.2</ele>
      </trkpt>
      <trkpt lat="61.48045" lon="9.48185">
        <ele>1003.0</ele>
      </trkpt>
      <trkpt lat="61.4797" lon="9.48204">
        <ele>997.2</ele>
      </trkpt>
      <trkpt lat="61.47892" lon="9.48218">
        <ele>995.2</ele>
      </trkpt>
      <trkpt lat="61.47868" lon="9.48225">
        <ele>993.1</ele>
      </trkpt>
      <trkpt lat="61.47842" lon="9.48235">
        <ele>989.7</ele>
      </trkpt>
      <trkpt lat="61.47775" lon="9.48272">
        <ele>983.8</ele>
      </trkpt>
      <trkpt lat="61.47755" lon="9.48278">
        <ele>982.5</ele>
      </trkpt>
      <trkpt lat="61.47722" lon="9.482799">
        <ele>982.0</ele>
      </trkpt>
      <trkpt lat="61.47651" lon="9.48272">
        <ele>984.5</ele>
      </trkpt>
      <trkpt lat="61.47616" lon="9.48265">
        <ele>983.4</ele>
      </trkpt>
      <trkpt lat="61.47554" lon="9.48268">
        <ele>984.6</ele>
      </trkpt>
      <trkpt lat="61.47492" lon="9.48271">
        <ele>977.9</ele>
      </trkpt>
      <trkpt lat="61.4749" lon="9.48274">
        <ele>977.8</ele>
      </trkpt>
      <trkpt lat="61.47447" lon="9.48277">
        <ele>974.1</ele>
      </trkpt>
      <trkpt lat="61.47389" lon="9.48303">
        <ele>975.9</ele>
      </trkpt>
      <trkpt lat="61.47379" lon="9.48304">
        <ele>976.3</ele>
      </trkpt>
      <trkpt lat="61.47339" lon="9.48302">
        <ele>976.4</ele>
      </trkpt>
      <trkpt lat="61.47293" lon="9.48284">
        <ele>971.6</ele>
      </trkpt>
      <trkpt lat="61.47245" lon="9.48276">
        <ele>971.3</ele>
      </trkpt>
      <trkpt lat="61.47197" lon="9.48267">
        <ele>972.4</ele>
      </trkpt>
      <trkpt lat="61.47139" lon="9.48271">
        <ele>966.3</ele>
      </trkpt>
      <trkpt lat="61.47099" lon="9.48279">
        <ele>961.7</ele>
      </trkpt>
      <trkpt lat="61.47017" lon="9.48312">
        <ele>962.9</ele>
      </trkpt>
      <trkpt lat="61.47" lon="9.48312">
        <ele>964.0</ele>
      </trkpt>
      <trkpt lat="61.46984" lon="9.48303">
        <ele>965.1</ele>
      </trkpt>
      <trkpt lat="61.46937" lon="9.48251">
        <ele>965.5</ele>
      </trkpt>
      <trkpt lat="61.46878" lon="9.48181">
        <ele>960.2</ele>
      </trkpt>
      <trkpt lat="61.4682" lon="9.48112">
        <ele>955.1</ele>
      </trkpt>
      <trkpt lat="61.46761" lon="9.48042">
        <ele>951.0</ele>
      </trkpt>
      <trkpt lat="61.46708" lon="9.47978">
        <ele>947.4</ele>
      </trkpt>
      <trkpt lat="61.46687" lon="9.4795">
        <ele>946.2</ele>
      </trkpt>
      <trkpt lat="61.46677" lon="9.47931">
        <ele>945.2</ele>
      </trkpt>
      <trkpt lat="61.46664" lon="9.47892">
        <ele>943.2</ele>
      </trkpt>
      <trkpt lat="61.46654" lon="9.47841">
        <ele>940.6</ele>
      </trkpt>
      <trkpt lat="61.46654" lon="9.47805">
        <ele>938.5</ele>
      </trkpt>
      <trkpt lat="61.46657" lon="9.47773">
        <ele>937.3</ele>
      </trkpt>
      <trkpt lat="61.46663" lon="9.47751">
        <ele>936.8</ele>
      </trkpt>
      <trkpt lat="61.46692" lon="9.47679">
        <ele>935.1</ele>
      </trkpt>
      <trkpt lat="61.46707" lon="9.47621">
        <ele>933.1</ele>
      </trkpt>
      <trkpt lat="61.46718" lon="9.47601">
        <ele>932.7</ele>
      </trkpt>
      <trkpt lat="61.4674" lon="9.4757">
        <ele>931.2</ele>
      </trkpt>
      <trkpt lat="61.46764" lon="9.47521">
        <ele>930.3</ele>
      </trkpt>
      <trkpt lat="61.46796" lon="9.474259">
        <ele>930.1</ele>
      </trkpt>
      <trkpt lat="61.46821" lon="9.4736">
        <ele>929.0</ele>
      </trkpt>
      <trkpt lat="61.46854" lon="9.47252">
        <ele>924.8</ele>
      </trkpt>
      <trkpt lat="61.46868" lon="9.47198">
        <ele>923.1</ele>
      </trkpt>
      <trkpt lat="61.4688" lon="9.47143">
        <ele>922.2</ele>
      </trkpt>
      <trkpt lat="61.46889" lon="9.47077">
        <ele>922.5</ele>
      </trkpt>
      <trkpt lat="61.46899" lon="9.47027">
        <ele>923.0</ele>
      </trkpt>
      <trkpt lat="61.46909" lon="9.4699">
        <ele>923.0</ele>
      </trkpt>
      <trkpt lat="61.4694" lon="9.46909">
        <ele>922.7</ele>
      </trkpt>
      <trkpt lat="61.46994" lon="9.46796">
        <ele>918.8</ele>
      </trkpt>
      <trkpt lat="61.47006" lon="9.46747">
        <ele>917.6</ele>
      </trkpt>
      <trkpt lat="61.47014" lon="9.46698">
        <ele>916.0</ele>
      </trkpt>
      <trkpt lat="61.47015" lon="9.46658">
        <ele>915.2</ele>
      </trkpt>
      <trkpt lat="61.47014" lon="9.46552">
        <ele>914.0</ele>
      </trkpt>
      <trkpt lat="61.47006" lon="9.46513">
        <ele>912.4</ele>
      </trkpt>
      <trkpt lat="61.46997" lon="9.46473">
        <ele>910.4</ele>
      </trkpt>
      <trkpt lat="61.46966" lon="9.464">
        <ele>902.2</ele>
      </trkpt>
      <trkpt lat="61.46961" lon="9.4638">
        <ele>899.8</ele>
      </trkpt>
      <trkpt lat="61.46957" lon="9.46355">
        <ele>897.4</ele>
      </trkpt>
      <trkpt lat="61.46955" lon="9.46191">
        <ele>888.0</ele>
      </trkpt>
      <trkpt lat="61.46955" lon="9.46138">
        <ele>884.3</ele>
      </trkpt>
      <trkpt lat="61.46951" lon="9.46099">
        <ele>880.8</ele>
      </trkpt>
      <trkpt lat="61.46941" lon="9.46052">
        <ele>876.0</ele>
      </trkpt>
      <trkpt lat="61.46938" lon="9.46019">
        <ele>873.2</ele>
      </trkpt>
      <trkpt lat="61.46941" lon="9.45986">
        <ele>870.5</ele>
      </trkpt>
      <trkpt lat="61.46945" lon="9.45965">
        <ele>869.9</ele>
      </trkpt>
      <trkpt lat="61.46962" lon="9.45912">
        <ele>867.3</ele>
      </trkpt>
      <trkpt lat="61.46963" lon="9.45898">
        <ele>866.6</ele>
      </trkpt>
      <trkpt lat="61.4696" lon="9.45891">
        <ele>865.9</ele>
      </trkpt>
      <trkpt lat="61.4697" lon="9.45858">
        <ele>866.1</ele>
      </trkpt>
      <trkpt lat="61.46976" lon="9.45832">
        <ele>866.0</ele>
      </trkpt>
      <trkpt lat="61.46982" lon="9.4579">
        <ele>865.3</ele>
      </trkpt>
      <trkpt lat="61.46995" lon="9.45667">
        <ele>862.3</ele>
      </trkpt>
      <trkpt lat="61.47007" lon="9.45594">
        <ele>859.5</ele>
      </trkpt>
      <trkpt lat="61.4702" lon="9.45546">
        <ele>857.8</ele>
      </trkpt>
      <trkpt lat="61.47044" lon="9.45488">
        <ele>856.6</ele>
      </trkpt>
      <trkpt lat="61.47091" lon="9.45406">
        <ele>857.5</ele>
      </trkpt>
      <trkpt lat="61.4713" lon="9.45347">
        <ele>857.7</ele>
      </trkpt>
      <trkpt lat="61.47169" lon="9.45288">
        <ele>859.6</ele>
      </trkpt>
      <trkpt lat="61.47194" lon="9.45239">
        <ele>859.2</ele>
      </trkpt>
      <trkpt lat="61.4723" lon="9.4514">
        <ele>854.0</ele>
      </trkpt>
      <trkpt lat="61.47267" lon="9.4504">
        <ele>851.3</ele>
      </trkpt>
      <trkpt lat="61.47281" lon="9.45006">
        <ele>850.9</ele>
      </trkpt>
      <trkpt lat="61.47304" lon="9.4496">
        <ele>850.9</ele>
      </trkpt>
      <trkpt lat="61.47349" lon="9.44887">
        <ele>850.6</ele>
      </trkpt>
      <trkpt lat="61.47406" lon="9.448">
        <ele>850.2</ele>
      </trkpt>
      <trkpt lat="61.47463" lon="9.44713">
        <ele>853.2</ele>
      </trkpt>
      <trkpt lat="61.47521" lon="9.44626">
        <ele>856.8</ele>
      </trkpt>
      <trkpt lat="61.47578" lon="9.44539">
        <ele>859.9</ele>
      </trkpt>
      <trkpt lat="61.47644" lon="9.44421">
        <ele>866.7</ele>
      </trkpt>
      <trkpt lat="61.47692" lon="9.44328">
        <ele>872.4</ele>
      </trkpt>
      <trkpt lat="61.47729" lon="9.44246">
        <ele>874.5</ele>
      </trkpt>
      <trkpt lat="61.47759" lon="9.44175">
        <ele>874.6</ele>
      </trkpt>
      <trkpt lat="61.478" lon="9.44065">
        <ele>875.1</ele>
      </trkpt>
      <trkpt lat="61.47842" lon="9.43956">
        <ele>874.0</ele>
      </trkpt>
      <trkpt lat="61.47863" lon="9.43908">
        <ele>873.2</ele>
      </trkpt>
      <trkpt lat="61.47922" lon="9.43784">
        <ele>867.6</ele>
      </trkpt>
      <trkpt lat="61.47956" lon="9.43714">
        <ele>864.4</ele>
      </trkpt>
      <trkpt lat="61.4799" lon="9.43645">
        <ele>861.5</ele>
      </trkpt>
      <trkpt lat="61.48031" lon="9.43576">
        <ele>858.9</ele>
      </trkpt>
      <trkpt lat="61.48074" lon="9.43512">
        <ele>857.9</ele>
      </trkpt>
      <trkpt lat="61.48117" lon="9.434469">
        <ele>857.3</ele>
      </trkpt>
      <trkpt lat="61.48153" lon="9.43379">
        <ele>857.0</ele>
      </trkpt>
      <trkpt lat="61.48173" lon="9.43334">
        <ele>856.5</ele>
      </trkpt>
      <trkpt lat="61.48185" lon="9.43298">
        <ele>855.2</ele>
      </trkpt>
      <trkpt lat="61.48227" lon="9.43164">
        <ele>851.6</ele>
      </trkpt>
      <trkpt lat="61.4827" lon="9.4303">
        <ele>852.0</ele>
      </trkpt>
      <trkpt lat="61.48312" lon="9.42896">
        <ele>853.1</ele>
      </trkpt>
      <trkpt lat="61.48333" lon="9.42835">
        <ele>852.3</ele>
      </trkpt>
      <trkpt lat="61.48355" lon="9.42782">
        <ele>851.5</ele>
      </trkpt>
      <trkpt lat="61.48382" lon="9.42733">
        <ele>849.7</ele>
      </trkpt>
      <trkpt lat="61.48412" lon="9.4269">
        <ele>848.7</ele>
      </trkpt>
      <trkpt lat="61.48446" lon="9.426539">
        <ele>846.5</ele>
      </trkpt>
      <trkpt lat="61.48495" lon="9.42618">
        <ele>846.6</ele>
      </trkpt>
      <trkpt lat="61.48543" lon="9.42583">
        <ele>849.1</ele>
      </trkpt>
      <trkpt lat="61.48572" lon="9.42554">
        <ele>850.1</ele>
      </trkpt>
      <trkpt lat="61.4861" lon="9.42502">
        <ele>850.0</ele>
      </trkpt>
      <trkpt lat="61.48632" lon="9.42461">
        <ele>848.7</ele>
      </trkpt>
      <trkpt lat="61.48689" lon="9.42319">
        <ele>843.6</ele>
      </trkpt>
      <trkpt lat="61.48747" lon="9.42178">
        <ele>841.7</ele>
      </trkpt>
      <trkpt lat="61.48772" lon="9.42106">
        <ele>840.7</ele>
      </trkpt>
      <trkpt lat="61.48811" lon="9.41978">
        <ele>837.0</ele>
      </trkpt>
      <trkpt lat="61.48829" lon="9.41934">
        <ele>836.1</ele>
      </trkpt>
      <trkpt lat="61.48838" lon="9.41914">
        <ele>835.4</ele>
      </trkpt>
      <trkpt lat="61.48876" lon="9.4185">
        <ele>834.1</ele>
      </trkpt>
      <trkpt lat="61.48914" lon="9.41787">
        <ele>832.4</ele>
      </trkpt>
      <trkpt lat="61.48933" lon="9.417579">
        <ele>830.7</ele>
      </trkpt>
      <trkpt lat="61.48954" lon="9.417299">
        <ele>828.1</ele>
      </trkpt>
      <trkpt lat="61.48972" lon="9.41713">
        <ele>826.2</ele>
      </trkpt>
      <trkpt lat="61.49003" lon="9.41689">
        <ele>822.7</ele>
      </trkpt>
      <trkpt lat="61.49039" lon="9.41673">
        <ele>818.7</ele>
      </trkpt>
      <trkpt lat="61.49057" lon="9.41668">
        <ele>816.4</ele>
      </trkpt>
      <trkpt lat="61.49081" lon="9.41668">
        <ele>813.8</ele>
      </trkpt>
      <trkpt lat="61.49114" lon="9.41676">
        <ele>811.5</ele>
      </trkpt>
      <trkpt lat="61.49177" lon="9.41705">
        <ele>810.9</ele>
      </trkpt>
      <trkpt lat="61.49197" lon="9.41712">
        <ele>810.0</ele>
      </trkpt>
      <trkpt lat="61.49224" lon="9.41715">
        <ele>808.1</ele>
      </trkpt>
      <trkpt lat="61.49304" lon="9.41708">
        <ele>803.1</ele>
      </trkpt>
      <trkpt lat="61.49337" lon="9.41699">
        <ele>801.2</ele>
      </trkpt>
      <trkpt lat="61.49404" lon="9.41656">
        <ele>795.9</ele>
      </trkpt>
      <trkpt lat="61.4947" lon="9.41614">
        <ele>789.0</ele>
      </trkpt>
      <trkpt lat="61.49537" lon="9.41571">
        <ele>782.4</ele>
      </trkpt>
      <trkpt lat="61.49579" lon="9.41549">
        <ele>776.8</ele>
      </trkpt>
      <trkpt lat="61.49614" lon="9.415419">
        <ele>772.2</ele>
      </trkpt>
      <trkpt lat="61.49673" lon="9.41539">
        <ele>769.1</ele>
      </trkpt>
      <trkpt lat="61.49699" lon="9.41527">
        <ele>767.9</ele>
      </trkpt>
      <trkpt lat="61.49721" lon="9.41508">
        <ele>766.7</ele>
      </trkpt>
      <trkpt lat="61.49741" lon="9.41485">
        <ele>765.9</ele>
      </trkpt>
      <trkpt lat="61.49767" lon="9.41442">
        <ele>762.7</ele>
      </trkpt>
      <trkpt lat="61.49808" lon="9.41368">
        <ele>755.3</ele>
      </trkpt>
      <trkpt lat="61.4985" lon="9.41294">
        <ele>746.2</ele>
      </trkpt>
      <trkpt lat="61.49871" lon="9.41265">
        <ele>743.2</ele>
      </trkpt>
      <trkpt lat="61.49897" lon="9.4124">
        <ele>740.3</ele>
      </trkpt>
      <trkpt lat="61.49978" lon="9.41188">
        <ele>737.1</ele>
      </trkpt>
      <trkpt lat="61.5006" lon="9.41136">
        <ele>738.9</ele>
      </trkpt>
      <trkpt lat="61.50107" lon="9.4111">
        <ele>735.2</ele>
      </trkpt>
      <trkpt lat="61.50169" lon="9.4109">
        <ele>730.1</ele>
      </trkpt>
      <trkpt lat="61.5023" lon="9.41071">
        <ele>726.4</ele>
      </trkpt>
      <trkpt lat="61.50292" lon="9.41051">
        <ele>723.0</ele>
      </trkpt>
      <trkpt lat="61.50319" lon="9.41039">
        <ele>721.8</ele>
      </trkpt>
      <trkpt lat="61.5034" lon="9.41024">
        <ele>720.7</ele>
      </trkpt>
      <trkpt lat="61.50355" lon="9.41009">
        <ele>719.9</ele>
      </trkpt>
      <trkpt lat="61.50377" lon="9.40976">
        <ele>718.4</ele>
      </trkpt>
      <trkpt lat="61.50398" lon="9.40933">
        <ele>717.0</ele>
      </trkpt>
      <trkpt lat="61.50432" lon="9.40852">
        <ele>711.6</ele>
      </trkpt>
      <trkpt lat="61.50448" lon="9.40818">
        <ele>708.5</ele>
      </trkpt>
      <trkpt lat="61.50463" lon="9.40792">
        <ele>706.0</ele>
      </trkpt>
      <trkpt lat="61.50484" lon="9.40762">
        <ele>703.7</ele>
      </trkpt>
      <trkpt lat="61.50501" lon="9.40744">
        <ele>701.3</ele>
      </trkpt>
      <trkpt lat="61.5054" lon="9.4071">
        <ele>696.2</ele>
      </trkpt>
      <trkpt lat="61.50602" lon="9.40659">
        <ele>690.4</ele>
      </trkpt>
      <trkpt lat="61.50663" lon="9.40609">
        <ele>689.6</ele>
      </trkpt>
      <trkpt lat="61.50724" lon="9.40558">
        <ele>687.7</ele>
      </trkpt>
      <trkpt lat="61.50768" lon="9.40513">
        <ele>683.9</ele>
      </trkpt>
      <trkpt lat="61.50791" lon="9.404769">
        <ele>681.3</ele>
      </trkpt>
      <trkpt lat="61.50812" lon="9.40434">
        <ele>678.1</ele>
      </trkpt>
      <trkpt lat="61.5085" lon="9.40335">
        <ele>672.5</ele>
      </trkpt>
      <trkpt lat="61.50888" lon="9.40235">
        <ele>671.3</ele>
      </trkpt>
      <trkpt lat="61.50882" lon="9.40236">
        <ele>670.7</ele>
      </trkpt>
      <trkpt lat="61.50797" lon="9.40274">
        <ele>661.8</ele>
      </trkpt>
      <trkpt lat="61.50757" lon="9.40286">
        <ele>659.3</ele>
      </trkpt>
      <trkpt lat="61.50686" lon="9.402799">
        <ele>656.7</ele>
      </trkpt>
      <trkpt lat="61.50614" lon="9.40275">
        <ele>652.8</ele>
      </trkpt>
      <trkpt lat="61.50585" lon="9.40274">
        <ele>651.5</ele>
      </trkpt>
      <trkpt lat="61.50571" lon="9.40278">
        <ele>651.1</ele>
      </trkpt>
      <trkpt lat="61.50555" lon="9.40286">
        <ele>650.6</ele>
      </trkpt>
      <trkpt lat="61.50487" lon="9.40342">
        <ele>650.7</ele>
      </trkpt>
      <trkpt lat="61.50447" lon="9.40392">
        <ele>651.8</ele>
      </trkpt>
      <trkpt lat="61.50418" lon="9.40417">
        <ele>650.7</ele>
      </trkpt>
      <trkpt lat="61.50385" lon="9.40435">
        <ele>647.8</ele>
      </trkpt>
      <trkpt lat="61.50342" lon="9.4045">
        <ele>644.3</ele>
      </trkpt>
      <trkpt lat="61.50282" lon="9.40487">
        <ele>642.7</ele>
      </trkpt>
      <trkpt lat="61.50207" lon="9.40527">
        <ele>643.0</ele>
      </trkpt>
      <trkpt lat="61.50186" lon="9.40535">
        <ele>644.3</ele>
      </trkpt>
      <trkpt lat="61.50163" lon="9.40533">
        <ele>644.4</ele>
      </trkpt>
      <trkpt lat="61.50121" lon="9.40527">
        <ele>646.3</ele>
      </trkpt>
      <trkpt lat="61.50068" lon="9.40513">
        <ele>651.3</ele>
      </trkpt>
      <trkpt lat="61.50016" lon="9.40499">
        <ele>661.5</ele>
      </trkpt>
      <trkpt lat="61.4999" lon="9.40485">
        <ele>666.9</ele>
      </trkpt>
      <trkpt lat="61.4995" lon="9.40458">
        <ele>673.0</ele>
      </trkpt>
      <trkpt lat="61.49882" lon="9.40401">
        <ele>671.2</ele>
      </trkpt>
      <trkpt lat="61.49823" lon="9.40343">
        <ele>676.8</ele>
      </trkpt>
      <trkpt lat="61.49765" lon="9.40285">
        <ele>667.6</ele>
      </trkpt>
      <trkpt lat="61.49739" lon="9.40267">
        <ele>664.5</ele>
      </trkpt>
      <trkpt lat="61.49681" lon="9.40243">
        <ele>662.5</ele>
      </trkpt>
      <trkpt lat="61.49656" lon="9.40223">
        <ele>662.4</ele>
      </trkpt>
      <trkpt lat="61.49595" lon="9.40159">
        <ele>665.5</ele>
      </trkpt>
      <trkpt lat="61.49548" lon="9.40104">
        <ele>672.1</ele>
      </trkpt>
      <trkpt lat="61.4952" lon="9.40081">
        <ele>676.2</ele>
      </trkpt>
      <trkpt lat="61.49457" lon="9.4002">
        <ele>679.2</ele>
      </trkpt>
      <trkpt lat="61.49438" lon="9.39999">
        <ele>681.3</ele>
      </trkpt>
      <trkpt lat="61.49426" lon="9.39981">
        <ele>682.0</ele>
      </trkpt>
      <trkpt lat="61.49399" lon="9.3994">
        <ele>682.7</ele>
      </trkpt>
      <trkpt lat="61.49377" lon="9.39913">
        <ele>680.5</ele>
      </trkpt>
      <trkpt lat="61.49357" lon="9.39876">
        <ele>677.7</ele>
      </trkpt>
      <trkpt lat="61.49317" lon="9.39814">
        <ele>673.8</ele>
      </trkpt>
      <trkpt lat="61.49271" lon="9.397119">
        <ele>671.9</ele>
      </trkpt>
      <trkpt lat="61.49237" lon="9.39629">
        <ele>670.1</ele>
      </trkpt>
      <trkpt lat="61.49194" lon="9.39512">
        <ele>668.5</ele>
      </trkpt>
      <trkpt lat="61.49185" lon="9.39477">
        <ele>668.6</ele>
      </trkpt>
      <trkpt lat="61.4917" lon="9.39397">
        <ele>670.0</ele>
      </trkpt>
      <trkpt lat="61.49148" lon="9.39319">
        <ele>671.7</ele>
      </trkpt>
      <trkpt lat="61.49119" lon="9.3926">
        <ele>671.5</ele>
      </trkpt>
      <trkpt lat="61.49078" lon="9.39194">
        <ele>672.2</ele>
      </trkpt>
      <trkpt lat="61.49058" lon="9.39156">
        <ele>672.4</ele>
      </trkpt>
      <trkpt lat="61.49028" lon="9.39078">
        <ele>671.8</ele>
      </trkpt>
      <trkpt lat="61.49011" lon="9.3901">
        <ele>669.6</ele>
      </trkpt>
      <trkpt lat="61.49003" lon="9.38986">
        <ele>667.8</ele>
      </trkpt>
      <trkpt lat="61.48986" lon="9.389659">
        <ele>665.3</ele>
      </trkpt>
      <trkpt lat="61.48967" lon="9.38949">
        <ele>663.6</ele>
      </trkpt>
      <trkpt lat="61.48926" lon="9.38928">
        <ele>664.6</ele>
      </trkpt>
      <trkpt lat="61.48897" lon="9.389049">
        <ele>668.4</ele>
      </trkpt>
      <trkpt lat="61.48879" lon="9.3889">
        <ele>671.6</ele>
      </trkpt>
      <trkpt lat="61.4885" lon="9.38848">
        <ele>673.2</ele>
      </trkpt>
      <trkpt lat="61.48831" lon="9.38833">
        <ele>669.7</ele>
      </trkpt>
      <trkpt lat="61.48779" lon="9.38811">
        <ele>652.4</ele>
      </trkpt>
      <trkpt lat="61.48767" lon="9.3881">
        <ele>646.5</ele>
      </trkpt>
      <trkpt lat="61.48751" lon="9.388159">
        <ele>638.8</ele>
      </trkpt>
      <trkpt lat="61.48711" lon="9.38847">
        <ele>630.8</ele>
      </trkpt>
      <trkpt lat="61.48694" lon="9.38856">
        <ele>630.3</ele>
      </trkpt>
      <trkpt lat="61.4868" lon="9.3886">
        <ele>629.2</ele>
      </trkpt>
      <trkpt lat="61.48666" lon="9.38861">
        <ele>628.4</ele>
      </trkpt>
      <trkpt lat="61.48644" lon="9.38858">
        <ele>626.7</ele>
      </trkpt>
      <trkpt lat="61.48634" lon="9.38853">
        <ele>625.5</ele>
      </trkpt>
      <trkpt lat="61.48616" lon="9.38839">
        <ele>623.3</ele>
      </trkpt>
      <trkpt lat="61.48601" lon="9.38836">
        <ele>622.8</ele>
      </trkpt>
      <trkpt lat="61.48545" lon="9.38858">
        <ele>624.5</ele>
      </trkpt>
      <trkpt lat="61.48513" lon="9.38866">
        <ele>628.9</ele>
      </trkpt>
      <trkpt lat="61.48441" lon="9.389">
        <ele>641.7</ele>
      </trkpt>
      <trkpt lat="61.48393" lon="9.3894">
        <ele>645.0</ele>
      </trkpt>
      <trkpt lat="61.48371" lon="9.38955">
        <ele>646.6</ele>
      </trkpt>
      <trkpt lat="61.4832" lon="9.38963">
        <ele>647.7</ele>
      </trkpt>
      <trkpt lat="61.48286" lon="9.38982">
        <ele>650.2</ele>
      </trkpt>
      <trkpt lat="61.48254" lon="9.38987">
        <ele>650.1</ele>
      </trkpt>
      <trkpt lat="61.48193" lon="9.39005">
        <ele>650.7</ele>
      </trkpt>
      <trkpt lat="61.48176" lon="9.39015">
        <ele>651.0</ele>
      </trkpt>
      <trkpt lat="61.4816" lon="9.39028">
        <ele>651.8</ele>
      </trkpt>
      <trkpt lat="61.48087" lon="9.3912">
        <ele>653.6</ele>
      </trkpt>
      <trkpt lat="61.48055" lon="9.391679">
        <ele>651.3</ele>
      </trkpt>
      <trkpt lat="61.48041" lon="9.39191">
        <ele>649.9</ele>
      </trkpt>
      <trkpt lat="61.48019" lon="9.39236">
        <ele>648.7</ele>
      </trkpt>
      <trkpt lat="61.48001" lon="9.39261">
        <ele>647.5</ele>
      </trkpt>
      <trkpt lat="61.47978" lon="9.39283">
        <ele>646.6</ele>
      </trkpt>
      <trkpt lat="61.47901" lon="9.39339">
        <ele>644.6</ele>
      </trkpt>
      <trkpt lat="61.4786" lon="9.39388">
        <ele>645.7</ele>
      </trkpt>
      <trkpt lat="61.47826" lon="9.39442">
        <ele>648.1</ele>
      </trkpt>
      <trkpt lat="61.47785" lon="9.39516">
        <ele>650.4</ele>
      </trkpt>
      <trkpt lat="61.47736" lon="9.39585">
        <ele>649.1</ele>
      </trkpt>
      <trkpt lat="61.47672" lon="9.39706">
        <ele>647.0</ele>
      </trkpt>
      <trkpt lat="61.47628" lon="9.39761">
        <ele>643.2</ele>
      </trkpt>
      <trkpt lat="61.47619" lon="9.39771">
        <ele>642.6</ele>
      </trkpt>
      <trkpt lat="61.47589" lon="9.3979">
        <ele>640.6</ele>
      </trkpt>
      <trkpt lat="61.47532" lon="9.39842">
        <ele>642.3</ele>
      </trkpt>
      <trkpt lat="61.47485" lon="9.39866">
        <ele>642.6</ele>
      </trkpt>
      <trkpt lat="61.47467" lon="9.39882">
        <ele>642.8</ele>
      </trkpt>
      <trkpt lat="61.47459" lon="9.39893">
        <ele>643.3</ele>
      </trkpt>
      <trkpt lat="61.47428" lon="9.39936">
        <ele>645.5</ele>
      </trkpt>
      <trkpt lat="61.47416" lon="9.39947">
        <ele>646.7</ele>
      </trkpt>
      <trkpt lat="61.47379" lon="9.39969">
        <ele>646.7</ele>
      </trkpt>
      <trkpt lat="61.47367" lon="9.39986">
        <ele>645.8</ele>
      </trkpt>
      <trkpt lat="61.47348" lon="9.40028">
        <ele>646.6</ele>
      </trkpt>
      <trkpt lat="61.47325" lon="9.40065">
        <ele>647.3</ele>
      </trkpt>
      <trkpt lat="61.47291" lon="9.40094">
        <ele>647.5</ele>
      </trkpt>
      <trkpt lat="61.47256" lon="9.40135">
        <ele>649.8</ele>
      </trkpt>
      <trkpt lat="61.4722" lon="9.40142">
        <ele>648.3</ele>
      </trkpt>
      <trkpt lat="61.47194" lon="9.401579">
        <ele>649.7</ele>
      </trkpt>
      <trkpt lat="61.47178" lon="9.40177">
        <ele>651.6</ele>
      </trkpt>
      <trkpt lat="61.47125" lon="9.40252">
        <ele>658.7</ele>
      </trkpt>
      <trkpt lat="61.47109" lon="9.40286">
        <ele>661.4</ele>
      </trkpt>
      <trkpt lat="61.47105" lon="9.40305">
        <ele>662.5</ele>
      </trkpt>
      <trkpt lat="61.47102" lon="9.40338">
        <ele>664.0</ele>
      </trkpt>
      <trkpt lat="61.47103" lon="9.40364">
        <ele>664.4</ele>
      </trkpt>
      <trkpt lat="61.47107" lon="9.40375">
        <ele>664.7</ele>
      </trkpt>
      <trkpt lat="61.47129" lon="9.40408">
        <ele>666.0</ele>
      </trkpt>
      <trkpt lat="61.47153" lon="9.40459">
        <ele>665.0</ele>
      </trkpt>
      <trkpt lat="61.47179" lon="9.40487">
        <ele>665.9</ele>
      </trkpt>
      <trkpt lat="61.47191" lon="9.40503">
        <ele>667.7</ele>
      </trkpt>
      <trkpt lat="61.47196" lon="9.40515">
        <ele>668.2</ele>
      </trkpt>
      <trkpt lat="61.47197" lon="9.40533">
        <ele>667.7</ele>
      </trkpt>
      <trkpt lat="61.47192" lon="9.40557">
        <ele>666.6</ele>
      </trkpt>
      <trkpt lat="61.47176" lon="9.40593">
        <ele>664.4</ele>
      </trkpt>
      <trkpt lat="61.47161" lon="9.40639">
        <ele>663.0</ele>
      </trkpt>
      <trkpt lat="61.47137" lon="9.40685">
        <ele>660.8</ele>
      </trkpt>
      <trkpt lat="61.47132" lon="9.40697">
        <ele>660.2</ele>
      </trkpt>
      <trkpt lat="61.47126" lon="9.40717">
        <ele>659.5</ele>
      </trkpt>
      <trkpt lat="61.47124" lon="9.40736">
        <ele>659.8</ele>
      </trkpt>
      <trkpt lat="61.47124" lon="9.4076">
        <ele>660.7</ele>
      </trkpt>
      <trkpt lat="61.47138" lon="9.40823">
        <ele>664.9</ele>
      </trkpt>
      <trkpt lat="61.47141" lon="9.40845">
        <ele>666.4</ele>
      </trkpt>
      <trkpt lat="61.4714" lon="9.40863">
        <ele>667.1</ele>
      </trkpt>
      <trkpt lat="61.47136" lon="9.40884">
        <ele>667.4</ele>
      </trkpt>
      <trkpt lat="61.47129" lon="9.4091">
        <ele>667.3</ele>
      </trkpt>
      <trkpt lat="61.4711" lon="9.40948">
        <ele>664.7</ele>
      </trkpt>
      <trkpt lat="61.47095" lon="9.40968">
        <ele>662.3</ele>
      </trkpt>
      <trkpt lat="61.47075" lon="9.40986">
        <ele>660.0</ele>
      </trkpt>
      <trkpt lat="61.47026" lon="9.41009">
        <ele>655.1</ele>
      </trkpt>
      <trkpt lat="61.47014" lon="9.41029">
        <ele>654.6</ele>
      </trkpt>
      <trkpt lat="61.46999" lon="9.41076">
        <ele>655.3</ele>
      </trkpt>
      <trkpt lat="61.46996" lon="9.41103">
        <ele>656.3</ele>
      </trkpt>
      <trkpt lat="61.46998" lon="9.41124">
        <ele>657.2</ele>
      </trkpt>
      <trkpt lat="61.47006" lon="9.41166">
        <ele>660.5</ele>
      </trkpt>
      <trkpt lat="61.47008" lon="9.41186">
        <ele>661.7</ele>
      </trkpt>
      <trkpt lat="61.47007" lon="9.41214">
        <ele>663.4</ele>
      </trkpt>
      <trkpt lat="61.47001" lon="9.41236">
        <ele>664.1</ele>
      </trkpt>
      <trkpt lat="61.46993" lon="9.41245">
        <ele>663.9</ele>
      </trkpt>
      <trkpt lat="61.46984" lon="9.41248">
        <ele>663.0</ele>
      </trkpt>
      <trkpt lat="61.46948" lon="9.41239">
        <ele>657.7</ele>
      </trkpt>
      <trkpt lat="61.46882" lon="9.41253">
        <ele>652.5</ele>
      </trkpt>
      <trkpt lat="61.46831" lon="9.4128">
        <ele>653.2</ele>
      </trkpt>
      <trkpt lat="61.4678" lon="9.41307">
        <ele>656.0</ele>
      </trkpt>
      <trkpt lat="61.46771" lon="9.41308">
        <ele>656.7</ele>
      </trkpt>
      <trkpt lat="61.46756" lon="9.41302">
        <ele>658.1</ele>
      </trkpt>
      <trkpt lat="61.46744" lon="9.41294">
        <ele>659.2</ele>
      </trkpt>
      <trkpt lat="61.46733" lon="9.41286">
        <ele>660.2</ele>
      </trkpt>
      <trkpt lat="61.46728" lon="9.41281">
        <ele>660.7</ele>
      </trkpt>
      <trkpt lat="61.46723" lon="9.41269">
        <ele>661.4</ele>
      </trkpt>
      <trkpt lat="61.46722" lon="9.41258">
        <ele>661.4</ele>
      </trkpt>
      <trkpt lat="61.46722" lon="9.41245">
        <ele>661.2</ele>
      </trkpt>
      <trkpt lat="61.46745" lon="9.41149">
        <ele>658.1</ele>
      </trkpt>
      <trkpt lat="61.46768" lon="9.41053">
        <ele>657.1</ele>
      </trkpt>
      <trkpt lat="61.46779" lon="9.41019">
        <ele>656.7</ele>
      </trkpt>
      <trkpt lat="61.46791" lon="9.40987">
        <ele>656.0</ele>
      </trkpt>
      <trkpt lat="61.46796" lon="9.4096">
        <ele>656.5</ele>
      </trkpt>
      <trkpt lat="61.46793" lon="9.40896">
        <ele>656.9</ele>
      </trkpt>
      <trkpt lat="61.46788" lon="9.40865">
        <ele>657.4</ele>
      </trkpt>
      <trkpt lat="61.46782" lon="9.40848">
        <ele>658.0</ele>
      </trkpt>
      <trkpt lat="61.46758" lon="9.40811">
        <ele>660.4</ele>
      </trkpt>
      <trkpt lat="61.46751" lon="9.40791">
        <ele>660.9</ele>
      </trkpt>
      <trkpt lat="61.46745" lon="9.40756">
        <ele>661.5</ele>
      </trkpt>
      <trkpt lat="61.46741" lon="9.40702">
        <ele>661.3</ele>
      </trkpt>
      <trkpt lat="61.46741" lon="9.40664">
        <ele>660.8</ele>
      </trkpt>
      <trkpt lat="61.46747" lon="9.40504">
        <ele>659.0</ele>
      </trkpt>
      <trkpt lat="61.46755" lon="9.40418">
        <ele>657.3</ele>
      </trkpt>
      <trkpt lat="61.46758" lon="9.40331">
        <ele>656.2</ele>
      </trkpt>
      <trkpt lat="61.46766" lon="9.40195">
        <ele>656.2</ele>
      </trkpt>
      <trkpt lat="61.46775" lon="9.40059">
        <ele>656.6</ele>
      </trkpt>
      <trkpt lat="61.46793" lon="9.39922">
        <ele>654.8</ele>
      </trkpt>
      <trkpt lat="61.46803" lon="9.3981">
        <ele>653.6</ele>
      </trkpt>
      <trkpt lat="61.46812" lon="9.396979">
        <ele>654.6</ele>
      </trkpt>
      <trkpt lat="61.46818" lon="9.39662">
        <ele>655.0</ele>
      </trkpt>
      <trkpt lat="61.46826" lon="9.39631">
        <ele>655.8</ele>
      </trkpt>
      <trkpt lat="61.46846" lon="9.39579">
        <ele>654.6</ele>
      </trkpt>
      <trkpt lat="61.46867" lon="9.39512">
        <ele>654.9</ele>
      </trkpt>
      <trkpt lat="61.46901" lon="9.39398">
        <ele>650.4</ele>
      </trkpt>
      <trkpt lat="61.46911" lon="9.39354">
        <ele>651.2</ele>
      </trkpt>
      <trkpt lat="61.46918" lon="9.39311">
        <ele>652.0</ele>
      </trkpt>
      <trkpt lat="61.46921" lon="9.39267">
        <ele>652.9</ele>
      </trkpt>
      <trkpt lat="61.46922" lon="9.39227">
        <ele>653.5</ele>
      </trkpt>
      <trkpt lat="61.46917" lon="9.39124">
        <ele>655.5</ele>
      </trkpt>
      <trkpt lat="61.46918" lon="9.39079">
        <ele>656.1</ele>
      </trkpt>
      <trkpt lat="61.46919" lon="9.39041">
        <ele>657.1</ele>
      </trkpt>
      <trkpt lat="61.46929" lon="9.3897">
        <ele>658.4</ele>
      </trkpt>
      <trkpt lat="61.4693" lon="9.38957">
        <ele>659.2</ele>
      </trkpt>
      <trkpt lat="61.46925" lon="9.38836">
        <ele>670.2</ele>
      </trkpt>
      <trkpt lat="61.46928" lon="9.38787">
        <ele>664.9</ele>
      </trkpt>
      <trkpt lat="61.46935" lon="9.38719">
        <ele>662.1</ele>
      </trkpt>
      <trkpt lat="61.46954" lon="9.38568">
        <ele>659.6</ele>
      </trkpt>
      <trkpt lat="61.46978" lon="9.38468">
        <ele>655.2</ele>
      </trkpt>
      <trkpt lat="61.46995" lon="9.38381">
        <ele>654.8</ele>
      </trkpt>
      <trkpt lat="61.47006" lon="9.38345">
        <ele>655.0</ele>
      </trkpt>
      <trkpt lat="61.47017" lon="9.38318">
        <ele>655.8</ele>
      </trkpt>
      <trkpt lat="61.47057" lon="9.38251">
        <ele>654.3</ele>
      </trkpt>
      <trkpt lat="61.4708" lon="9.38188">
        <ele>655.0</ele>
      </trkpt>
      <trkpt lat="61.47089" lon="9.38149">
        <ele>655.5</ele>
      </trkpt>
      <trkpt lat="61.47099" lon="9.380509">
        <ele>657.0</ele>
      </trkpt>
      <trkpt lat="61.47124" lon="9.37971">
        <ele>655.5</ele>
      </trkpt>
      <trkpt lat="61.4714" lon="9.37905">
        <ele>652.1</ele>
      </trkpt>
      <trkpt lat="61.47149" lon="9.37835">
        <ele>651.8</ele>
      </trkpt>
      <trkpt lat="61.47153" lon="9.37821">
        <ele>651.9</ele>
      </trkpt>
      <trkpt lat="61.47159" lon="9.37778">
        <ele>652.2</ele>
      </trkpt>
      <trkpt lat="61.47175" lon="9.37695">
        <ele>652.9</ele>
      </trkpt>
      <trkpt lat="61.47201" lon="9.37536">
        <ele>655.0</ele>
      </trkpt>
      <trkpt lat="61.47218" lon="9.37453">
        <ele>657.0</ele>
      </trkpt>
      <trkpt lat="61.47233" lon="9.37417">
        <ele>661.4</ele>
      </trkpt>
      <trkpt lat="61.47241" lon="9.37404">
        <ele>663.3</ele>
      </trkpt>
      <trkpt lat="61.47311" lon="9.37303">
        <ele>672.3</ele>
      </trkpt>
      <trkpt lat="61.47324" lon="9.37289">
        <ele>672.9</ele>
      </trkpt>
      <trkpt lat="61.47338" lon="9.37279">
        <ele>672.8</ele>
      </trkpt>
      <trkpt lat="61.47361" lon="9.37273">
        <ele>671.0</ele>
      </trkpt>
      <trkpt lat="61.47405" lon="9.37276">
        <ele>663.3</ele>
      </trkpt>
      <trkpt lat="61.47461" lon="9.37285">
        <ele>646.0</ele>
      </trkpt>
      <trkpt lat="61.47518" lon="9.37295">
        <ele>641.3</ele>
      </trkpt>
      <trkpt lat="61.47534" lon="9.37295">
        <ele>642.0</ele>
      </trkpt>
      <trkpt lat="61.47549" lon="9.37292">
        <ele>643.5</ele>
      </trkpt>
      <trkpt lat="61.47561" lon="9.37284">
        <ele>645.4</ele>
      </trkpt>
      <trkpt lat="61.47603" lon="9.3724">
        <ele>650.9</ele>
      </trkpt>
      <trkpt lat="61.47633" lon="9.37215">
        <ele>653.5</ele>
      </trkpt>
      <trkpt lat="61.47671" lon="9.3719">
        <ele>654.0</ele>
      </trkpt>
      <trkpt lat="61.47695" lon="9.37179">
        <ele>653.0</ele>
      </trkpt>
      <trkpt lat="61.47706" lon="9.37163">
        <ele>652.8</ele>
      </trkpt>
      <trkpt lat="61.47712" lon="9.37145">
        <ele>653.1</ele>
      </trkpt>
      <trkpt lat="61.47715" lon="9.37125">
        <ele>653.8</ele>
      </trkpt>
      <trkpt lat="61.47716" lon="9.37098">
        <ele>654.7</ele>
      </trkpt>
      <trkpt lat="61.47714" lon="9.37077">
        <ele>655.4</ele>
      </trkpt>
      <trkpt lat="61.47705" lon="9.3705">
        <ele>656.1</ele>
      </trkpt>
      <trkpt lat="61.4768" lon="9.37002">
        <ele>658.0</ele>
      </trkpt>
      <trkpt lat="61.47668" lon="9.36974">
        <ele>658.5</ele>
      </trkpt>
      <trkpt lat="61.4766" lon="9.36943">
        <ele>658.7</ele>
      </trkpt>
      <trkpt lat="61.47657" lon="9.36908">
        <ele>659.5</ele>
      </trkpt>
      <trkpt lat="61.47657" lon="9.36883">
        <ele>659.7</ele>
      </trkpt>
      <trkpt lat="61.4766" lon="9.36863">
        <ele>659.6</ele>
      </trkpt>
      <trkpt lat="61.47676" lon="9.36768">
        <ele>658.1</ele>
      </trkpt>
      <trkpt lat="61.47692" lon="9.36674">
        <ele>657.4</ele>
      </trkpt>
      <trkpt lat="61.47702" lon="9.36607">
        <ele>657.9</ele>
      </trkpt>
      <trkpt lat="61.47702" lon="9.36549">
        <ele>658.9</ele>
      </trkpt>
      <trkpt lat="61.47699" lon="9.3649">
        <ele>660.6</ele>
      </trkpt>
      <trkpt lat="61.4769" lon="9.36381">
        <ele>663.5</ele>
      </trkpt>
      <trkpt lat="61.47681" lon="9.36272">
        <ele>664.7</ele>
      </trkpt>
      <trkpt lat="61.47677" lon="9.36245">
        <ele>665.1</ele>
      </trkpt>
      <trkpt lat="61.47672" lon="9.36166">
        <ele>663.0</ele>
      </trkpt>
      <trkpt lat="61.47674" lon="9.36137">
        <ele>659.1</ele>
      </trkpt>
      <trkpt lat="61.47684" lon="9.36099">
        <ele>662.4</ele>
      </trkpt>
      <trkpt lat="61.47685" lon="9.36093">
        <ele>662.9</ele>
      </trkpt>
      <trkpt lat="61.477" lon="9.36038">
        <ele>667.7</ele>
      </trkpt>
      <trkpt lat="61.47736" lon="9.35912">
        <ele>679.0</ele>
      </trkpt>
      <trkpt lat="61.47773" lon="9.35797">
        <ele>665.0</ele>
      </trkpt>
      <trkpt lat="61.47782" lon="9.35774">
        <ele>665.4</ele>
      </trkpt>
      <trkpt lat="61.47782" lon="9.35768">
        <ele>665.6</ele>
      </trkpt>
      <trkpt lat="61.47732" lon="9.3576">
        <ele>664.9</ele>
      </trkpt>
      <trkpt lat="61.47681" lon="9.357519">
        <ele>666.0</ele>
      </trkpt>
      <trkpt lat="61.47634" lon="9.35741">
        <ele>666.1</ele>
      </trkpt>
      <trkpt lat="61.47622" lon="9.35735">
        <ele>665.9</ele>
      </trkpt>
      <trkpt lat="61.47575" lon="9.35728">
        <ele>663.9</ele>
      </trkpt>
      <trkpt lat="61.47561" lon="9.35721">
        <ele>663.8</ele>
      </trkpt>
      <trkpt lat="61.4755" lon="9.35711">
        <ele>664.1</ele>
      </trkpt>
      <trkpt lat="61.4754" lon="9.35697">
        <ele>664.4</ele>
      </trkpt>
      <trkpt lat="61.47527" lon="9.35667">
        <ele>665.7</ele>
      </trkpt>
      <trkpt lat="61.47521" lon="9.35648">
        <ele>666.4</ele>
      </trkpt>
      <trkpt lat="61.47513" lon="9.35604">
        <ele>667.7</ele>
      </trkpt>
      <trkpt lat="61.47508" lon="9.35556">
        <ele>667.8</ele>
      </trkpt>
      <trkpt lat="61.47504" lon="9.35527">
        <ele>667.6</ele>
      </trkpt>
      <trkpt lat="61.47487" lon="9.35435">
        <ele>666.2</ele>
      </trkpt>
      <trkpt lat="61.47472" lon="9.35382">
        <ele>666.0</ele>
      </trkpt>
      <trkpt lat="61.47462" lon="9.35357">
        <ele>666.0</ele>
      </trkpt>
      <trkpt lat="61.47445" lon="9.35317">
        <ele>666.0</ele>
      </trkpt>
      <trkpt lat="61.47419" lon="9.352639">
        <ele>666.4</ele>
      </trkpt>
      <trkpt lat="61.47408" lon="9.35238">
        <ele>667.7</ele>
      </trkpt>
      <trkpt lat="61.47393" lon="9.35188">
        <ele>670.3</ele>
      </trkpt>
      <trkpt lat="61.47388" lon="9.35162">
        <ele>671.4</ele>
      </trkpt>
      <trkpt lat="61.47387" lon="9.35145">
        <ele>671.8</ele>
      </trkpt>
      <trkpt lat="61.47379" lon="9.35126">
        <ele>672.8</ele>
      </trkpt>
      <trkpt lat="61.47373" lon="9.35103">
        <ele>673.9</ele>
      </trkpt>
      <trkpt lat="61.47355" lon="9.3501">
        <ele>676.5</ele>
      </trkpt>
      <trkpt lat="61.47342" lon="9.34929">
        <ele>681.0</ele>
      </trkpt>
      <trkpt lat="61.47338" lon="9.34899">
        <ele>683.6</ele>
      </trkpt>
      <trkpt lat="61.47337" lon="9.34876">
        <ele>685.4</ele>
      </trkpt>
      <trkpt lat="61.47337" lon="9.34861">
        <ele>686.2</ele>
      </trkpt>
      <trkpt lat="61.4734" lon="9.34844">
        <ele>686.4</ele>
      </trkpt>
      <trkpt lat="61.47362" lon="9.34778">
        <ele>686.3</ele>
      </trkpt>
      <trkpt lat="61.4737" lon="9.34744">
        <ele>686.6</ele>
      </trkpt>
      <trkpt lat="61.47371" lon="9.34708">
        <ele>688.7</ele>
      </trkpt>
      <trkpt lat="61.47368" lon="9.34657">
        <ele>690.5</ele>
      </trkpt>
      <trkpt lat="61.47361" lon="9.34611">
        <ele>693.0</ele>
      </trkpt>
      <trkpt lat="61.4735" lon="9.3455">
        <ele>696.4</ele>
      </trkpt>
      <trkpt lat="61.47327" lon="9.34428">
        <ele>704.1</ele>
      </trkpt>
      <trkpt lat="61.47314" lon="9.34378">
        <ele>708.1</ele>
      </trkpt>
      <trkpt lat="61.47309" lon="9.34333">
        <ele>711.4</ele>
      </trkpt>
      <trkpt lat="61.47308" lon="9.34283">
        <ele>714.4</ele>
      </trkpt>
      <trkpt lat="61.47305" lon="9.34258">
        <ele>715.8</ele>
      </trkpt>
      <trkpt lat="61.473" lon="9.3424">
        <ele>717.4</ele>
      </trkpt>
      <trkpt lat="61.47294" lon="9.34238">
        <ele>718.5</ele>
      </trkpt>
      <trkpt lat="61.47291" lon="9.342409">
        <ele>718.9</ele>
      </trkpt>
      <trkpt lat="61.47284" lon="9.34258">
        <ele>719.3</ele>
      </trkpt>
      <trkpt lat="61.4728" lon="9.34287">
        <ele>718.5</ele>
      </trkpt>
      <trkpt lat="61.47274" lon="9.34355">
        <ele>716.1</ele>
      </trkpt>
      <trkpt lat="61.47271" lon="9.3438">
        <ele>715.1</ele>
      </trkpt>
      <trkpt lat="61.4726" lon="9.34416">
        <ele>714.8</ele>
      </trkpt>
      <trkpt lat="61.47241" lon="9.34455">
        <ele>714.8</ele>
      </trkpt>
      <trkpt lat="61.47223" lon="9.34482">
        <ele>715.1</ele>
      </trkpt>
      <trkpt lat="61.47198" lon="9.34509">
        <ele>716.3</ele>
      </trkpt>
      <trkpt lat="61.4716" lon="9.34542">
        <ele>720.0</ele>
      </trkpt>
      <trkpt lat="61.47153" lon="9.34551">
        <ele>721.0</ele>
      </trkpt>
      <trkpt lat="61.47135" lon="9.34588">
        <ele>724.2</ele>
      </trkpt>
      <trkpt lat="61.47125" lon="9.34603">
        <ele>726.0</ele>
      </trkpt>
      <trkpt lat="61.47039" lon="9.34657">
        <ele>742.5</ele>
      </trkpt>
      <trkpt lat="61.46953" lon="9.34711">
        <ele>749.5</ele>
      </trkpt>
      <trkpt lat="61.46922" lon="9.34718">
        <ele>755.0</ele>
      </trkpt>
      <trkpt lat="61.46911" lon="9.347149">
        <ele>758.7</ele>
      </trkpt>
      <trkpt lat="61.46864" lon="9.34703">
        <ele>769.9</ele>
      </trkpt>
      <trkpt lat="61.46825" lon="9.34706">
        <ele>773.0</ele>
      </trkpt>
      <trkpt lat="61.46812" lon="9.34703">
        <ele>773.1</ele>
      </trkpt>
      <trkpt lat="61.46797" lon="9.3469">
        <ele>773.0</ele>
      </trkpt>
      <trkpt lat="61.46789" lon="9.34675">
        <ele>773.3</ele>
      </trkpt>
      <trkpt lat="61.46752" lon="9.34596">
        <ele>779.1</ele>
      </trkpt>
      <trkpt lat="61.46716" lon="9.34517">
        <ele>782.9</ele>
      </trkpt>
      <trkpt lat="61.46701" lon="9.34496">
        <ele>784.9</ele>
      </trkpt>
      <trkpt lat="61.46685" lon="9.34484">
        <ele>786.8</ele>
      </trkpt>
      <trkpt lat="61.4665" lon="9.34477">
        <ele>791.0</ele>
      </trkpt>
      <trkpt lat="61.4663" lon="9.34476">
        <ele>793.2</ele>
      </trkpt>
      <trkpt lat="61.46614" lon="9.34469">
        <ele>795.3</ele>
      </trkpt>
      <trkpt lat="61.466" lon="9.34454">
        <ele>798.0</ele>
      </trkpt>
      <trkpt lat="61.46581" lon="9.344239">
        <ele>802.2</ele>
      </trkpt>
      <trkpt lat="61.46565" lon="9.34395">
        <ele>805.7</ele>
      </trkpt>
      <trkpt lat="61.46557" lon="9.34369">
        <ele>807.3</ele>
      </trkpt>
      <trkpt lat="61.46536" lon="9.34262">
        <ele>812.1</ele>
      </trkpt>
      <trkpt lat="61.46516" lon="9.34155">
        <ele>820.6</ele>
      </trkpt>
      <trkpt lat="61.46493" lon="9.3406">
        <ele>818.2</ele>
      </trkpt>
      <trkpt lat="61.46489" lon="9.34021">
        <ele>817.1</ele>
      </trkpt>
      <trkpt lat="61.46483" lon="9.33926">
        <ele>819.3</ele>
      </trkpt>
      <trkpt lat="61.46479" lon="9.33893">
        <ele>820.9</ele>
      </trkpt>
      <trkpt lat="61.46467" lon="9.33842">
        <ele>823.9</ele>
      </trkpt>
      <trkpt lat="61.46442" lon="9.33774">
        <ele>828.9</ele>
      </trkpt>
      <trkpt lat="61.46432" lon="9.33734">
        <ele>832.1</ele>
      </trkpt>
      <trkpt lat="61.46429" lon="9.33699">
        <ele>834.7</ele>
      </trkpt>
      <trkpt lat="61.46429" lon="9.33676">
        <ele>836.3</ele>
      </trkpt>
      <trkpt lat="61.46436" lon="9.33579">
        <ele>842.2</ele>
      </trkpt>
      <trkpt lat="61.46436" lon="9.335229">
        <ele>845.6</ele>
      </trkpt>
      <trkpt lat="61.46426" lon="9.33447">
        <ele>850.3</ele>
      </trkpt>
      <trkpt lat="61.46418" lon="9.33395">
        <ele>852.8</ele>
      </trkpt>
      <trkpt lat="61.464" lon="9.33303">
        <ele>856.5</ele>
      </trkpt>
      <trkpt lat="61.46381" lon="9.33168">
        <ele>858.2</ele>
      </trkpt>
      <trkpt lat="61.46376" lon="9.33114">
        <ele>859.0</ele>
      </trkpt>
      <trkpt lat="61.46374" lon="9.33062">
        <ele>859.3</ele>
      </trkpt>
      <trkpt lat="61.46376" lon="9.33013">
        <ele>860.0</ele>
      </trkpt>
      <trkpt lat="61.46382" lon="9.329319">
        <ele>861.2</ele>
      </trkpt>
      <trkpt lat="61.46387" lon="9.32845">
        <ele>861.4</ele>
      </trkpt>
      <trkpt lat="61.46398" lon="9.32756">
        <ele>861.8</ele>
      </trkpt>
      <trkpt lat="61.46402" lon="9.32747">
        <ele>862.0</ele>
      </trkpt>
      <trkpt lat="61.46401" lon="9.3273">
        <ele>862.0</ele>
      </trkpt>
      <trkpt lat="61.46408" lon="9.32677">
        <ele>863.0</ele>
      </trkpt>
      <trkpt lat="61.4641" lon="9.32643">
        <ele>863.0</ele>
      </trkpt>
      <trkpt lat="61.46406" lon="9.32581">
        <ele>864.6</ele>
      </trkpt>
      <trkpt lat="61.4639" lon="9.32457">
        <ele>866.6</ele>
      </trkpt>
      <trkpt lat="61.46375" lon="9.32333">
        <ele>868.0</ele>
      </trkpt>
      <trkpt lat="61.46362" lon="9.32248">
        <ele>868.3</ele>
      </trkpt>
      <trkpt lat="61.46349" lon="9.32071">
        <ele>870.9</ele>
      </trkpt>
      <trkpt lat="61.46343" lon="9.32022">
        <ele>870.7</ele>
      </trkpt>
      <trkpt lat="61.46324" lon="9.319229">
        <ele>870.3</ele>
      </trkpt>
      <trkpt lat="61.46312" lon="9.31809">
        <ele>867.4</ele>
      </trkpt>
      <trkpt lat="61.46299" lon="9.31695">
        <ele>868.2</ele>
      </trkpt>
      <trkpt lat="61.4629" lon="9.31634">
        <ele>870.2</ele>
      </trkpt>
      <trkpt lat="61.46266" lon="9.31505">
        <ele>877.7</ele>
      </trkpt>
      <trkpt lat="61.46247" lon="9.3137">
        <ele>881.4</ele>
      </trkpt>
      <trkpt lat="61.46229" lon="9.31235">
        <ele>886.8</ele>
      </trkpt>
      <trkpt lat="61.46217" lon="9.311769">
        <ele>889.4</ele>
      </trkpt>
      <trkpt lat="61.46187" lon="9.3106">
        <ele>893.6</ele>
      </trkpt>
      <trkpt lat="61.46167" lon="9.30961">
        <ele>896.0</ele>
      </trkpt>
      <trkpt lat="61.46161" lon="9.30921">
        <ele>896.5</ele>
      </trkpt>
      <trkpt lat="61.4616" lon="9.30898">
        <ele>897.0</ele>
      </trkpt>
      <trkpt lat="61.46162" lon="9.30841">
        <ele>898.0</ele>
      </trkpt>
      <trkpt lat="61.46171" lon="9.30749">
        <ele>900.0</ele>
      </trkpt>
      <trkpt lat="61.46194" lon="9.3061">
        <ele>906.5</ele>
      </trkpt>
      <trkpt lat="61.46216" lon="9.30471">
        <ele>912.4</ele>
      </trkpt>
      <trkpt lat="61.46239" lon="9.30332">
        <ele>917.3</ele>
      </trkpt>
      <trkpt lat="61.46267" lon="9.30205">
        <ele>923.4</ele>
      </trkpt>
      <trkpt lat="61.46295" lon="9.300789">
        <ele>927.5</ele>
      </trkpt>
      <trkpt lat="61.46323" lon="9.29952">
        <ele>930.4</ele>
      </trkpt>
      <trkpt lat="61.46338" lon="9.29898">
        <ele>931.2</ele>
      </trkpt>
      <trkpt lat="61.46384" lon="9.29755">
        <ele>936.1</ele>
      </trkpt>
      <trkpt lat="61.46429" lon="9.29612">
        <ele>941.4</ele>
      </trkpt>
      <trkpt lat="61.46455" lon="9.29536">
        <ele>946.7</ele>
      </trkpt>
      <trkpt lat="61.46478" lon="9.29496">
        <ele>949.8</ele>
      </trkpt>
      <trkpt lat="61.46504" lon="9.29463">
        <ele>953.8</ele>
      </trkpt>
      <trkpt lat="61.46534" lon="9.29432">
        <ele>957.4</ele>
      </trkpt>
      <trkpt lat="61.46541" lon="9.29421">
        <ele>958.3</ele>
      </trkpt>
      <trkpt lat="61.4655" lon="9.29397">
        <ele>959.8</ele>
      </trkpt>
      <trkpt lat="61.46558" lon="9.29361">
        <ele>961.7</ele>
      </trkpt>
      <trkpt lat="61.46562" lon="9.29326">
        <ele>963.0</ele>
      </trkpt>
      <trkpt lat="61.46564" lon="9.29288">
        <ele>963.7</ele>
      </trkpt>
      <trkpt lat="61.46551" lon="9.291219">
        <ele>965.5</ele>
      </trkpt>
      <trkpt lat="61.46547" lon="9.290609">
        <ele>965.8</ele>
      </trkpt>
      <trkpt lat="61.46547" lon="9.29018">
        <ele>966.6</ele>
      </trkpt>
      <trkpt lat="61.46553" lon="9.28866">
        <ele>969.0</ele>
      </trkpt>
      <trkpt lat="61.4656" lon="9.28713">
        <ele>968.8</ele>
      </trkpt>
      <trkpt lat="61.46569" lon="9.28613">
        <ele>967.5</ele>
      </trkpt>
      <trkpt lat="61.46573" lon="9.28591">
        <ele>967.5</ele>
      </trkpt>
      <trkpt lat="61.46586" lon="9.28537">
        <ele>967.7</ele>
      </trkpt>
      <trkpt lat="61.46609" lon="9.284509">
        <ele>970.1</ele>
      </trkpt>
      <trkpt lat="61.46632" lon="9.28365">
        <ele>974.8</ele>
      </trkpt>
      <trkpt lat="61.46662" lon="9.28251">
        <ele>980.5</ele>
      </trkpt>
      <trkpt lat="61.46691" lon="9.28138">
        <ele>981.3</ele>
      </trkpt>
      <trkpt lat="61.4672" lon="9.28025">
        <ele>982.2</ele>
      </trkpt>
      <trkpt lat="61.4674" lon="9.27962">
        <ele>983.1</ele>
      </trkpt>
      <trkpt lat="61.46784" lon="9.27848">
        <ele>988.1</ele>
      </trkpt>
      <trkpt lat="61.46813" lon="9.27763">
        <ele>992.6</ele>
      </trkpt>
      <trkpt lat="61.46842" lon="9.27679">
        <ele>996.5</ele>
      </trkpt>
      <trkpt lat="61.46851" lon="9.27642">
        <ele>994.5</ele>
      </trkpt>
      <trkpt lat="61.46863" lon="9.27565">
        <ele>982.7</ele>
      </trkpt>
      <trkpt lat="61.46883" lon="9.27412">
        <ele>961.7</ele>
      </trkpt>
      <trkpt lat="61.46903" lon="9.272589">
        <ele>949.9</ele>
      </trkpt>
      <trkpt lat="61.4692" lon="9.2713">
        <ele>951.6</ele>
      </trkpt>
      <trkpt lat="61.46938" lon="9.27">
        <ele>946.3</ele>
      </trkpt>
      <trkpt lat="61.46951" lon="9.26885">
        <ele>945.1</ele>
      </trkpt>
      <trkpt lat="61.46965" lon="9.2677">
        <ele>951.8</ele>
      </trkpt>
      <trkpt lat="61.46968" lon="9.26694">
        <ele>952.2</ele>
      </trkpt>
      <trkpt lat="61.46969" lon="9.265879">
        <ele>952.4</ele>
      </trkpt>
      <trkpt lat="61.46969" lon="9.26481">
        <ele>956.0</ele>
      </trkpt>
      <trkpt lat="61.46968" lon="9.264379">
        <ele>958.8</ele>
      </trkpt>
      <trkpt lat="61.4696" lon="9.26387">
        <ele>961.4</ele>
      </trkpt>
      <trkpt lat="61.46956" lon="9.26373">
        <ele>962.0</ele>
      </trkpt>
      <trkpt lat="61.46944" lon="9.26342">
        <ele>963.3</ele>
      </trkpt>
      <trkpt lat="61.46923" lon="9.26305">
        <ele>963.2</ele>
      </trkpt>
      <trkpt lat="61.46886" lon="9.26258">
        <ele>963.1</ele>
      </trkpt>
      <trkpt lat="61.46872" lon="9.26226">
        <ele>964.4</ele>
      </trkpt>
      <trkpt lat="61.46855" lon="9.26178">
        <ele>967.5</ele>
      </trkpt>
      <trkpt lat="61.46846" lon="9.261609">
        <ele>968.7</ele>
      </trkpt>
      <trkpt lat="61.46834" lon="9.26148">
        <ele>968.6</ele>
      </trkpt>
      <trkpt lat="61.46827" lon="9.26143">
        <ele>968.1</ele>
      </trkpt>
      <trkpt lat="61.46788" lon="9.26137">
        <ele>964.3</ele>
      </trkpt>
      <trkpt lat="61.46767" lon="9.2612">
        <ele>963.9</ele>
      </trkpt>
      <trkpt lat="61.46753" lon="9.26098">
        <ele>965.5</ele>
      </trkpt>
      <trkpt lat="61.46736" lon="9.26064">
        <ele>968.4</ele>
      </trkpt>
      <trkpt lat="61.4671" lon="9.26017">
        <ele>970.8</ele>
      </trkpt>
      <trkpt lat="61.46698" lon="9.26">
        <ele>970.9</ele>
      </trkpt>
      <trkpt lat="61.46686" lon="9.25987">
        <ele>970.5</ele>
      </trkpt>
      <trkpt lat="61.46651" lon="9.259639">
        <ele>967.4</ele>
      </trkpt>
      <trkpt lat="61.46606" lon="9.25933">
        <ele>965.5</ele>
      </trkpt>
      <trkpt lat="61.46552" lon="9.25904">
        <ele>963.7</ele>
      </trkpt>
      <trkpt lat="61.46498" lon="9.258749">
        <ele>960.9</ele>
      </trkpt>
      <trkpt lat="61.46482" lon="9.258749">
        <ele>959.7</ele>
      </trkpt>
      <trkpt lat="61.46402" lon="9.25893">
        <ele>958.0</ele>
      </trkpt>
      <trkpt lat="61.46322" lon="9.2591">
        <ele>958.7</ele>
      </trkpt>
      <trkpt lat="61.46301" lon="9.25913">
        <ele>958.6</ele>
      </trkpt>
      <trkpt lat="61.46282" lon="9.2591">
        <ele>958.6</ele>
      </trkpt>
      <trkpt lat="61.46259" lon="9.259">
        <ele>959.0</ele>
      </trkpt>
      <trkpt lat="61.46194" lon="9.2585">
        <ele>959.8</ele>
      </trkpt>
      <trkpt lat="61.46164" lon="9.2584">
        <ele>958.7</ele>
      </trkpt>
      <trkpt lat="61.46145" lon="9.258419">
        <ele>958.2</ele>
      </trkpt>
      <trkpt lat="61.46076" lon="9.2586">
        <ele>960.5</ele>
      </trkpt>
      <trkpt lat="61.46029" lon="9.25868">
        <ele>964.0</ele>
      </trkpt>
      <trkpt lat="61.45983" lon="9.25877">
        <ele>965.9</ele>
      </trkpt>
      <trkpt lat="61.45964" lon="9.25866">
        <ele>966.3</ele>
      </trkpt>
      <trkpt lat="61.45923" lon="9.25823">
        <ele>967.2</ele>
      </trkpt>
      <trkpt lat="61.459" lon="9.2581">
        <ele>966.1</ele>
      </trkpt>
      <trkpt lat="61.45866" lon="9.25805">
        <ele>963.9</ele>
      </trkpt>
      <trkpt lat="61.45816" lon="9.2581">
        <ele>959.8</ele>
      </trkpt>
      <trkpt lat="61.458" lon="9.25806">
        <ele>958.6</ele>
      </trkpt>
      <trkpt lat="61.4579" lon="9.25799">
        <ele>958.0</ele>
      </trkpt>
      <trkpt lat="61.45771" lon="9.25778">
        <ele>957.3</ele>
      </trkpt>
      <trkpt lat="61.45726" lon="9.257199">
        <ele>957.5</ele>
      </trkpt>
      <trkpt lat="61.45682" lon="9.25663">
        <ele>967.5</ele>
      </trkpt>
      <trkpt lat="61.45665" lon="9.25646">
        <ele>970.0</ele>
      </trkpt>
      <trkpt lat="61.45642" lon="9.256309">
        <ele>972.0</ele>
      </trkpt>
      <trkpt lat="61.45627" lon="9.25629">
        <ele>972.6</ele>
      </trkpt>
      <trkpt lat="61.45608" lon="9.25632">
        <ele>972.3</ele>
      </trkpt>
      <trkpt lat="61.45548" lon="9.25651">
        <ele>966.7</ele>
      </trkpt>
      <trkpt lat="61.45484" lon="9.25677">
        <ele>974.0</ele>
      </trkpt>
      <trkpt lat="61.45461" lon="9.25682">
        <ele>977.6</ele>
      </trkpt>
      <trkpt lat="61.45441" lon="9.25682">
        <ele>979.2</ele>
      </trkpt>
      <trkpt lat="61.45411" lon="9.256729">
        <ele>980.6</ele>
      </trkpt>
      <trkpt lat="61.45363" lon="9.2565">
        <ele>985.8</ele>
      </trkpt>
      <trkpt lat="61.45313" lon="9.25623">
        <ele>994.8</ele>
      </trkpt>
      <trkpt lat="61.45259" lon="9.25606">
        <ele>999.6</ele>
      </trkpt>
      <trkpt lat="61.45219" lon="9.25604">
        <ele>999.0</ele>
      </trkpt>
      <trkpt lat="61.45154" lon="9.25624">
        <ele>997.1</ele>
      </trkpt>
      <trkpt lat="61.45132" lon="9.25625">
        <ele>997.0</ele>
      </trkpt>
      <trkpt lat="61.45112" lon="9.2562">
        <ele>996.0</ele>
      </trkpt>
      <trkpt lat="61.45083" lon="9.25608">
        <ele>993.3</ele>
      </trkpt>
      <trkpt lat="61.45063" lon="9.25596">
        <ele>991.4</ele>
      </trkpt>
      <trkpt lat="61.45028" lon="9.25568">
        <ele>992.6</ele>
      </trkpt>
      <trkpt lat="61.44984" lon="9.25525">
        <ele>998.2</ele>
      </trkpt>
      <trkpt lat="61.44931" lon="9.25478">
        <ele>1000.3</ele>
      </trkpt>
      <trkpt lat="61.44907" lon="9.25452">
        <ele>1000.4</ele>
      </trkpt>
      <trkpt lat="61.44884" lon="9.25414">
        <ele>1001.6</ele>
      </trkpt>
      <trkpt lat="61.44828" lon="9.25306">
        <ele>1001.7</ele>
      </trkpt>
      <trkpt lat="61.44791" lon="9.25241">
        <ele>1010.6</ele>
      </trkpt>
      <trkpt lat="61.44762" lon="9.25184">
        <ele>1019.1</ele>
      </trkpt>
      <trkpt lat="61.44743" lon="9.25159">
        <ele>1023.7</ele>
      </trkpt>
      <trkpt lat="61.44691" lon="9.25118">
        <ele>1026.9</ele>
      </trkpt>
      <trkpt lat="61.44621" lon="9.25055">
        <ele>1028.0</ele>
      </trkpt>
      <trkpt lat="61.44602" lon="9.2504">
        <ele>1028.3</ele>
      </trkpt>
      <trkpt lat="61.44578" lon="9.25027">
        <ele>1028.7</ele>
      </trkpt>
      <trkpt lat="61.44518" lon="9.25003">
        <ele>1031.2</ele>
      </trkpt>
      <trkpt lat="61.44458" lon="9.24979">
        <ele>1037.5</ele>
      </trkpt>
      <trkpt lat="61.44409" lon="9.24962">
        <ele>1040.5</ele>
      </trkpt>
      <trkpt lat="61.44359" lon="9.24945">
        <ele>1041.9</ele>
      </trkpt>
      <trkpt lat="61.44304" lon="9.24906">
        <ele>1044.7</ele>
      </trkpt>
      <trkpt lat="61.44284" lon="9.24888">
        <ele>1045.9</ele>
      </trkpt>
      <trkpt lat="61.44265" lon="9.24863">
        <ele>1046.5</ele>
      </trkpt>
      <trkpt lat="61.44219" lon="9.24773">
        <ele>1043.1</ele>
      </trkpt>
      <trkpt lat="61.4421" lon="9.24751">
        <ele>1042.7</ele>
      </trkpt>
      <trkpt lat="61.44198" lon="9.24707">
        <ele>1044.0</ele>
      </trkpt>
      <trkpt lat="61.44188" lon="9.24658">
        <ele>1047.2</ele>
      </trkpt>
      <trkpt lat="61.44153" lon="9.24487">
        <ele>1057.0</ele>
      </trkpt>
      <trkpt lat="61.44148" lon="9.24436">
        <ele>1054.3</ele>
      </trkpt>
      <trkpt lat="61.44145" lon="9.24351">
        <ele>1049.6</ele>
      </trkpt>
      <trkpt lat="61.44148" lon="9.24293">
        <ele>1050.7</ele>
      </trkpt>
      <trkpt lat="61.44153" lon="9.24245">
        <ele>1050.4</ele>
      </trkpt>
      <trkpt lat="61.44156" lon="9.242279">
        <ele>1050.2</ele>
      </trkpt>
      <trkpt lat="61.44177" lon="9.24149">
        <ele>1050.4</ele>
      </trkpt>
      <trkpt lat="61.44213" lon="9.24023">
        <ele>1052.7</ele>
      </trkpt>
      <trkpt lat="61.44249" lon="9.23897">
        <ele>1055.0</ele>
      </trkpt>
      <trkpt lat="61.44286" lon="9.23771">
        <ele>1051.9</ele>
      </trkpt>
      <trkpt lat="61.44315" lon="9.23637">
        <ele>1052.3</ele>
      </trkpt>
      <trkpt lat="61.44344" lon="9.23504">
        <ele>1043.8</ele>
      </trkpt>
      <trkpt lat="61.4435" lon="9.23452">
        <ele>1044.2</ele>
      </trkpt>
      <trkpt lat="61.44354" lon="9.23406">
        <ele>1043.8</ele>
      </trkpt>
      <trkpt lat="61.44354" lon="9.23378">
        <ele>1043.5</ele>
      </trkpt>
      <trkpt lat="61.44349" lon="9.23317">
        <ele>1043.1</ele>
      </trkpt>
      <trkpt lat="61.44332" lon="9.23185">
        <ele>1040.9</ele>
      </trkpt>
      <trkpt lat="61.44315" lon="9.23053">
        <ele>1049.2</ele>
      </trkpt>
      <trkpt lat="61.44307" lon="9.23001">
        <ele>1050.9</ele>
      </trkpt>
      <trkpt lat="61.44288" lon="9.22916">
        <ele>1052.0</ele>
      </trkpt>
      <trkpt lat="61.44241" lon="9.22761">
        <ele>1049.7</ele>
      </trkpt>
      <trkpt lat="61.44193" lon="9.22605">
        <ele>1048.1</ele>
      </trkpt>
      <trkpt lat="61.44161" lon="9.22494">
        <ele>1044.4</ele>
      </trkpt>
      <trkpt lat="61.44128" lon="9.22383">
        <ele>1027.8</ele>
      </trkpt>
      <trkpt lat="61.44097" lon="9.22265">
        <ele>1031.0</ele>
      </trkpt>
      <trkpt lat="61.44073" lon="9.22161">
        <ele>1031.0</ele>
      </trkpt>
      <trkpt lat="61.44048" lon="9.22058">
        <ele>1030.2</ele>
      </trkpt>
      <trkpt lat="61.44026" lon="9.21986">
        <ele>1030.9</ele>
      </trkpt>
      <trkpt lat="61.43991" lon="9.219099">
        <ele>1028.8</ele>
      </trkpt>
      <trkpt lat="61.43954" lon="9.21842">
        <ele>1035.5</ele>
      </trkpt>
      <trkpt lat="61.43917" lon="9.217739">
        <ele>1038.2</ele>
      </trkpt>
      <trkpt lat="61.43884" lon="9.21716">
        <ele>1033.4</ele>
      </trkpt>
      <trkpt lat="61.4383" lon="9.21614">
        <ele>1031.0</ele>
      </trkpt>
      <trkpt lat="61.43775" lon="9.215109">
        <ele>1031.6</ele>
      </trkpt>
      <trkpt lat="61.43739" lon="9.21425">
        <ele>1036.8</ele>
      </trkpt>
      <trkpt lat="61.43705" lon="9.21335">
        <ele>1030.9</ele>
      </trkpt>
      <trkpt lat="61.43671" lon="9.21246">
        <ele>1028.4</ele>
      </trkpt>
      <trkpt lat="61.43638" lon="9.21158">
        <ele>1031.1</ele>
      </trkpt>
      <trkpt lat="61.43625" lon="9.211309">
        <ele>1033.8</ele>
      </trkpt>
      <trkpt lat="61.43569" lon="9.21032">
        <ele>1036.0</ele>
      </trkpt>
      <trkpt lat="61.43557" lon="9.21011">
        <ele>1035.1</ele>
      </trkpt>
      <trkpt lat="61.43536" lon="9.209479">
        <ele>1033.8</ele>
      </trkpt>
      <trkpt lat="61.43514" lon="9.20868">
        <ele>1033.0</ele>
      </trkpt>
      <trkpt lat="61.43487" lon="9.20724">
        <ele>1032.5</ele>
      </trkpt>
      <trkpt lat="61.43477" lon="9.20681">
        <ele>1032.3</ele>
      </trkpt>
      <trkpt lat="61.43437" lon="9.20576">
        <ele>1031.2</ele>
      </trkpt>
      <trkpt lat="61.43424" lon="9.20552">
        <ele>1031.4</ele>
      </trkpt>
      <trkpt lat="61.43405" lon="9.20528">
        <ele>1031.1</ele>
      </trkpt>
      <trkpt lat="61.43367" lon="9.204929">
        <ele>1030.8</ele>
      </trkpt>
      <trkpt lat="61.43316" lon="9.20463">
        <ele>1033.1</ele>
      </trkpt>
      <trkpt lat="61.43292" lon="9.2044">
        <ele>1034.0</ele>
      </trkpt>
      <trkpt lat="61.43282" lon="9.20424">
        <ele>1033.5</ele>
      </trkpt>
      <trkpt lat="61.43239" lon="9.20331">
        <ele>1033.2</ele>
      </trkpt>
      <trkpt lat="61.43218" lon="9.20293">
        <ele>1032.0</ele>
      </trkpt>
      <trkpt lat="61.43167" lon="9.20218">
        <ele>1030.8</ele>
      </trkpt>
      <trkpt lat="61.43107" lon="9.20116">
        <ele>1029.0</ele>
      </trkpt>
      <trkpt lat="61.43074" lon="9.20048">
        <ele>1025.2</ele>
      </trkpt>
      <trkpt lat="61.43063" lon="9.20016">
        <ele>1024.1</ele>
      </trkpt>
      <trkpt lat="61.43052" lon="9.199719">
        <ele>1022.5</ele>
      </trkpt>
      <trkpt lat="61.43042" lon="9.19919">
        <ele>1022.0</ele>
      </trkpt>
      <trkpt lat="61.4303" lon="9.19825">
        <ele>1019.2</ele>
      </trkpt>
      <trkpt lat="61.43013" lon="9.19725">
        <ele>1024.7</ele>
      </trkpt>
      <trkpt lat="61.42992" lon="9.196389">
        <ele>1027.5</ele>
      </trkpt>
      <trkpt lat="61.42972" lon="9.19552">
        <ele>1022.8</ele>
      </trkpt>
      <trkpt lat="61.42962" lon="9.19522">
        <ele>1020.4</ele>
      </trkpt>
      <trkpt lat="61.42945" lon="9.19482">
        <ele>1020.7</ele>
      </trkpt>
      <trkpt lat="61.4289" lon="9.19377">
        <ele>1022.9</ele>
      </trkpt>
      <trkpt lat="61.42835" lon="9.19272">
        <ele>1029.3</ele>
      </trkpt>
      <trkpt lat="61.42823" lon="9.192399">
        <ele>1030.1</ele>
      </trkpt>
      <trkpt lat="61.42816" lon="9.19203">
        <ele>1030.9</ele>
      </trkpt>
      <trkpt lat="61.4281" lon="9.19135">
        <ele>1031.4</ele>
      </trkpt>
      <trkpt lat="61.4281" lon="9.19097">
        <ele>1032.0</ele>
      </trkpt>
      <trkpt lat="61.42812" lon="9.19064">
        <ele>1033.0</ele>
      </trkpt>
      <trkpt lat="61.42831" lon="9.18899">
        <ele>1038.4</ele>
      </trkpt>
      <trkpt lat="61.42832" lon="9.188739">
        <ele>1039.4</ele>
      </trkpt>
      <trkpt lat="61.42831" lon="9.18838">
        <ele>1041.0</ele>
      </trkpt>
      <trkpt lat="61.42823" lon="9.18725">
        <ele>1045.8</ele>
      </trkpt>
      <trkpt lat="61.42823" lon="9.18652">
        <ele>1048.5</ele>
      </trkpt>
      <trkpt lat="61.4282" lon="9.18631">
        <ele>1048.8</ele>
      </trkpt>
      <trkpt lat="61.42813" lon="9.186">
        <ele>1049.0</ele>
      </trkpt>
      <trkpt lat="61.42803" lon="9.18581">
        <ele>1047.6</ele>
      </trkpt>
      <trkpt lat="61.42752" lon="9.18535">
        <ele>1042.0</ele>
      </trkpt>
      <trkpt lat="61.42702" lon="9.18467">
        <ele>1039.5</ele>
      </trkpt>
      <trkpt lat="61.42665" lon="9.18426">
        <ele>1038.0</ele>
      </trkpt>
      <trkpt lat="61.426" lon="9.18375">
        <ele>1037.1</ele>
      </trkpt>
      <trkpt lat="61.42555" lon="9.18347">
        <ele>1038.0</ele>
      </trkpt>
      <trkpt lat="61.42498" lon="9.18323">
        <ele>1037.6</ele>
      </trkpt>
      <trkpt lat="61.4248" lon="9.18319">
        <ele>1036.6</ele>
      </trkpt>
      <trkpt lat="61.42439" lon="9.18324">
        <ele>1034.0</ele>
      </trkpt>
      <trkpt lat="61.42417" lon="9.18335">
        <ele>1032.7</ele>
      </trkpt>
      <trkpt lat="61.42393" lon="9.18355">
        <ele>1032.1</ele>
      </trkpt>
      <trkpt lat="61.42342" lon="9.184189">
        <ele>1033.3</ele>
      </trkpt>
      <trkpt lat="61.42305" lon="9.1846">
        <ele>1033.5</ele>
      </trkpt>
      <trkpt lat="61.42295" lon="9.18467">
        <ele>1033.6</ele>
      </trkpt>
      <trkpt lat="61.42272" lon="9.18476">
        <ele>1033.8</ele>
      </trkpt>
      <trkpt lat="61.42255" lon="9.18476">
        <ele>1034.1</ele>
      </trkpt>
      <trkpt lat="61.42233" lon="9.18468">
        <ele>1034.8</ele>
      </trkpt>
      <trkpt lat="61.42209" lon="9.184469">
        <ele>1036.0</ele>
      </trkpt>
      <trkpt lat="61.4219" lon="9.18424">
        <ele>1036.9</ele>
      </trkpt>
      <trkpt lat="61.4217" lon="9.184049">
        <ele>1037.5</ele>
      </trkpt>
      <trkpt lat="61.42161" lon="9.18397">
        <ele>1037.4</ele>
      </trkpt>
      <trkpt lat="61.42132" lon="9.18382">
        <ele>1037.6</ele>
      </trkpt>
      <trkpt lat="61.42049" lon="9.18367">
        <ele>1035.6</ele>
      </trkpt>
      <trkpt lat="61.42" lon="9.18364">
        <ele>1035.7</ele>
      </trkpt>
      <trkpt lat="61.4195" lon="9.18362">
        <ele>1036.6</ele>
      </trkpt>
      <trkpt lat="61.419" lon="9.18365">
        <ele>1037.6</ele>
      </trkpt>
      <trkpt lat="61.4185" lon="9.18378">
        <ele>1038.0</ele>
      </trkpt>
      <trkpt lat="61.418" lon="9.183909">
        <ele>1032.3</ele>
      </trkpt>
      <trkpt lat="61.41735" lon="9.18415">
        <ele>1029.5</ele>
      </trkpt>
      <trkpt lat="61.41728" lon="9.18418">
        <ele>1029.2</ele>
      </trkpt>
      <trkpt lat="61.41677" lon="9.18436">
        <ele>1027.1</ele>
      </trkpt>
      <trkpt lat="61.4166" lon="9.18439">
        <ele>1027.7</ele>
      </trkpt>
      <trkpt lat="61.41639" lon="9.18437">
        <ele>1028.9</ele>
      </trkpt>
      <trkpt lat="61.41626" lon="9.1843">
        <ele>1029.9</ele>
      </trkpt>
      <trkpt lat="61.41616" lon="9.18417">
        <ele>1031.0</ele>
      </trkpt>
      <trkpt lat="61.41562" lon="9.18324">
        <ele>1038.6</ele>
      </trkpt>
      <trkpt lat="61.41507" lon="9.18232">
        <ele>1045.0</ele>
      </trkpt>
      <trkpt lat="61.41442" lon="9.18111">
        <ele>1038.4</ele>
      </trkpt>
      <trkpt lat="61.41419" lon="9.18087">
        <ele>1037.6</ele>
      </trkpt>
      <trkpt lat="61.41404" lon="9.18079">
        <ele>1037.9</ele>
      </trkpt>
      <trkpt lat="61.41394" lon="9.18073">
        <ele>1037.7</ele>
      </trkpt>
      <trkpt lat="61.4136" lon="9.18068">
        <ele>1037.1</ele>
      </trkpt>
      <trkpt lat="61.41332" lon="9.18076">
        <ele>1036.9</ele>
      </trkpt>
      <trkpt lat="61.41269" lon="9.18127">
        <ele>1038.7</ele>
      </trkpt>
      <trkpt lat="61.41195" lon="9.18151">
        <ele>1041.0</ele>
      </trkpt>
      <trkpt lat="61.41176" lon="9.18165">
        <ele>1040.5</ele>
      </trkpt>
      <trkpt lat="61.41127" lon="9.1823">
        <ele>1038.3</ele>
      </trkpt>
      <trkpt lat="61.41093" lon="9.18279">
        <ele>1037.6</ele>
      </trkpt>
      <trkpt lat="61.4107" lon="9.1832">
        <ele>1038.0</ele>
      </trkpt>
      <trkpt lat="61.41039" lon="9.18364">
        <ele>1040.1</ele>
      </trkpt>
      <trkpt lat="61.40997" lon="9.18432">
        <ele>1041.6</ele>
      </trkpt>
      <trkpt lat="61.40976" lon="9.18472">
        <ele>1042.7</ele>
      </trkpt>
      <trkpt lat="61.40934" lon="9.18564">
        <ele>1042.0</ele>
      </trkpt>
      <trkpt lat="61.40893" lon="9.1866">
        <ele>1039.5</ele>
      </trkpt>
      <trkpt lat="61.40876" lon="9.18697">
        <ele>1038.4</ele>
      </trkpt>
      <trkpt lat="61.4087" lon="9.18708">
        <ele>1037.8</ele>
      </trkpt>
      <trkpt lat="61.40847" lon="9.187379">
        <ele>1037.0</ele>
      </trkpt>
      <trkpt lat="61.4081" lon="9.18774">
        <ele>1035.9</ele>
      </trkpt>
      <trkpt lat="61.40796" lon="9.18784">
        <ele>1035.4</ele>
      </trkpt>
      <trkpt lat="61.40776" lon="9.18793">
        <ele>1035.0</ele>
      </trkpt>
      <trkpt lat="61.40754" lon="9.18795">
        <ele>1035.0</ele>
      </trkpt>
      <trkpt lat="61.40744" lon="9.18793">
        <ele>1035.0</ele>
      </trkpt>
      <trkpt lat="61.40722" lon="9.18781">
        <ele>1035.9</ele>
      </trkpt>
      <trkpt lat="61.40696" lon="9.1876">
        <ele>1037.5</ele>
      </trkpt>
      <trkpt lat="61.40677" lon="9.18739">
        <ele>1038.1</ele>
      </trkpt>
      <trkpt lat="61.40655" lon="9.18707">
        <ele>1039.9</ele>
      </trkpt>
      <trkpt lat="61.40625" lon="9.18653">
        <ele>1041.0</ele>
      </trkpt>
      <trkpt lat="61.40576" lon="9.18526">
        <ele>1044.2</ele>
      </trkpt>
      <trkpt lat="61.40558" lon="9.18485">
        <ele>1045.4</ele>
      </trkpt>
      <trkpt lat="61.40547" lon="9.1845">
        <ele>1045.8</ele>
      </trkpt>
      <trkpt lat="61.40536" lon="9.18409">
        <ele>1046.0</ele>
      </trkpt>
      <trkpt lat="61.40525" lon="9.18353">
        <ele>1046.0</ele>
      </trkpt>
      <trkpt lat="61.40512" lon="9.18261">
        <ele>1046.0</ele>
      </trkpt>
      <trkpt lat="61.40504" lon="9.18219">
        <ele>1045.7</ele>
      </trkpt>
      <trkpt lat="61.40481" lon="9.18138">
        <ele>1048.2</ele>
      </trkpt>
      <trkpt lat="61.40459" lon="9.18051">
        <ele>1050.0</ele>
      </trkpt>
      <trkpt lat="61.40437" lon="9.17963">
        <ele>1050.8</ele>
      </trkpt>
      <trkpt lat="61.40424" lon="9.17924">
        <ele>1051.0</ele>
      </trkpt>
      <trkpt lat="61.40406" lon="9.17887">
        <ele>1051.0</ele>
      </trkpt>
      <trkpt lat="61.40388" lon="9.17858">
        <ele>1051.0</ele>
      </trkpt>
      <trkpt lat="61.40375" lon="9.17843">
        <ele>1051.0</ele>
      </trkpt>
      <trkpt lat="61.40308" lon="9.17796">
        <ele>1052.3</ele>
      </trkpt>
      <trkpt lat="61.40286" lon="9.17785">
        <ele>1053.3</ele>
      </trkpt>
      <trkpt lat="61.40256" lon="9.1778">
        <ele>1054.1</ele>
      </trkpt>
      <trkpt lat="61.40215" lon="9.177809">
        <ele>1056.0</ele>
      </trkpt>
      <trkpt lat="61.40183" lon="9.17787">
        <ele>1056.9</ele>
      </trkpt>
      <trkpt lat="61.40157" lon="9.17784">
        <ele>1057.8</ele>
      </trkpt>
      <trkpt lat="61.40143" lon="9.17777">
        <ele>1058.0</ele>
      </trkpt>
      <trkpt lat="61.40068" lon="9.17707">
        <ele>1057.0</ele>
      </trkpt>
      <trkpt lat="61.40044" lon="9.17695">
        <ele>1057.5</ele>
      </trkpt>
      <trkpt lat="61.40026" lon="9.17699">
        <ele>1058.2</ele>
      </trkpt>
      <trkpt lat="61.39961" lon="9.17749">
        <ele>1060.9</ele>
      </trkpt>
      <trkpt lat="61.39921" lon="9.17775">
        <ele>1062.0</ele>
      </trkpt>
      <trkpt lat="61.39884" lon="9.17793">
        <ele>1061.3</ele>
      </trkpt>
      <trkpt lat="61.39842" lon="9.178">
        <ele>1060.0</ele>
      </trkpt>
      <trkpt lat="61.39794" lon="9.17804">
        <ele>1060.0</ele>
      </trkpt>
      <trkpt lat="61.39746" lon="9.17808">
        <ele>1062.6</ele>
      </trkpt>
      <trkpt lat="61.39682" lon="9.17817">
        <ele>1066.9</ele>
      </trkpt>
      <trkpt lat="61.39664" lon="9.17814">
        <ele>1067.7</ele>
      </trkpt>
      <trkpt lat="61.39655" lon="9.17783">
        <ele>1069.2</ele>
      </trkpt>
      <trkpt lat="61.39649" lon="9.17736">
        <ele>1069.9</ele>
      </trkpt>
      <trkpt lat="61.39645" lon="9.17663">
        <ele>1071.9</ele>
      </trkpt>
      <trkpt lat="61.39638" lon="9.17563">
        <ele>1074.2</ele>
      </trkpt>
      <trkpt lat="61.39631" lon="9.17463">
        <ele>1078.3</ele>
      </trkpt>
      <trkpt lat="61.3962" lon="9.17336">
        <ele>1085.6</ele>
      </trkpt>
      <trkpt lat="61.39609" lon="9.17209">
        <ele>1087.0</ele>
      </trkpt>
      <trkpt lat="61.39596" lon="9.17037">
        <ele>1086.0</ele>
      </trkpt>
      <trkpt lat="61.39583" lon="9.16865">
        <ele>1088.7</ele>
      </trkpt>
      <trkpt lat="61.3957" lon="9.16693">
        <ele>1096.1</ele>
      </trkpt>
      <trkpt lat="61.3956" lon="9.16564">
        <ele>1107.4</ele>
      </trkpt>
      <trkpt lat="61.3956" lon="9.16507">
        <ele>1111.3</ele>
      </trkpt>
      <trkpt lat="61.39563" lon="9.16469">
        <ele>1112.9</ele>
      </trkpt>
      <trkpt lat="61.39569" lon="9.16412">
        <ele>1115.4</ele>
      </trkpt>
      <trkpt lat="61.39573" lon="9.16309">
        <ele>1120.1</ele>
      </trkpt>
      <trkpt lat="61.39578" lon="9.16207">
        <ele>1126.7</ele>
      </trkpt>
      <trkpt lat="61.3958" lon="9.161809">
        <ele>1127.6</ele>
      </trkpt>
      <trkpt lat="61.39591" lon="9.16099">
        <ele>1131.2</ele>
      </trkpt>
      <trkpt lat="61.39594" lon="9.16043">
        <ele>1132.2</ele>
      </trkpt>
      <trkpt lat="61.39594" lon="9.15888">
        <ele>1134.2</ele>
      </trkpt>
      <trkpt lat="61.39592" lon="9.15762">
        <ele>1140.0</ele>
      </trkpt>
      <trkpt lat="61.39589" lon="9.15636">
        <ele>1138.9</ele>
      </trkpt>
      <trkpt lat="61.39583" lon="9.1556">
        <ele>1144.0</ele>
      </trkpt>
      <trkpt lat="61.3956" lon="9.15403">
        <ele>1157.7</ele>
      </trkpt>
      <trkpt lat="61.3955" lon="9.15349">
        <ele>1158.4</ele>
      </trkpt>
      <trkpt lat="61.39527" lon="9.15245">
        <ele>1162.8</ele>
      </trkpt>
      <trkpt lat="61.39515" lon="9.15204">
        <ele>1177.3</ele>
      </trkpt>
      <trkpt lat="61.39497" lon="9.15148">
        <ele>1172.8</ele>
      </trkpt>
      <trkpt lat="61.39472" lon="9.1508">
        <ele>1174.2</ele>
      </trkpt>
      <trkpt lat="61.3942" lon="9.14968">
        <ele>1178.9</ele>
      </trkpt>
      <trkpt lat="61.39367" lon="9.14856">
        <ele>1182.2</ele>
      </trkpt>
      <trkpt lat="61.39351" lon="9.14814">
        <ele>1181.3</ele>
      </trkpt>
      <trkpt lat="61.39335" lon="9.14763">
        <ele>1181.1</ele>
      </trkpt>
      <trkpt lat="61.39314" lon="9.14668">
        <ele>1183.6</ele>
      </trkpt>
      <trkpt lat="61.39294" lon="9.14573">
        <ele>1188.7</ele>
      </trkpt>
      <trkpt lat="61.39253" lon="9.14436">
        <ele>1196.9</ele>
      </trkpt>
      <trkpt lat="61.39242" lon="9.1438">
        <ele>1197.3</ele>
      </trkpt>
      <trkpt lat="61.39236" lon="9.14334">
        <ele>1197.0</ele>
      </trkpt>
      <trkpt lat="61.39235" lon="9.14305">
        <ele>1197.0</ele>
      </trkpt>
      <trkpt lat="61.39248" lon="9.14137">
        <ele>1196.9</ele>
      </trkpt>
      <trkpt lat="61.39252" lon="9.14025">
        <ele>1191.2</ele>
      </trkpt>
      <trkpt lat="61.39252" lon="9.138769">
        <ele>1198.6</ele>
      </trkpt>
      <trkpt lat="61.39252" lon="9.1373">
        <ele>1193.8</ele>
      </trkpt>
      <trkpt lat="61.39254" lon="9.13574">
        <ele>1189.5</ele>
      </trkpt>
      <trkpt lat="61.39253" lon="9.13552">
        <ele>1188.8</ele>
      </trkpt>
      <trkpt lat="61.39243" lon="9.13507">
        <ele>1187.9</ele>
      </trkpt>
      <trkpt lat="61.39223" lon="9.13448">
        <ele>1187.5</ele>
      </trkpt>
      <trkpt lat="61.3919" lon="9.13363">
        <ele>1192.4</ele>
      </trkpt>
      <trkpt lat="61.39124" lon="9.13245">
        <ele>1183.3</ele>
      </trkpt>
      <trkpt lat="61.39058" lon="9.13127">
        <ele>1183.4</ele>
      </trkpt>
      <trkpt lat="61.38993" lon="9.130089">
        <ele>1180.4</ele>
      </trkpt>
      <trkpt lat="61.38943" lon="9.12911">
        <ele>1187.7</ele>
      </trkpt>
      <trkpt lat="61.38919" lon="9.12853">
        <ele>1184.4</ele>
      </trkpt>
      <trkpt lat="61.38909" lon="9.12824">
        <ele>1183.7</ele>
      </trkpt>
      <trkpt lat="61.38881" lon="9.12731">
        <ele>1190.1</ele>
      </trkpt>
      <trkpt lat="61.38853" lon="9.12638">
        <ele>1195.5</ele>
      </trkpt>
      <trkpt lat="61.38824" lon="9.12544">
        <ele>1194.6</ele>
      </trkpt>
      <trkpt lat="61.38795" lon="9.12451">
        <ele>1193.7</ele>
      </trkpt>
      <trkpt lat="61.38776" lon="9.12403">
        <ele>1188.8</ele>
      </trkpt>
      <trkpt lat="61.38712" lon="9.123">
        <ele>1179.6</ele>
      </trkpt>
      <trkpt lat="61.38649" lon="9.12212">
        <ele>1169.6</ele>
      </trkpt>
      <trkpt lat="61.38586" lon="9.12125">
        <ele>1163.0</ele>
      </trkpt>
      <trkpt lat="61.38547" lon="9.12066">
        <ele>1161.1</ele>
      </trkpt>
      <trkpt lat="61.38508" lon="9.12008">
        <ele>1155.8</ele>
      </trkpt>
      <trkpt lat="61.38484" lon="9.11966">
        <ele>1155.3</ele>
      </trkpt>
      <trkpt lat="61.38442" lon="9.11884">
        <ele>1150.1</ele>
      </trkpt>
      <trkpt lat="61.38408" lon="9.11792">
        <ele>1148.7</ele>
      </trkpt>
      <trkpt lat="61.3836" lon="9.11647">
        <ele>1148.1</ele>
      </trkpt>
      <trkpt lat="61.38328" lon="9.11548">
        <ele>1141.5</ele>
      </trkpt>
      <trkpt lat="61.383" lon="9.11447">
        <ele>1132.8</ele>
      </trkpt>
      <trkpt lat="61.38268" lon="9.11349">
        <ele>1122.4</ele>
      </trkpt>
      <trkpt lat="61.38223" lon="9.11228">
        <ele>1117.8</ele>
      </trkpt>
      <trkpt lat="61.38204" lon="9.11197">
        <ele>1118.1</ele>
      </trkpt>
      <trkpt lat="61.38158" lon="9.11142">
        <ele>1115.1</ele>
      </trkpt>
      <trkpt lat="61.38124" lon="9.11097">
        <ele>1109.8</ele>
      </trkpt>
      <trkpt lat="61.38098" lon="9.11053">
        <ele>1107.3</ele>
      </trkpt>
      <trkpt lat="61.38088" lon="9.11031">
        <ele>1107.2</ele>
      </trkpt>
      <trkpt lat="61.38076" lon="9.10998">
        <ele>1108.1</ele>
      </trkpt>
      <trkpt lat="61.3804" lon="9.10872">
        <ele>1111.8</ele>
      </trkpt>
      <trkpt lat="61.38032" lon="9.10852">
        <ele>1110.8</ele>
      </trkpt>
      <trkpt lat="61.38013" lon="9.10811">
        <ele>1108.1</ele>
      </trkpt>
      <trkpt lat="61.3796" lon="9.1073">
        <ele>1098.6</ele>
      </trkpt>
      <trkpt lat="61.37925" lon="9.10666">
        <ele>1095.2</ele>
      </trkpt>
      <trkpt lat="61.37891" lon="9.106019">
        <ele>1094.0</ele>
      </trkpt>
      <trkpt lat="61.37826" lon="9.10499">
        <ele>1088.3</ele>
      </trkpt>
      <trkpt lat="61.378" lon="9.10445">
        <ele>1087.5</ele>
      </trkpt>
      <trkpt lat="61.37758" lon="9.10385">
        <ele>1084.4</ele>
      </trkpt>
      <trkpt lat="61.37717" lon="9.103249">
        <ele>1082.3</ele>
      </trkpt>
      <trkpt lat="61.37673" lon="9.10239">
        <ele>1081.1</ele>
      </trkpt>
      <trkpt lat="61.37629" lon="9.10153">
        <ele>1078.8</ele>
      </trkpt>
      <trkpt lat="61.37586" lon="9.10068">
        <ele>1073.7</ele>
      </trkpt>
      <trkpt lat="61.37546" lon="9.10005">
        <ele>1068.7</ele>
      </trkpt>
      <trkpt lat="61.3749" lon="9.09894">
        <ele>1064.0</ele>
      </trkpt>
      <trkpt lat="61.37454" lon="9.09812">
        <ele>1059.4</ele>
      </trkpt>
      <trkpt lat="61.37411" lon="9.0967">
        <ele>1059.8</ele>
      </trkpt>
      <trkpt lat="61.37387" lon="9.09552">
        <ele>1054.3</ele>
      </trkpt>
      <trkpt lat="61.37356" lon="9.094569">
        <ele>1050.3</ele>
      </trkpt>
      <trkpt lat="61.37337" lon="9.093769">
        <ele>1046.5</ele>
      </trkpt>
      <trkpt lat="61.3732" lon="9.09234">
        <ele>1041.1</ele>
      </trkpt>
      <trkpt lat="61.37286" lon="9.09071">
        <ele>1045.9</ele>
      </trkpt>
      <trkpt lat="61.37253" lon="9.089079">
        <ele>1040.9</ele>
      </trkpt>
      <trkpt lat="61.37233" lon="9.08796">
        <ele>1041.5</ele>
      </trkpt>
      <trkpt lat="61.37212" lon="9.08684">
        <ele>1043.3</ele>
      </trkpt>
      <trkpt lat="61.372" lon="9.08548">
        <ele>1044.4</ele>
      </trkpt>
      <trkpt lat="61.37173" lon="9.08431">
        <ele>1043.4</ele>
      </trkpt>
      <trkpt lat="61.37147" lon="9.08313">
        <ele>1041.8</ele>
      </trkpt>
      <trkpt lat="61.37122" lon="9.08235">
        <ele>1039.9</ele>
      </trkpt>
      <trkpt lat="61.3706" lon="9.08142">
        <ele>1036.7</ele>
      </trkpt>
      <trkpt lat="61.37037" lon="9.080819">
        <ele>1035.8</ele>
      </trkpt>
      <trkpt lat="61.36995" lon="9.07989">
        <ele>1037.4</ele>
      </trkpt>
      <trkpt lat="61.36953" lon="9.07895">
        <ele>1034.6</ele>
      </trkpt>
      <trkpt lat="61.36915" lon="9.07825">
        <ele>1031.0</ele>
      </trkpt>
      <trkpt lat="61.36864" lon="9.0783">
        <ele>1028.9</ele>
      </trkpt>
      <trkpt lat="61.36803" lon="9.07861">
        <ele>1020.8</ele>
      </trkpt>
      <trkpt lat="61.36742" lon="9.07893">
        <ele>1017.2</ele>
      </trkpt>
      <trkpt lat="61.36684" lon="9.07917">
        <ele>1015.6</ele>
      </trkpt>
      <trkpt lat="61.36639" lon="9.0792">
        <ele>1016.0</ele>
      </trkpt>
      <trkpt lat="61.366" lon="9.07928">
        <ele>1016.0</ele>
      </trkpt>
      <trkpt lat="61.36564" lon="9.07935">
        <ele>1015.1</ele>
      </trkpt>
      <trkpt lat="61.36513" lon="9.07929">
        <ele>1015.0</ele>
      </trkpt>
      <trkpt lat="61.36465" lon="9.07909">
        <ele>1018.1</ele>
      </trkpt>
      <trkpt lat="61.36408" lon="9.078709">
        <ele>1021.5</ele>
      </trkpt>
      <trkpt lat="61.36351" lon="9.07833">
        <ele>1019.6</ele>
      </trkpt>
      <trkpt lat="61.36344" lon="9.07829">
        <ele>1019.4</ele>
      </trkpt>
      <trkpt lat="61.3629" lon="9.07801">
        <ele>1017.7</ele>
      </trkpt>
      <trkpt lat="61.36236" lon="9.07772">
        <ele>1018.0</ele>
      </trkpt>
      <trkpt lat="61.36191" lon="9.0775">
        <ele>1018.2</ele>
      </trkpt>
      <trkpt lat="61.36146" lon="9.07729">
        <ele>1018.4</ele>
      </trkpt>
      <trkpt lat="61.36095" lon="9.0769">
        <ele>1021.7</ele>
      </trkpt>
      <trkpt lat="61.3605" lon="9.07632">
        <ele>1032.2</ele>
      </trkpt>
      <trkpt lat="61.36004" lon="9.07574">
        <ele>1035.4</ele>
      </trkpt>
      <trkpt lat="61.35953" lon="9.07522">
        <ele>1030.2</ele>
      </trkpt>
      <trkpt lat="61.35915" lon="9.07489">
        <ele>1021.9</ele>
      </trkpt>
      <trkpt lat="61.35834" lon="9.074769">
        <ele>1015.5</ele>
      </trkpt>
      <trkpt lat="61.35792" lon="9.07484">
        <ele>1015.0</ele>
      </trkpt>
      <trkpt lat="61.35744" lon="9.07503">
        <ele>1014.6</ele>
      </trkpt>
      <trkpt lat="61.35716" lon="9.07521">
        <ele>1013.3</ele>
      </trkpt>
      <trkpt lat="61.35686" lon="9.07528">
        <ele>1012.2</ele>
      </trkpt>
      <trkpt lat="61.35627" lon="9.07485">
        <ele>1010.1</ele>
      </trkpt>
      <trkpt lat="61.35556" lon="9.07379">
        <ele>1010.9</ele>
      </trkpt>
      <trkpt lat="61.35539" lon="9.07347">
        <ele>1011.0</ele>
      </trkpt>
      <trkpt lat="61.3552" lon="9.07296">
        <ele>1012.2</ele>
      </trkpt>
      <trkpt lat="61.35491" lon="9.07168">
        <ele>1014.0</ele>
      </trkpt>
      <trkpt lat="61.35482" lon="9.07108">
        <ele>1014.9</ele>
      </trkpt>
      <trkpt lat="61.35484" lon="9.070309">
        <ele>1015.4</ele>
      </trkpt>
      <trkpt lat="61.35476" lon="9.06964">
        <ele>1016.0</ele>
      </trkpt>
      <trkpt lat="61.35457" lon="9.06878">
        <ele>1017.8</ele>
      </trkpt>
      <trkpt lat="61.35454" lon="9.06855">
        <ele>1019.2</ele>
      </trkpt>
      <trkpt lat="61.35454" lon="9.0683">
        <ele>1020.3</ele>
      </trkpt>
      <trkpt lat="61.35459" lon="9.06719">
        <ele>1019.0</ele>
      </trkpt>
      <trkpt lat="61.3547" lon="9.06629">
        <ele>1020.3</ele>
      </trkpt>
      <trkpt lat="61.35476" lon="9.06565">
        <ele>1021.9</ele>
      </trkpt>
      <trkpt lat="61.35476" lon="9.06531">
        <ele>1022.0</ele>
      </trkpt>
      <trkpt lat="61.35475" lon="9.06427">
        <ele>1022.4</ele>
      </trkpt>
      <trkpt lat="61.35477" lon="9.06261">
        <ele>1016.2</ele>
      </trkpt>
      <trkpt lat="61.35473" lon="9.06158">
        <ele>1009.7</ele>
      </trkpt>
      <trkpt lat="61.35459" lon="9.06046">
        <ele>1006.9</ele>
      </trkpt>
      <trkpt lat="61.35443" lon="9.05874">
        <ele>1011.9</ele>
      </trkpt>
      <trkpt lat="61.35428" lon="9.05737">
        <ele>1013.8</ele>
      </trkpt>
      <trkpt lat="61.35417" lon="9.05677">
        <ele>1014.0</ele>
      </trkpt>
      <trkpt lat="61.35404" lon="9.05636">
        <ele>1013.1</ele>
      </trkpt>
      <trkpt lat="61.35393" lon="9.05611">
        <ele>1012.6</ele>
      </trkpt>
      <trkpt lat="61.3536" lon="9.055529">
        <ele>1011.8</ele>
      </trkpt>
      <trkpt lat="61.35349" lon="9.05527">
        <ele>1012.0</ele>
      </trkpt>
      <trkpt lat="61.3534" lon="9.05499">
        <ele>1011.7</ele>
      </trkpt>
      <trkpt lat="61.35332" lon="9.05458">
        <ele>1011.5</ele>
      </trkpt>
      <trkpt lat="61.35326" lon="9.05378">
        <ele>1012.0</ele>
      </trkpt>
      <trkpt lat="61.35304" lon="9.0526">
        <ele>1009.9</ele>
      </trkpt>
      <trkpt lat="61.35281" lon="9.05142">
        <ele>1010.0</ele>
      </trkpt>
      <trkpt lat="61.35259" lon="9.05023">
        <ele>1010.1</ele>
      </trkpt>
      <trkpt lat="61.35237" lon="9.04956">
        <ele>1011.0</ele>
      </trkpt>
      <trkpt lat="61.35202" lon="9.04869">
        <ele>1012.3</ele>
      </trkpt>
      <trkpt lat="61.3516" lon="9.04803">
        <ele>1018.4</ele>
      </trkpt>
      <trkpt lat="61.35144" lon="9.04768">
        <ele>1017.5</ele>
      </trkpt>
      <trkpt lat="61.35133" lon="9.047319">
        <ele>1013.3</ele>
      </trkpt>
      <trkpt lat="61.35124" lon="9.04692">
        <ele>1011.0</ele>
      </trkpt>
      <trkpt lat="61.35124" lon="9.0466">
        <ele>1011.0</ele>
      </trkpt>
      <trkpt lat="61.35128" lon="9.04611">
        <ele>1010.5</ele>
      </trkpt>
      <trkpt lat="61.35142" lon="9.0451">
        <ele>1008.9</ele>
      </trkpt>
      <trkpt lat="61.35164" lon="9.04416">
        <ele>1008.1</ele>
      </trkpt>
      <trkpt lat="61.35181" lon="9.04328">
        <ele>1009.7</ele>
      </trkpt>
      <trkpt lat="61.35197" lon="9.0424">
        <ele>1011.5</ele>
      </trkpt>
      <trkpt lat="61.35201" lon="9.041969">
        <ele>1012.8</ele>
      </trkpt>
      <trkpt lat="61.35199" lon="9.04157">
        <ele>1013.8</ele>
      </trkpt>
      <trkpt lat="61.35192" lon="9.04116">
        <ele>1014.2</ele>
      </trkpt>
      <trkpt lat="61.35168" lon="9.04019">
        <ele>1015.0</ele>
      </trkpt>
      <trkpt lat="61.35167" lon="9.0398">
        <ele>1014.9</ele>
      </trkpt>
      <trkpt lat="61.35167" lon="9.03884">
        <ele>1014.5</ele>
      </trkpt>
      <trkpt lat="61.3517" lon="9.03827">
        <ele>1014.6</ele>
      </trkpt>
      <trkpt lat="61.35182" lon="9.037229">
        <ele>1010.6</ele>
      </trkpt>
      <trkpt lat="61.35194" lon="9.03619">
        <ele>1012.0</ele>
      </trkpt>
      <trkpt lat="61.35203" lon="9.03513">
        <ele>1012.8</ele>
      </trkpt>
      <trkpt lat="61.35212" lon="9.03407">
        <ele>1018.0</ele>
      </trkpt>
      <trkpt lat="61.35215" lon="9.03293">
        <ele>1026.8</ele>
      </trkpt>
      <trkpt lat="61.35213" lon="9.03151">
        <ele>1028.5</ele>
      </trkpt>
      <trkpt lat="61.35204" lon="9.03084">
        <ele>1027.7</ele>
      </trkpt>
      <trkpt lat="61.35186" lon="9.02994">
        <ele>1028.0</ele>
      </trkpt>
      <trkpt lat="61.35171" lon="9.02936">
        <ele>1028.9</ele>
      </trkpt>
      <trkpt lat="61.35147" lon="9.0285">
        <ele>1031.7</ele>
      </trkpt>
      <trkpt lat="61.35095" lon="9.02697">
        <ele>1029.8</ele>
      </trkpt>
      <trkpt lat="61.35066" lon="9.02626">
        <ele>1027.8</ele>
      </trkpt>
      <trkpt lat="61.35036" lon="9.02554">
        <ele>1025.8</ele>
      </trkpt>
      <trkpt lat="61.35027" lon="9.02518">
        <ele>1024.6</ele>
      </trkpt>
      <trkpt lat="61.35026" lon="9.02498">
        <ele>1024.1</ele>
      </trkpt>
      <trkpt lat="61.35033" lon="9.02415">
        <ele>1024.4</ele>
      </trkpt>
      <trkpt lat="61.3504" lon="9.02309">
        <ele>1027.3</ele>
      </trkpt>
      <trkpt lat="61.35039" lon="9.022589">
        <ele>1028.0</ele>
      </trkpt>
      <trkpt lat="61.35032" lon="9.02174">
        <ele>1028.6</ele>
      </trkpt>
      <trkpt lat="61.35017" lon="9.02078">
        <ele>1027.1</ele>
      </trkpt>
      <trkpt lat="61.35001" lon="9.01982">
        <ele>1025.5</ele>
      </trkpt>
      <trkpt lat="61.34995" lon="9.01928">
        <ele>1025.3</ele>
      </trkpt>
      <trkpt lat="61.34995" lon="9.01828">
        <ele>1024.3</ele>
      </trkpt>
      <trkpt lat="61.34995" lon="9.01728">
        <ele>1024.9</ele>
      </trkpt>
      <trkpt lat="61.34992" lon="9.01666">
        <ele>1025.8</ele>
      </trkpt>
      <trkpt lat="61.34979" lon="9.01593">
        <ele>1026.7</ele>
      </trkpt>
      <trkpt lat="61.3496" lon="9.01496">
        <ele>1027.1</ele>
      </trkpt>
      <trkpt lat="61.34948" lon="9.01448">
        <ele>1027.6</ele>
      </trkpt>
      <trkpt lat="61.34919" lon="9.01345">
        <ele>1027.2</ele>
      </trkpt>
      <trkpt lat="61.34905" lon="9.0128">
        <ele>1026.7</ele>
      </trkpt>
      <trkpt lat="61.34901" lon="9.01247">
        <ele>1025.9</ele>
      </trkpt>
      <trkpt lat="61.34898" lon="9.01203">
        <ele>1026.0</ele>
      </trkpt>
      <trkpt lat="61.34899" lon="9.01159">
        <ele>1026.1</ele>
      </trkpt>
      <trkpt lat="61.34917" lon="9.01024">
        <ele>1027.0</ele>
      </trkpt>
      <trkpt lat="61.34925" lon="9.00949">
        <ele>1027.8</ele>
      </trkpt>
      <trkpt lat="61.34937" lon="9.00806">
        <ele>1030.8</ele>
      </trkpt>
      <trkpt lat="61.34936" lon="9.00765">
        <ele>1032.4</ele>
      </trkpt>
      <trkpt lat="61.34932" lon="9.0074">
        <ele>1033.0</ele>
      </trkpt>
      <trkpt lat="61.34927" lon="9.00714">
        <ele>1034.5</ele>
      </trkpt>
      <trkpt lat="61.34918" lon="9.00687">
        <ele>1035.7</ele>
      </trkpt>
      <trkpt lat="61.34889" lon="9.00618">
        <ele>1036.8</ele>
      </trkpt>
      <trkpt lat="61.34868" lon="9.00557">
        <ele>1036.5</ele>
      </trkpt>
      <trkpt lat="61.34847" lon="9.00466">
        <ele>1035.0</ele>
      </trkpt>
      <trkpt lat="61.34823" lon="9.00346">
        <ele>1037.3</ele>
      </trkpt>
      <trkpt lat="61.34799" lon="9.00226">
        <ele>1038.5</ele>
      </trkpt>
      <trkpt lat="61.34772" lon="9.00127">
        <ele>1037.5</ele>
      </trkpt>
      <trkpt lat="61.34726" lon="8.99996">
        <ele>1037.5</ele>
      </trkpt>
      <trkpt lat="61.34679" lon="8.99865">
        <ele>1038.9</ele>
      </trkpt>
      <trkpt lat="61.34633" lon="8.99734">
        <ele>1037.7</ele>
      </trkpt>
      <trkpt lat="61.34593" lon="8.99638">
        <ele>1036.6</ele>
      </trkpt>
      <trkpt lat="61.34553" lon="8.99543">
        <ele>1033.8</ele>
      </trkpt>
      <trkpt lat="61.34539" lon="8.99506">
        <ele>1032.8</ele>
      </trkpt>
      <trkpt lat="61.34494" lon="8.99353">
        <ele>1029.3</ele>
      </trkpt>
      <trkpt lat="61.34449" lon="8.99199">
        <ele>1027.3</ele>
      </trkpt>
      <trkpt lat="61.34404" lon="8.990449">
        <ele>1025.0</ele>
      </trkpt>
      <trkpt lat="61.34363" lon="8.98897">
        <ele>1025.3</ele>
      </trkpt>
      <trkpt lat="61.34356" lon="8.98859">
        <ele>1026.0</ele>
      </trkpt>
      <trkpt lat="61.34349" lon="8.98785">
        <ele>1027.1</ele>
      </trkpt>
      <trkpt lat="61.3434" lon="8.98643">
        <ele>1026.7</ele>
      </trkpt>
      <trkpt lat="61.34331" lon="8.98502">
        <ele>1027.8</ele>
      </trkpt>
      <trkpt lat="61.34322" lon="8.983599">
        <ele>1028.8</ele>
      </trkpt>
      <trkpt lat="61.34317" lon="8.98308">
        <ele>1028.7</ele>
      </trkpt>
      <trkpt lat="61.34308" lon="8.98233">
        <ele>1028.2</ele>
      </trkpt>
      <trkpt lat="61.34291" lon="8.98122">
        <ele>1029.1</ele>
      </trkpt>
      <trkpt lat="61.34277" lon="8.98046">
        <ele>1030.8</ele>
      </trkpt>
      <trkpt lat="61.34247" lon="8.97913">
        <ele>1033.0</ele>
      </trkpt>
      <trkpt lat="61.34232" lon="8.978249">
        <ele>1032.7</ele>
      </trkpt>
      <trkpt lat="61.34224" lon="8.97763">
        <ele>1033.1</ele>
      </trkpt>
      <trkpt lat="61.34214" lon="8.97654">
        <ele>1037.3</ele>
      </trkpt>
      <trkpt lat="61.34205" lon="8.97552">
        <ele>1037.8</ele>
      </trkpt>
      <trkpt lat="61.34199" lon="8.97521">
        <ele>1038.1</ele>
      </trkpt>
      <trkpt lat="61.34193" lon="8.97505">
        <ele>1037.9</ele>
      </trkpt>
      <trkpt lat="61.34173" lon="8.97464">
        <ele>1037.3</ele>
      </trkpt>
      <trkpt lat="61.3412" lon="8.9738">
        <ele>1036.8</ele>
      </trkpt>
      <trkpt lat="61.34067" lon="8.97295">
        <ele>1040.0</ele>
      </trkpt>
      <trkpt lat="61.34021" lon="8.97217">
        <ele>1043.7</ele>
      </trkpt>
      <trkpt lat="61.33975" lon="8.97139">
        <ele>1046.7</ele>
      </trkpt>
      <trkpt lat="61.33941" lon="8.970929">
        <ele>1050.2</ele>
      </trkpt>
      <trkpt lat="61.33899" lon="8.97051">
        <ele>1052.8</ele>
      </trkpt>
      <trkpt lat="61.33828" lon="8.97021">
        <ele>1054.7</ele>
      </trkpt>
      <trkpt lat="61.33802" lon="8.96989">
        <ele>1055.9</ele>
      </trkpt>
      <trkpt lat="61.33771" lon="8.96899">
        <ele>1058.1</ele>
      </trkpt>
      <trkpt lat="61.33741" lon="8.96845">
        <ele>1060.2</ele>
      </trkpt>
      <trkpt lat="61.33713" lon="8.96811">
        <ele>1062.6</ele>
      </trkpt>
      <trkpt lat="61.33658" lon="8.96758">
        <ele>1065.9</ele>
      </trkpt>
      <trkpt lat="61.33575" lon="8.96711">
        <ele>1064.2</ele>
      </trkpt>
      <trkpt lat="61.33507" lon="8.96675">
        <ele>1063.2</ele>
      </trkpt>
      <trkpt lat="61.33439" lon="8.9664">
        <ele>1062.1</ele>
      </trkpt>
      <trkpt lat="61.3337" lon="8.966049">
        <ele>1059.5</ele>
      </trkpt>
      <trkpt lat="61.33302" lon="8.96612">
        <ele>1057.8</ele>
      </trkpt>
      <trkpt lat="61.33221" lon="8.96636">
        <ele>1053.7</ele>
      </trkpt>
      <trkpt lat="61.33141" lon="8.9666">
        <ele>1050.0</ele>
      </trkpt>
      <trkpt lat="61.33105" lon="8.96656">
        <ele>1047.6</ele>
      </trkpt>
      <trkpt lat="61.3308" lon="8.96635">
        <ele>1046.0</ele>
      </trkpt>
      <trkpt lat="61.33003" lon="8.96549">
        <ele>1040.6</ele>
      </trkpt>
      <trkpt lat="61.3299" lon="8.965299">
        <ele>1040.3</ele>
      </trkpt>
      <trkpt lat="61.3297" lon="8.96488">
        <ele>1039.6</ele>
      </trkpt>
      <trkpt lat="61.3296" lon="8.96451">
        <ele>1040.5</ele>
      </trkpt>
      <trkpt lat="61.32954" lon="8.96404">
        <ele>1041.3</ele>
      </trkpt>
      <trkpt lat="61.32947" lon="8.96285">
        <ele>1043.1</ele>
      </trkpt>
      <trkpt lat="61.32946" lon="8.96184">
        <ele>1041.7</ele>
      </trkpt>
      <trkpt lat="61.32943" lon="8.96083">
        <ele>1038.8</ele>
      </trkpt>
      <trkpt lat="61.32938" lon="8.96036">
        <ele>1037.5</ele>
      </trkpt>
      <trkpt lat="61.32924" lon="8.95973">
        <ele>1035.9</ele>
      </trkpt>
      <trkpt lat="61.32916" lon="8.95945">
        <ele>1035.2</ele>
      </trkpt>
      <trkpt lat="61.32913" lon="8.95937">
        <ele>1035.0</ele>
      </trkpt>
      <trkpt lat="61.32897" lon="8.95889">
        <ele>1033.8</ele>
      </trkpt>
      <trkpt lat="61.32866" lon="8.957839">
        <ele>1034.2</ele>
      </trkpt>
      <trkpt lat="61.32835" lon="8.9568">
        <ele>1037.0</ele>
      </trkpt>
      <trkpt lat="61.32807" lon="8.955959">
        <ele>1039.4</ele>
      </trkpt>
      <trkpt lat="61.32779" lon="8.95512">
        <ele>1041.4</ele>
      </trkpt>
      <trkpt lat="61.32737" lon="8.95379">
        <ele>1047.8</ele>
      </trkpt>
      <trkpt lat="61.32695" lon="8.95245">
        <ele>1060.3</ele>
      </trkpt>
      <trkpt lat="61.32653" lon="8.95111">
        <ele>1060.0</ele>
      </trkpt>
      <trkpt lat="61.32611" lon="8.94978">
        <ele>1070.5</ele>
      </trkpt>
      <trkpt lat="61.32571" lon="8.94882">
        <ele>1069.1</ele>
      </trkpt>
      <trkpt lat="61.32531" lon="8.94797">
        <ele>1068.0</ele>
      </trkpt>
      <trkpt lat="61.32481" lon="8.94726">
        <ele>1068.2</ele>
      </trkpt>
      <trkpt lat="61.32422" lon="8.94669">
        <ele>1069.9</ele>
      </trkpt>
      <trkpt lat="61.32349" lon="8.946059">
        <ele>1065.4</ele>
      </trkpt>
      <trkpt lat="61.32275" lon="8.94541">
        <ele>1059.4</ele>
      </trkpt>
      <trkpt lat="61.32201" lon="8.94477">
        <ele>1055.9</ele>
      </trkpt>
      <trkpt lat="61.32127" lon="8.94412">
        <ele>1050.5</ele>
      </trkpt>
      <trkpt lat="61.32053" lon="8.943479">
        <ele>1044.4</ele>
      </trkpt>
      <trkpt lat="61.32005" lon="8.94309">
        <ele>1044.3</ele>
      </trkpt>
      <trkpt lat="61.31961" lon="8.9428">
        <ele>1046.8</ele>
      </trkpt>
      <trkpt lat="61.31917" lon="8.94251">
        <ele>1049.7</ele>
      </trkpt>
      <trkpt lat="61.3189" lon="8.94218">
        <ele>1051.3</ele>
      </trkpt>
      <trkpt lat="61.31871" lon="8.9417">
        <ele>1051.9</ele>
      </trkpt>
      <trkpt lat="61.31852" lon="8.9407">
        <ele>1051.3</ele>
      </trkpt>
      <trkpt lat="61.31833" lon="8.93969">
        <ele>1050.0</ele>
      </trkpt>
      <trkpt lat="61.31791" lon="8.93866">
        <ele>1046.9</ele>
      </trkpt>
      <trkpt lat="61.31745" lon="8.93779">
        <ele>1044.1</ele>
      </trkpt>
      <trkpt lat="61.31708" lon="8.93723">
        <ele>1042.5</ele>
      </trkpt>
      <trkpt lat="61.31671" lon="8.93668">
        <ele>1040.7</ele>
      </trkpt>
      <trkpt lat="61.31629" lon="8.93598">
        <ele>1039.1</ele>
      </trkpt>
      <trkpt lat="61.31562" lon="8.93497">
        <ele>1040.6</ele>
      </trkpt>
      <trkpt lat="61.31495" lon="8.93396">
        <ele>1046.3</ele>
      </trkpt>
      <trkpt lat="61.31458" lon="8.9332">
        <ele>1050.0</ele>
      </trkpt>
      <trkpt lat="61.31438" lon="8.93237">
        <ele>1052.2</ele>
      </trkpt>
      <trkpt lat="61.31418" lon="8.93091">
        <ele>1055.2</ele>
      </trkpt>
      <trkpt lat="61.31398" lon="8.92944">
        <ele>1060.1</ele>
      </trkpt>
      <trkpt lat="61.31377" lon="8.92815">
        <ele>1055.5</ele>
      </trkpt>
      <trkpt lat="61.31359" lon="8.927149">
        <ele>1060.0</ele>
      </trkpt>
      <trkpt lat="61.31341" lon="8.92615">
        <ele>1060.0</ele>
      </trkpt>
      <trkpt lat="61.31319" lon="8.92434">
        <ele>1063.8</ele>
      </trkpt>
      <trkpt lat="61.31311" lon="8.92342">
        <ele>1063.3</ele>
      </trkpt>
      <trkpt lat="61.31312" lon="8.92204">
        <ele>1060.2</ele>
      </trkpt>
      <trkpt lat="61.31321" lon="8.92123">
        <ele>1060.4</ele>
      </trkpt>
      <trkpt lat="61.31328" lon="8.92081">
        <ele>1059.9</ele>
      </trkpt>
      <trkpt lat="61.31347" lon="8.91991">
        <ele>1060.3</ele>
      </trkpt>
      <trkpt lat="61.31367" lon="8.91902">
        <ele>1060.4</ele>
      </trkpt>
      <trkpt lat="61.31388" lon="8.91811">
        <ele>1059.7</ele>
      </trkpt>
      <trkpt lat="61.31421" lon="8.91738">
        <ele>1062.1</ele>
      </trkpt>
      <trkpt lat="61.31454" lon="8.916639">
        <ele>1064.0</ele>
      </trkpt>
      <trkpt lat="61.31508" lon="8.91532">
        <ele>1064.0</ele>
      </trkpt>
      <trkpt lat="61.31561" lon="8.91401">
        <ele>1063.3</ele>
      </trkpt>
      <trkpt lat="61.31615" lon="8.91269">
        <ele>1058.8</ele>
      </trkpt>
      <trkpt lat="61.3166" lon="8.91145">
        <ele>1053.3</ele>
      </trkpt>
      <trkpt lat="61.31705" lon="8.91022">
        <ele>1047.3</ele>
      </trkpt>
      <trkpt lat="61.3175" lon="8.90898">
        <ele>1042.8</ele>
      </trkpt>
      <trkpt lat="61.31779" lon="8.90798">
        <ele>1041.0</ele>
      </trkpt>
      <trkpt lat="61.31802" lon="8.90691">
        <ele>1040.0</ele>
      </trkpt>
      <trkpt lat="61.31824" lon="8.90584">
        <ele>1037.9</ele>
      </trkpt>
      <trkpt lat="61.31855" lon="8.90453">
        <ele>1038.5</ele>
      </trkpt>
      <trkpt lat="61.319" lon="8.9034">
        <ele>1032.4</ele>
      </trkpt>
      <trkpt lat="61.31957" lon="8.90216">
        <ele>1028.2</ele>
      </trkpt>
      <trkpt lat="61.32014" lon="8.90092">
        <ele>1028.0</ele>
      </trkpt>
      <trkpt lat="61.32072" lon="8.89968">
        <ele>1028.1</ele>
      </trkpt>
      <trkpt lat="61.32113" lon="8.89874">
        <ele>1029.1</ele>
      </trkpt>
      <trkpt lat="61.32154" lon="8.89781">
        <ele>1031.0</ele>
      </trkpt>
      <trkpt lat="61.32214" lon="8.89649">
        <ele>1030.9</ele>
      </trkpt>
      <trkpt lat="61.32274" lon="8.89517">
        <ele>1030.4</ele>
      </trkpt>
      <trkpt lat="61.32312" lon="8.89445">
        <ele>1030.7</ele>
      </trkpt>
      <trkpt lat="61.32367" lon="8.89353">
        <ele>1030.5</ele>
      </trkpt>
      <trkpt lat="61.32384" lon="8.8932">
        <ele>1030.3</ele>
      </trkpt>
      <trkpt lat="61.32433" lon="8.89205">
        <ele>1030.1</ele>
      </trkpt>
      <trkpt lat="61.32447" lon="8.89165">
        <ele>1030.6</ele>
      </trkpt>
      <trkpt lat="61.32462" lon="8.89111">
        <ele>1031.1</ele>
      </trkpt>
      <trkpt lat="61.32488" lon="8.88988">
        <ele>1030.1</ele>
      </trkpt>
      <trkpt lat="61.32513" lon="8.88883">
        <ele>1030.0</ele>
      </trkpt>
      <trkpt lat="61.32524" lon="8.88845">
        <ele>1030.8</ele>
      </trkpt>
      <trkpt lat="61.32537" lon="8.8881">
        <ele>1031.8</ele>
      </trkpt>
      <trkpt lat="61.32589" lon="8.88692">
        <ele>1033.3</ele>
      </trkpt>
      <trkpt lat="61.32632" lon="8.88584">
        <ele>1032.7</ele>
      </trkpt>
      <trkpt lat="61.32677" lon="8.88462">
        <ele>1032.0</ele>
      </trkpt>
      <trkpt lat="61.32722" lon="8.8834">
        <ele>1031.5</ele>
      </trkpt>
      <trkpt lat="61.32768" lon="8.88218">
        <ele>1032.2</ele>
      </trkpt>
      <trkpt lat="61.32809" lon="8.88123">
        <ele>1031.6</ele>
      </trkpt>
      <trkpt lat="61.32851" lon="8.88028">
        <ele>1031.8</ele>
      </trkpt>
      <trkpt lat="61.32892" lon="8.879339">
        <ele>1032.3</ele>
      </trkpt>
      <trkpt lat="61.3293" lon="8.87828">
        <ele>1034.0</ele>
      </trkpt>
      <trkpt lat="61.32968" lon="8.87723">
        <ele>1036.2</ele>
      </trkpt>
      <trkpt lat="61.32983" lon="8.8767">
        <ele>1036.3</ele>
      </trkpt>
      <trkpt lat="61.32995" lon="8.87617">
        <ele>1036.0</ele>
      </trkpt>
      <trkpt lat="61.3302" lon="8.87485">
        <ele>1035.2</ele>
      </trkpt>
      <trkpt lat="61.33044" lon="8.87354">
        <ele>1035.2</ele>
      </trkpt>
      <trkpt lat="61.33069" lon="8.87223">
        <ele>1036.5</ele>
      </trkpt>
      <trkpt lat="61.33095" lon="8.87097">
        <ele>1032.9</ele>
      </trkpt>
      <trkpt lat="61.33122" lon="8.86936">
        <ele>1037.8</ele>
      </trkpt>
      <trkpt lat="61.33156" lon="8.86769">
        <ele>1038.3</ele>
      </trkpt>
      <trkpt lat="61.33178" lon="8.866339">
        <ele>1037.7</ele>
      </trkpt>
      <trkpt lat="61.33195" lon="8.86523">
        <ele>1036.7</ele>
      </trkpt>
      <trkpt lat="61.3322" lon="8.86392">
        <ele>1036.1</ele>
      </trkpt>
      <trkpt lat="61.33241" lon="8.86309">
        <ele>1036.5</ele>
      </trkpt>
      <trkpt lat="61.33259" lon="8.86225">
        <ele>1035.9</ele>
      </trkpt>
      <trkpt lat="61.33267" lon="8.86176">
        <ele>1031.0</ele>
      </trkpt>
      <trkpt lat="61.33272" lon="8.86129">
        <ele>1030.8</ele>
      </trkpt>
      <trkpt lat="61.33282" lon="8.85952">
        <ele>1037.0</ele>
      </trkpt>
      <trkpt lat="61.33293" lon="8.85775">
        <ele>1035.5</ele>
      </trkpt>
      <trkpt lat="61.33301" lon="8.85599">
        <ele>1032.7</ele>
      </trkpt>
      <trkpt lat="61.3331" lon="8.85423">
        <ele>1034.7</ele>
      </trkpt>
      <trkpt lat="61.33314" lon="8.85321">
        <ele>1036.7</ele>
      </trkpt>
      <trkpt lat="61.33318" lon="8.8522">
        <ele>1036.9</ele>
      </trkpt>
      <trkpt lat="61.33323" lon="8.85159">
        <ele>1037.8</ele>
      </trkpt>
      <trkpt lat="61.3333" lon="8.85094">
        <ele>1038.0</ele>
      </trkpt>
      <trkpt lat="61.33344" lon="8.85036">
        <ele>1037.7</ele>
      </trkpt>
      <trkpt lat="61.3339" lon="8.8491">
        <ele>1033.8</ele>
      </trkpt>
      <trkpt lat="61.33415" lon="8.84817">
        <ele>1031.3</ele>
      </trkpt>
      <trkpt lat="61.3344" lon="8.84747">
        <ele>1036.6</ele>
      </trkpt>
      <trkpt lat="61.33458" lon="8.84686">
        <ele>1037.0</ele>
      </trkpt>
      <trkpt lat="61.3349" lon="8.84558">
        <ele>1036.2</ele>
      </trkpt>
      <trkpt lat="61.33524" lon="8.84402">
        <ele>1031.8</ele>
      </trkpt>
      <trkpt lat="61.33558" lon="8.84246">
        <ele>1044.2</ele>
      </trkpt>
      <trkpt lat="61.33581" lon="8.84132">
        <ele>1042.8</ele>
      </trkpt>
      <trkpt lat="61.33598" lon="8.83993">
        <ele>1037.3</ele>
      </trkpt>
      <trkpt lat="61.336" lon="8.83948">
        <ele>1037.3</ele>
      </trkpt>
      <trkpt lat="61.33597" lon="8.838329">
        <ele>1036.5</ele>
      </trkpt>
      <trkpt lat="61.336" lon="8.83787">
        <ele>1035.0</ele>
      </trkpt>
      <trkpt lat="61.33607" lon="8.83726">
        <ele>1034.0</ele>
      </trkpt>
      <trkpt lat="61.33613" lon="8.83693">
        <ele>1033.4</ele>
      </trkpt>
      <trkpt lat="61.33632" lon="8.83633">
        <ele>1033.5</ele>
      </trkpt>
      <trkpt lat="61.33648" lon="8.83602">
        <ele>1035.5</ele>
      </trkpt>
      <trkpt lat="61.3368" lon="8.83554">
        <ele>1037.8</ele>
      </trkpt>
      <trkpt lat="61.33699" lon="8.83519">
        <ele>1038.8</ele>
      </trkpt>
      <trkpt lat="61.33705" lon="8.83506">
        <ele>1039.0</ele>
      </trkpt>
      <trkpt lat="61.33752" lon="8.83354">
        <ele>1036.5</ele>
      </trkpt>
      <trkpt lat="61.338" lon="8.83201">
        <ele>1036.6</ele>
      </trkpt>
      <trkpt lat="61.3382" lon="8.8313">
        <ele>1038.0</ele>
      </trkpt>
      <trkpt lat="61.33844" lon="8.83003">
        <ele>1042.2</ele>
      </trkpt>
      <trkpt lat="61.33869" lon="8.82875">
        <ele>1046.6</ele>
      </trkpt>
      <trkpt lat="61.33894" lon="8.82727">
        <ele>1052.4</ele>
      </trkpt>
      <trkpt lat="61.3392" lon="8.82579">
        <ele>1056.0</ele>
      </trkpt>
      <trkpt lat="61.33924" lon="8.82513">
        <ele>1056.3</ele>
      </trkpt>
      <trkpt lat="61.33922" lon="8.82428">
        <ele>1057.6</ele>
      </trkpt>
      <trkpt lat="61.33919" lon="8.82398">
        <ele>1058.1</ele>
      </trkpt>
      <trkpt lat="61.33917" lon="8.823829">
        <ele>1058.4</ele>
      </trkpt>
      <trkpt lat="61.33901" lon="8.82282">
        <ele>1061.3</ele>
      </trkpt>
      <trkpt lat="61.33898" lon="8.82269">
        <ele>1061.7</ele>
      </trkpt>
      <trkpt lat="61.3388" lon="8.82156">
        <ele>1065.0</ele>
      </trkpt>
      <trkpt lat="61.33862" lon="8.82043">
        <ele>1071.4</ele>
      </trkpt>
      <trkpt lat="61.3384" lon="8.8196">
        <ele>1076.6</ele>
      </trkpt>
      <trkpt lat="61.33819" lon="8.81897">
        <ele>1082.6</ele>
      </trkpt>
      <trkpt lat="61.33803" lon="8.81869">
        <ele>1085.1</ele>
      </trkpt>
      <trkpt lat="61.33763" lon="8.81835">
        <ele>1087.3</ele>
      </trkpt>
      <trkpt lat="61.33746" lon="8.81816">
        <ele>1088.8</ele>
      </trkpt>
      <trkpt lat="61.33735" lon="8.81798">
        <ele>1090.2</ele>
      </trkpt>
      <trkpt lat="61.33722" lon="8.8177">
        <ele>1092.7</ele>
      </trkpt>
      <trkpt lat="61.33699" lon="8.81706">
        <ele>1100.8</ele>
      </trkpt>
      <trkpt lat="61.33679" lon="8.81656">
        <ele>1105.4</ele>
      </trkpt>
      <trkpt lat="61.33649" lon="8.81588">
        <ele>1107.3</ele>
      </trkpt>
      <trkpt lat="61.33631" lon="8.81555">
        <ele>1106.9</ele>
      </trkpt>
      <trkpt lat="61.3362" lon="8.81542">
        <ele>1106.1</ele>
      </trkpt>
      <trkpt lat="61.33609" lon="8.81532">
        <ele>1105.0</ele>
      </trkpt>
      <trkpt lat="61.33574" lon="8.81513">
        <ele>1100.7</ele>
      </trkpt>
      <trkpt lat="61.33559" lon="8.81499">
        <ele>1099.6</ele>
      </trkpt>
      <trkpt lat="61.33539" lon="8.81472">
        <ele>1098.8</ele>
      </trkpt>
      <trkpt lat="61.33519" lon="8.81437">
        <ele>1100.7</ele>
      </trkpt>
      <trkpt lat="61.33494" lon="8.8138">
        <ele>1101.0</ele>
      </trkpt>
      <trkpt lat="61.33482" lon="8.81341">
        <ele>1101.7</ele>
      </trkpt>
      <trkpt lat="61.33462" lon="8.81258">
        <ele>1103.6</ele>
      </trkpt>
      <trkpt lat="61.33442" lon="8.8118">
        <ele>1103.7</ele>
      </trkpt>
      <trkpt lat="61.33437" lon="8.81152">
        <ele>1103.7</ele>
      </trkpt>
      <trkpt lat="61.33431" lon="8.81085">
        <ele>1103.0</ele>
      </trkpt>
      <trkpt lat="61.33428" lon="8.8096">
        <ele>1105.8</ele>
      </trkpt>
      <trkpt lat="61.33429" lon="8.80911">
        <ele>1106.9</ele>
      </trkpt>
      <trkpt lat="61.33435" lon="8.80899">
        <ele>1107.5</ele>
      </trkpt>
      <trkpt lat="61.33399" lon="8.80768">
        <ele>1106.0</ele>
      </trkpt>
      <trkpt lat="61.33363" lon="8.80638">
        <ele>1104.5</ele>
      </trkpt>
      <trkpt lat="61.33348" lon="8.80574">
        <ele>1103.2</ele>
      </trkpt>
      <trkpt lat="61.33336" lon="8.80508">
        <ele>1101.0</ele>
      </trkpt>
      <trkpt lat="61.33316" lon="8.8038">
        <ele>1099.3</ele>
      </trkpt>
      <trkpt lat="61.33296" lon="8.80252">
        <ele>1092.3</ele>
      </trkpt>
      <trkpt lat="61.33276" lon="8.80125">
        <ele>1085.1</ele>
      </trkpt>
      <trkpt lat="61.33259" lon="8.80016">
        <ele>1076.6</ele>
      </trkpt>
      <trkpt lat="61.33252" lon="8.79946">
        <ele>1073.4</ele>
      </trkpt>
      <trkpt lat="61.33246" lon="8.79825">
        <ele>1072.7</ele>
      </trkpt>
      <trkpt lat="61.3324" lon="8.79705">
        <ele>1069.5</ele>
      </trkpt>
      <trkpt lat="61.33236" lon="8.79677">
        <ele>1068.0</ele>
      </trkpt>
      <trkpt lat="61.33232" lon="8.79654">
        <ele>1067.3</ele>
      </trkpt>
      <trkpt lat="61.3322" lon="8.79618">
        <ele>1065.5</ele>
      </trkpt>
      <trkpt lat="61.33205" lon="8.79589">
        <ele>1062.8</ele>
      </trkpt>
      <trkpt lat="61.33188" lon="8.79568">
        <ele>1061.5</ele>
      </trkpt>
      <trkpt lat="61.33156" lon="8.79545">
        <ele>1060.1</ele>
      </trkpt>
      <trkpt lat="61.331" lon="8.79511">
        <ele>1058.9</ele>
      </trkpt>
      <trkpt lat="61.3309" lon="8.79509">
        <ele>1058.6</ele>
      </trkpt>
      <trkpt lat="61.33081" lon="8.79511">
        <ele>1058.3</ele>
      </trkpt>
      <trkpt lat="61.33072" lon="8.7952">
        <ele>1058.1</ele>
      </trkpt>
      <trkpt lat="61.33064" lon="8.79534">
        <ele>1057.8</ele>
      </trkpt>
      <trkpt lat="61.33055" lon="8.79558">
        <ele>1057.5</ele>
      </trkpt>
      <trkpt lat="61.33049" lon="8.79576">
        <ele>1057.3</ele>
      </trkpt>
      <trkpt lat="61.33043" lon="8.79611">
        <ele>1057.0</ele>
      </trkpt>
      <trkpt lat="61.33035" lon="8.79695">
        <ele>1056.8</ele>
      </trkpt>
      <trkpt lat="61.33025" lon="8.79741">
        <ele>1056.3</ele>
      </trkpt>
      <trkpt lat="61.33005" lon="8.79803">
        <ele>1054.5</ele>
      </trkpt>
      <trkpt lat="61.32998" lon="8.79823">
        <ele>1054.0</ele>
      </trkpt>
      <trkpt lat="61.32981" lon="8.79864">
        <ele>1052.9</ele>
      </trkpt>
      <trkpt lat="61.32969" lon="8.79879">
        <ele>1052.3</ele>
      </trkpt>
      <trkpt lat="61.32961" lon="8.79883">
        <ele>1051.9</ele>
      </trkpt>
      <trkpt lat="61.32926" lon="8.79887">
        <ele>1050.5</ele>
      </trkpt>
      <trkpt lat="61.32904" lon="8.79897">
        <ele>1050.0</ele>
      </trkpt>
      <trkpt lat="61.3289" lon="8.79914">
        <ele>1050.5</ele>
      </trkpt>
      <trkpt lat="61.3285" lon="8.7997">
        <ele>1054.2</ele>
      </trkpt>
      <trkpt lat="61.3283" lon="8.79988">
        <ele>1055.7</ele>
      </trkpt>
      <trkpt lat="61.32814" lon="8.79992">
        <ele>1056.2</ele>
      </trkpt>
      <trkpt lat="61.32779" lon="8.79977">
        <ele>1055.4</ele>
      </trkpt>
      <trkpt lat="61.32763" lon="8.79974">
        <ele>1054.9</ele>
      </trkpt>
      <trkpt lat="61.32754" lon="8.79979">
        <ele>1054.3</ele>
      </trkpt>
      <trkpt lat="61.32745" lon="8.79989">
        <ele>1053.7</ele>
      </trkpt>
      <trkpt lat="61.32696" lon="8.8008">
        <ele>1050.9</ele>
      </trkpt>
      <trkpt lat="61.32647" lon="8.80171">
        <ele>1056.0</ele>
      </trkpt>
      <trkpt lat="61.32603" lon="8.80258">
        <ele>1056.0</ele>
      </trkpt>
      <trkpt lat="61.32585" lon="8.80305">
        <ele>1057.9</ele>
      </trkpt>
      <trkpt lat="61.32554" lon="8.804">
        <ele>1060.0</ele>
      </trkpt>
      <trkpt lat="61.32547" lon="8.80419">
        <ele>1060.0</ele>
      </trkpt>
      <trkpt lat="61.32532" lon="8.804449">
        <ele>1059.7</ele>
      </trkpt>
      <trkpt lat="61.32522" lon="8.80455">
        <ele>1059.7</ele>
      </trkpt>
      <trkpt lat="61.32503" lon="8.80461">
        <ele>1060.3</ele>
      </trkpt>
      <trkpt lat="61.32464" lon="8.8045">
        <ele>1061.8</ele>
      </trkpt>
      <trkpt lat="61.32403" lon="8.80405">
        <ele>1061.9</ele>
      </trkpt>
      <trkpt lat="61.32341" lon="8.803699">
        <ele>1056.6</ele>
      </trkpt>
      <trkpt lat="61.32279" lon="8.80336">
        <ele>1054.9</ele>
      </trkpt>
      <trkpt lat="61.32263" lon="8.8033">
        <ele>1055.7</ele>
      </trkpt>
      <trkpt lat="61.32247" lon="8.8033">
        <ele>1056.6</ele>
      </trkpt>
      <trkpt lat="61.32236" lon="8.80335">
        <ele>1056.9</ele>
      </trkpt>
      <trkpt lat="61.32224" lon="8.80346">
        <ele>1057.4</ele>
      </trkpt>
      <trkpt lat="61.32186" lon="8.80404">
        <ele>1057.3</ele>
      </trkpt>
      <trkpt lat="61.32148" lon="8.80463">
        <ele>1057.3</ele>
      </trkpt>
      <trkpt lat="61.32112" lon="8.80507">
        <ele>1057.5</ele>
      </trkpt>
      <trkpt lat="61.32092" lon="8.805249">
        <ele>1056.4</ele>
      </trkpt>
      <trkpt lat="61.32064" lon="8.80543">
        <ele>1054.2</ele>
      </trkpt>
      <trkpt lat="61.32018" lon="8.80559">
        <ele>1055.8</ele>
      </trkpt>
      <trkpt lat="61.31998" lon="8.80566">
        <ele>1056.5</ele>
      </trkpt>
      <trkpt lat="61.31959" lon="8.80585">
        <ele>1056.3</ele>
      </trkpt>
      <trkpt lat="61.31937" lon="8.80602">
        <ele>1056.1</ele>
      </trkpt>
      <trkpt lat="61.31882" lon="8.80655">
        <ele>1053.6</ele>
      </trkpt>
      <trkpt lat="61.31841" lon="8.80693">
        <ele>1053.3</ele>
      </trkpt>
      <trkpt lat="61.31813" lon="8.80709">
        <ele>1053.2</ele>
      </trkpt>
      <trkpt lat="61.31783" lon="8.807219">
        <ele>1053.8</ele>
      </trkpt>
      <trkpt lat="61.3174" lon="8.8073">
        <ele>1054.2</ele>
      </trkpt>
      <trkpt lat="61.31677" lon="8.80729">
        <ele>1052.3</ele>
      </trkpt>
      <trkpt lat="61.31655" lon="8.80732">
        <ele>1052.1</ele>
      </trkpt>
      <trkpt lat="61.31625" lon="8.80743">
        <ele>1052.8</ele>
      </trkpt>
      <trkpt lat="61.31578" lon="8.807639">
        <ele>1055.4</ele>
      </trkpt>
      <trkpt lat="61.31531" lon="8.80785">
        <ele>1053.4</ele>
      </trkpt>
      <trkpt lat="61.31491" lon="8.80794">
        <ele>1051.9</ele>
      </trkpt>
      <trkpt lat="61.31417" lon="8.80794">
        <ele>1056.3</ele>
      </trkpt>
      <trkpt lat="61.31343" lon="8.80795">
        <ele>1063.1</ele>
      </trkpt>
      <trkpt lat="61.31269" lon="8.80796">
        <ele>1065.5</ele>
      </trkpt>
      <trkpt lat="61.31229" lon="8.80794">
        <ele>1065.7</ele>
      </trkpt>
      <trkpt lat="61.31188" lon="8.80781">
        <ele>1066.8</ele>
      </trkpt>
      <trkpt lat="61.3112" lon="8.80749">
        <ele>1072.3</ele>
      </trkpt>
      <trkpt lat="61.31053" lon="8.80717">
        <ele>1077.8</ele>
      </trkpt>
      <trkpt lat="61.30985" lon="8.80686">
        <ele>1081.4</ele>
      </trkpt>
      <trkpt lat="61.30957" lon="8.806749">
        <ele>1082.6</ele>
      </trkpt>
      <trkpt lat="61.30931" lon="8.80671">
        <ele>1083.4</ele>
      </trkpt>
      <trkpt lat="61.30848" lon="8.806749">
        <ele>1087.7</ele>
      </trkpt>
      <trkpt lat="61.30781" lon="8.80667">
        <ele>1092.5</ele>
      </trkpt>
      <trkpt lat="61.30754" lon="8.8067">
        <ele>1093.9</ele>
      </trkpt>
      <trkpt lat="61.30739" lon="8.80677">
        <ele>1094.2</ele>
      </trkpt>
      <trkpt lat="61.30718" lon="8.80691">
        <ele>1094.8</ele>
      </trkpt>
      <trkpt lat="61.30645" lon="8.80755">
        <ele>1097.5</ele>
      </trkpt>
      <trkpt lat="61.30618" lon="8.80766">
        <ele>1099.3</ele>
      </trkpt>
      <trkpt lat="61.30581" lon="8.807689">
        <ele>1101.7</ele>
      </trkpt>
      <trkpt lat="61.30495" lon="8.80771">
        <ele>1106.9</ele>
      </trkpt>
      <trkpt lat="61.30408" lon="8.80773">
        <ele>1113.9</ele>
      </trkpt>
      <trkpt lat="61.30322" lon="8.80775">
        <ele>1123.9</ele>
      </trkpt>
      <trkpt lat="61.30276" lon="8.80779">
        <ele>1119.3</ele>
      </trkpt>
      <trkpt lat="61.30196" lon="8.80791">
        <ele>1117.5</ele>
      </trkpt>
      <trkpt lat="61.30133" lon="8.80807">
        <ele>1122.7</ele>
      </trkpt>
      <trkpt lat="61.30096" lon="8.8082">
        <ele>1129.4</ele>
      </trkpt>
      <trkpt lat="61.3007" lon="8.80838">
        <ele>1135.2</ele>
      </trkpt>
      <trkpt lat="61.30053" lon="8.80856">
        <ele>1137.9</ele>
      </trkpt>
      <trkpt lat="61.30036" lon="8.80879">
        <ele>1141.5</ele>
      </trkpt>
      <trkpt lat="61.30018" lon="8.80912">
        <ele>1143.4</ele>
      </trkpt>
      <trkpt lat="61.29985" lon="8.80988">
        <ele>1141.9</ele>
      </trkpt>
      <trkpt lat="61.29966" lon="8.81049">
        <ele>1141.3</ele>
      </trkpt>
      <trkpt lat="61.29936" lon="8.8116">
        <ele>1141.0</ele>
      </trkpt>
      <trkpt lat="61.29906" lon="8.8127">
        <ele>1142.1</ele>
      </trkpt>
      <trkpt lat="61.29884" lon="8.8132">
        <ele>1142.7</ele>
      </trkpt>
      <trkpt lat="61.29861" lon="8.81354">
        <ele>1142.9</ele>
      </trkpt>
      <trkpt lat="61.29816" lon="8.81402">
        <ele>1140.0</ele>
      </trkpt>
      <trkpt lat="61.29787" lon="8.81426">
        <ele>1139.9</ele>
      </trkpt>
      <trkpt lat="61.29775" lon="8.81432">
        <ele>1142.0</ele>
      </trkpt>
      <trkpt lat="61.29761" lon="8.814349">
        <ele>1144.4</ele>
      </trkpt>
      <trkpt lat="61.29672" lon="8.814209">
        <ele>1149.3</ele>
      </trkpt>
      <trkpt lat="61.29583" lon="8.81408">
        <ele>1151.3</ele>
      </trkpt>
      <trkpt lat="61.29494" lon="8.81394">
        <ele>1151.5</ele>
      </trkpt>
      <trkpt lat="61.29405" lon="8.8138">
        <ele>1159.6</ele>
      </trkpt>
      <trkpt lat="61.29317" lon="8.81367">
        <ele>1161.9</ele>
      </trkpt>
      <trkpt lat="61.2926" lon="8.81366">
        <ele>1162.1</ele>
      </trkpt>
      <trkpt lat="61.2918" lon="8.81368">
        <ele>1162.5</ele>
      </trkpt>
      <trkpt lat="61.29101" lon="8.8137">
        <ele>1164.2</ele>
      </trkpt>
      <trkpt lat="61.2907" lon="8.81362">
        <ele>1163.5</ele>
      </trkpt>
      <trkpt lat="61.29043" lon="8.81349">
        <ele>1163.0</ele>
      </trkpt>
      <trkpt lat="61.28995" lon="8.81321">
        <ele>1162.5</ele>
      </trkpt>
      <trkpt lat="61.28973" lon="8.813129">
        <ele>1160.6</ele>
      </trkpt>
      <trkpt lat="61.2895" lon="8.81311">
        <ele>1156.4</ele>
      </trkpt>
      <trkpt lat="61.28917" lon="8.81315">
        <ele>1149.6</ele>
      </trkpt>
      <trkpt lat="61.28882" lon="8.81325">
        <ele>1143.8</ele>
      </trkpt>
      <trkpt lat="61.28827" lon="8.81351">
        <ele>1135.5</ele>
      </trkpt>
      <trkpt lat="61.28784" lon="8.81359">
        <ele>1124.9</ele>
      </trkpt>
      <trkpt lat="61.28763" lon="8.81371">
        <ele>1122.1</ele>
      </trkpt>
      <trkpt lat="61.28734" lon="8.81406">
        <ele>1124.6</ele>
      </trkpt>
      <trkpt lat="61.28698" lon="8.81475">
        <ele>1136.6</ele>
      </trkpt>
      <trkpt lat="61.28662" lon="8.81544">
        <ele>1141.3</ele>
      </trkpt>
      <trkpt lat="61.28621" lon="8.81628">
        <ele>1139.1</ele>
      </trkpt>
      <trkpt lat="61.28614" lon="8.8165">
        <ele>1138.1</ele>
      </trkpt>
      <trkpt lat="61.28606" lon="8.81685">
        <ele>1137.6</ele>
      </trkpt>
      <trkpt lat="61.28601" lon="8.81748">
        <ele>1137.7</ele>
      </trkpt>
      <trkpt lat="61.28599" lon="8.81799">
        <ele>1137.9</ele>
      </trkpt>
      <trkpt lat="61.28599" lon="8.81813">
        <ele>1138.4</ele>
      </trkpt>
      <trkpt lat="61.28609" lon="8.81853">
        <ele>1142.2</ele>
      </trkpt>
      <trkpt lat="61.28636" lon="8.81935">
        <ele>1149.4</ele>
      </trkpt>
      <trkpt lat="61.28645" lon="8.81967">
        <ele>1150.9</ele>
      </trkpt>
      <trkpt lat="61.28664" lon="8.82063">
        <ele>1151.1</ele>
      </trkpt>
      <trkpt lat="61.28669" lon="8.82099">
        <ele>1150.4</ele>
      </trkpt>
      <trkpt lat="61.2867" lon="8.82137">
        <ele>1149.3</ele>
      </trkpt>
      <trkpt lat="61.28669" lon="8.82162">
        <ele>1148.2</ele>
      </trkpt>
      <trkpt lat="61.28664" lon="8.82203">
        <ele>1145.6</ele>
      </trkpt>
      <trkpt lat="61.28645" lon="8.82305">
        <ele>1141.6</ele>
      </trkpt>
      <trkpt lat="61.28627" lon="8.8242">
        <ele>1140.0</ele>
      </trkpt>
      <trkpt lat="61.286" lon="8.82551">
        <ele>1137.9</ele>
      </trkpt>
      <trkpt lat="61.28573" lon="8.82657">
        <ele>1136.2</ele>
      </trkpt>
      <trkpt lat="61.28558" lon="8.82695">
        <ele>1135.5</ele>
      </trkpt>
      <trkpt lat="61.28538" lon="8.82736">
        <ele>1133.5</ele>
      </trkpt>
      <trkpt lat="61.28486" lon="8.82818">
        <ele>1129.9</ele>
      </trkpt>
      <trkpt lat="61.28433" lon="8.828989">
        <ele>1128.1</ele>
      </trkpt>
      <trkpt lat="61.28381" lon="8.82981">
        <ele>1129.2</ele>
      </trkpt>
      <trkpt lat="61.28363" lon="8.83011">
        <ele>1130.4</ele>
      </trkpt>
      <trkpt lat="61.28342" lon="8.83059">
        <ele>1131.3</ele>
      </trkpt>
      <trkpt lat="61.28323" lon="8.83123">
        <ele>1127.4</ele>
      </trkpt>
      <trkpt lat="61.28315" lon="8.831569">
        <ele>1126.8</ele>
      </trkpt>
      <trkpt lat="61.28292" lon="8.83288">
        <ele>1125.0</ele>
      </trkpt>
      <trkpt lat="61.28268" lon="8.83418">
        <ele>1122.4</ele>
      </trkpt>
      <trkpt lat="61.2824" lon="8.83559">
        <ele>1117.8</ele>
      </trkpt>
      <trkpt lat="61.28207" lon="8.83685">
        <ele>1116.9</ele>
      </trkpt>
      <trkpt lat="61.28171" lon="8.83812">
        <ele>1113.0</ele>
      </trkpt>
      <trkpt lat="61.28134" lon="8.83939">
        <ele>1110.4</ele>
      </trkpt>
      <trkpt lat="61.28123" lon="8.83968">
        <ele>1109.3</ele>
      </trkpt>
      <trkpt lat="61.28095" lon="8.84031">
        <ele>1107.2</ele>
      </trkpt>
      <trkpt lat="61.28083" lon="8.84068">
        <ele>1106.8</ele>
      </trkpt>
      <trkpt lat="61.28051" lon="8.84187">
        <ele>1107.2</ele>
      </trkpt>
      <trkpt lat="61.28011" lon="8.843159">
        <ele>1103.4</ele>
      </trkpt>
      <trkpt lat="61.27972" lon="8.84446">
        <ele>1099.0</ele>
      </trkpt>
      <trkpt lat="61.27961" lon="8.84491">
        <ele>1098.5</ele>
      </trkpt>
      <trkpt lat="61.27954" lon="8.8453">
        <ele>1098.3</ele>
      </trkpt>
      <trkpt lat="61.2794" lon="8.84624">
        <ele>1097.0</ele>
      </trkpt>
      <trkpt lat="61.27926" lon="8.84718">
        <ele>1095.5</ele>
      </trkpt>
      <trkpt lat="61.27907" lon="8.848">
        <ele>1091.4</ele>
      </trkpt>
      <trkpt lat="61.27895" lon="8.84836">
        <ele>1089.1</ele>
      </trkpt>
      <trkpt lat="61.2785" lon="8.84929">
        <ele>1080.7</ele>
      </trkpt>
      <trkpt lat="61.27827" lon="8.84995">
        <ele>1079.5</ele>
      </trkpt>
      <trkpt lat="61.27804" lon="8.85074">
        <ele>1079.5</ele>
      </trkpt>
      <trkpt lat="61.27772" lon="8.85155">
        <ele>1077.9</ele>
      </trkpt>
      <trkpt lat="61.27728" lon="8.85253">
        <ele>1077.5</ele>
      </trkpt>
      <trkpt lat="61.27664" lon="8.85382">
        <ele>1076.8</ele>
      </trkpt>
      <trkpt lat="61.276" lon="8.85511">
        <ele>1069.4</ele>
      </trkpt>
      <trkpt lat="61.27572" lon="8.85572">
        <ele>1066.6</ele>
      </trkpt>
      <trkpt lat="61.27558" lon="8.856">
        <ele>1066.6</ele>
      </trkpt>
      <trkpt lat="61.27542" lon="8.85624">
        <ele>1066.0</ele>
      </trkpt>
      <trkpt lat="61.27527" lon="8.85637">
        <ele>1065.1</ele>
      </trkpt>
      <trkpt lat="61.2751" lon="8.856439">
        <ele>1064.1</ele>
      </trkpt>
      <trkpt lat="61.27493" lon="8.856439">
        <ele>1063.1</ele>
      </trkpt>
      <trkpt lat="61.27455" lon="8.85637">
        <ele>1061.2</ele>
      </trkpt>
      <trkpt lat="61.27436" lon="8.85641">
        <ele>1060.0</ele>
      </trkpt>
      <trkpt lat="61.27416" lon="8.8565">
        <ele>1058.9</ele>
      </trkpt>
      <trkpt lat="61.27379" lon="8.856769">
        <ele>1057.3</ele>
      </trkpt>
      <trkpt lat="61.27353" lon="8.85706">
        <ele>1055.5</ele>
      </trkpt>
      <trkpt lat="61.27341" lon="8.85725">
        <ele>1054.8</ele>
      </trkpt>
      <trkpt lat="61.27332" lon="8.85741">
        <ele>1054.5</ele>
      </trkpt>
      <trkpt lat="61.27315" lon="8.85778">
        <ele>1054.0</ele>
      </trkpt>
      <trkpt lat="61.27285" lon="8.858599">
        <ele>1054.0</ele>
      </trkpt>
      <trkpt lat="61.27254" lon="8.85943">
        <ele>1054.4</ele>
      </trkpt>
      <trkpt lat="61.27234" lon="8.86">
        <ele>1053.6</ele>
      </trkpt>
      <trkpt lat="61.27203" lon="8.86107">
        <ele>1050.7</ele>
      </trkpt>
      <trkpt lat="61.27192" lon="8.861319">
        <ele>1048.9</ele>
      </trkpt>
      <trkpt lat="61.27179" lon="8.86158">
        <ele>1047.9</ele>
      </trkpt>
      <trkpt lat="61.27159" lon="8.86183">
        <ele>1046.1</ele>
      </trkpt>
      <trkpt lat="61.27132" lon="8.86206">
        <ele>1044.1</ele>
      </trkpt>
      <trkpt lat="61.27046" lon="8.86258">
        <ele>1032.1</ele>
      </trkpt>
      <trkpt lat="61.26975" lon="8.86319">
        <ele>1033.4</ele>
      </trkpt>
      <trkpt lat="61.26951" lon="8.86335">
        <ele>1030.6</ele>
      </trkpt>
      <trkpt lat="61.26921" lon="8.86347">
        <ele>1027.3</ele>
      </trkpt>
      <trkpt lat="61.26859" lon="8.8635">
        <ele>1025.5</ele>
      </trkpt>
      <trkpt lat="61.26841" lon="8.86356">
        <ele>1025.3</ele>
      </trkpt>
      <trkpt lat="61.26821" lon="8.86367">
        <ele>1025.7</ele>
      </trkpt>
      <trkpt lat="61.26806" lon="8.8638">
        <ele>1025.5</ele>
      </trkpt>
      <trkpt lat="61.26793" lon="8.86395">
        <ele>1025.0</ele>
      </trkpt>
      <trkpt lat="61.26767" lon="8.8644">
        <ele>1024.2</ele>
      </trkpt>
      <trkpt lat="61.26717" lon="8.86529">
        <ele>1021.5</ele>
      </trkpt>
      <trkpt lat="61.26668" lon="8.86617">
        <ele>1019.4</ele>
      </trkpt>
      <trkpt lat="61.26618" lon="8.86706">
        <ele>1016.4</ele>
      </trkpt>
      <trkpt lat="61.26626" lon="8.86726">
        <ele>1017.1</ele>
      </trkpt>
      <trkpt lat="61.26619" lon="8.8673">
        <ele>1016.6</ele>
      </trkpt>
      <trkpt lat="61.26589" lon="8.86772">
        <ele>1015.4</ele>
      </trkpt>
      <trkpt lat="61.26552" lon="8.8681">
        <ele>1013.4</ele>
      </trkpt>
      <trkpt lat="61.26543" lon="8.86825">
        <ele>1013.3</ele>
      </trkpt>
      <trkpt lat="61.26538" lon="8.86829">
        <ele>1013.1</ele>
      </trkpt>
      <trkpt lat="61.26523" lon="8.86827">
        <ele>1011.9</ele>
      </trkpt>
      <trkpt lat="61.26477" lon="8.868359">
        <ele>1008.6</ele>
      </trkpt>
      <trkpt lat="61.26451" lon="8.86854">
        <ele>1006.7</ele>
      </trkpt>
      <trkpt lat="61.26431" lon="8.86876">
        <ele>1006.1</ele>
      </trkpt>
      <trkpt lat="61.26395" lon="8.86938">
        <ele>1005.2</ele>
      </trkpt>
      <trkpt lat="61.2633" lon="8.87043">
        <ele>1002.8</ele>
      </trkpt>
      <trkpt lat="61.26313" lon="8.87086">
        <ele>1002.4</ele>
      </trkpt>
      <trkpt lat="61.26279" lon="8.87187">
        <ele>1003.6</ele>
      </trkpt>
      <trkpt lat="61.26246" lon="8.87288">
        <ele>998.8</ele>
      </trkpt>
      <trkpt lat="61.26234" lon="8.87318">
        <ele>996.8</ele>
      </trkpt>
      <trkpt lat="61.26223" lon="8.87341">
        <ele>996.0</ele>
      </trkpt>
      <trkpt lat="61.2621" lon="8.87361">
        <ele>994.7</ele>
      </trkpt>
      <trkpt lat="61.26184" lon="8.87389">
        <ele>992.9</ele>
      </trkpt>
      <trkpt lat="61.26159" lon="8.87405">
        <ele>991.5</ele>
      </trkpt>
      <trkpt lat="61.26075" lon="8.87437">
        <ele>985.6</ele>
      </trkpt>
      <trkpt lat="61.26019" lon="8.87456">
        <ele>983.1</ele>
      </trkpt>
      <trkpt lat="61.25964" lon="8.87475">
        <ele>981.3</ele>
      </trkpt>
      <trkpt lat="61.25959" lon="8.87479">
        <ele>981.0</ele>
      </trkpt>
      <trkpt lat="61.25944" lon="8.87486">
        <ele>980.5</ele>
      </trkpt>
      <trkpt lat="61.25896" lon="8.87497">
        <ele>977.7</ele>
      </trkpt>
      <trkpt lat="61.25821" lon="8.875069">
        <ele>970.9</ele>
      </trkpt>
      <trkpt lat="61.25747" lon="8.87518">
        <ele>966.6</ele>
      </trkpt>
      <trkpt lat="61.25714" lon="8.87524">
        <ele>965.1</ele>
      </trkpt>
      <trkpt lat="61.25683" lon="8.87534">
        <ele>963.9</ele>
      </trkpt>
      <trkpt lat="61.25636" lon="8.87566">
        <ele>963.3</ele>
      </trkpt>
      <trkpt lat="61.25598" lon="8.87602">
        <ele>962.1</ele>
      </trkpt>
      <trkpt lat="61.25575" lon="8.876289">
        <ele>960.4</ele>
      </trkpt>
      <trkpt lat="61.25525" lon="8.87696">
        <ele>956.0</ele>
      </trkpt>
      <trkpt lat="61.25482" lon="8.87762">
        <ele>953.6</ele>
      </trkpt>
      <trkpt lat="61.2546" lon="8.87801">
        <ele>954.5</ele>
      </trkpt>
      <trkpt lat="61.25403" lon="8.87912">
        <ele>951.4</ele>
      </trkpt>
      <trkpt lat="61.25346" lon="8.880229">
        <ele>949.2</ele>
      </trkpt>
      <trkpt lat="61.2533" lon="8.880509">
        <ele>948.0</ele>
      </trkpt>
      <trkpt lat="61.25263" lon="8.8815">
        <ele>944.7</ele>
      </trkpt>
      <trkpt lat="61.25237" lon="8.8818">
        <ele>943.1</ele>
      </trkpt>
      <trkpt lat="61.25222" lon="8.881919">
        <ele>941.8</ele>
      </trkpt>
      <trkpt lat="61.25186" lon="8.88213">
        <ele>938.0</ele>
      </trkpt>
      <trkpt lat="61.25166" lon="8.8823">
        <ele>935.8</ele>
      </trkpt>
      <trkpt lat="61.25153" lon="8.88248">
        <ele>934.5</ele>
      </trkpt>
      <trkpt lat="61.25141" lon="8.88271">
        <ele>933.6</ele>
      </trkpt>
      <trkpt lat="61.25134" lon="8.88289">
        <ele>933.2</ele>
      </trkpt>
      <trkpt lat="61.25108" lon="8.88399">
        <ele>934.8</ele>
      </trkpt>
      <trkpt lat="61.25074" lon="8.885">
        <ele>935.8</ele>
      </trkpt>
      <trkpt lat="61.2504" lon="8.885999">
        <ele>933.7</ele>
      </trkpt>
      <trkpt lat="61.25024" lon="8.88658">
        <ele>931.3</ele>
      </trkpt>
      <trkpt lat="61.25016" lon="8.887">
        <ele>930.2</ele>
      </trkpt>
      <trkpt lat="61.25013" lon="8.88733">
        <ele>929.8</ele>
      </trkpt>
      <trkpt lat="61.25012" lon="8.88842">
        <ele>926.7</ele>
      </trkpt>
      <trkpt lat="61.25016" lon="8.88887">
        <ele>927.5</ele>
      </trkpt>
      <trkpt lat="61.25023" lon="8.88962">
        <ele>928.2</ele>
      </trkpt>
      <trkpt lat="61.25025" lon="8.89002">
        <ele>927.8</ele>
      </trkpt>
      <trkpt lat="61.25025" lon="8.89041">
        <ele>927.8</ele>
      </trkpt>
      <trkpt lat="61.25017" lon="8.8912">
        <ele>925.7</ele>
      </trkpt>
      <trkpt lat="61.25019" lon="8.89235">
        <ele>923.1</ele>
      </trkpt>
      <trkpt lat="61.25025" lon="8.89322">
        <ele>921.3</ele>
      </trkpt>
      <trkpt lat="61.25023" lon="8.89421">
        <ele>917.8</ele>
      </trkpt>
      <trkpt lat="61.25022" lon="8.89519">
        <ele>914.4</ele>
      </trkpt>
      <trkpt lat="61.25019" lon="8.89682">
        <ele>909.6</ele>
      </trkpt>
      <trkpt lat="61.25015" lon="8.89845">
        <ele>907.2</ele>
      </trkpt>
      <trkpt lat="61.25012" lon="8.89959">
        <ele>904.7</ele>
      </trkpt>
      <trkpt lat="61.25007" lon="8.90021">
        <ele>901.8</ele>
      </trkpt>
      <trkpt lat="61.24997" lon="8.901">
        <ele>897.5</ele>
      </trkpt>
      <trkpt lat="61.24974" lon="8.90238">
        <ele>891.3</ele>
      </trkpt>
      <trkpt lat="61.24958" lon="8.90316">
        <ele>889.0</ele>
      </trkpt>
      <trkpt lat="61.24937" lon="8.90403">
        <ele>886.9</ele>
      </trkpt>
      <trkpt lat="61.24908" lon="8.905049">
        <ele>885.7</ele>
      </trkpt>
      <trkpt lat="61.2488" lon="8.90607">
        <ele>884.5</ele>
      </trkpt>
      <trkpt lat="61.24869" lon="8.90656">
        <ele>883.4</ele>
      </trkpt>
      <trkpt lat="61.24861" lon="8.90647">
        <ele>882.5</ele>
      </trkpt>
      <trkpt lat="61.24855" lon="8.9064">
        <ele>881.8</ele>
      </trkpt>
      <trkpt lat="61.24857" lon="8.90624">
        <ele>882.1</ele>
      </trkpt>
      <trkpt lat="61.2486" lon="8.90611">
        <ele>882.4</ele>
      </trkpt>
      <trkpt lat="61.24854" lon="8.906">
        <ele>881.7</ele>
      </trkpt>
      <trkpt lat="61.2485" lon="8.9058">
        <ele>880.7</ele>
      </trkpt>
      <trkpt lat="61.24842" lon="8.90455">
        <ele>877.4</ele>
      </trkpt>
      <trkpt lat="61.24834" lon="8.90331">
        <ele>875.6</ele>
      </trkpt>
      <trkpt lat="61.24826" lon="8.90207">
        <ele>877.5</ele>
      </trkpt>
      <trkpt lat="61.24816" lon="8.90081">
        <ele>880.4</ele>
      </trkpt>
      <trkpt lat="61.24804" lon="8.89982">
        <ele>878.3</ele>
      </trkpt>
      <trkpt lat="61.24786" lon="8.89882">
        <ele>875.8</ele>
      </trkpt>
      <trkpt lat="61.24763" lon="8.8977">
        <ele>872.9</ele>
      </trkpt>
      <trkpt lat="61.24749" lon="8.89671">
        <ele>871.5</ele>
      </trkpt>
      <trkpt lat="61.24739" lon="8.89619">
        <ele>871.1</ele>
      </trkpt>
      <trkpt lat="61.24728" lon="8.8958">
        <ele>870.7</ele>
      </trkpt>
      <trkpt lat="61.24709" lon="8.89526">
        <ele>868.9</ele>
      </trkpt>
      <trkpt lat="61.24661" lon="8.89417">
        <ele>863.3</ele>
      </trkpt>
      <trkpt lat="61.2462" lon="8.89312">
        <ele>864.7</ele>
      </trkpt>
      <trkpt lat="61.24598" lon="8.89239">
        <ele>864.0</ele>
      </trkpt>
      <trkpt lat="61.24555" lon="8.89117">
        <ele>861.9</ele>
      </trkpt>
      <trkpt lat="61.24529" lon="8.89076">
        <ele>858.6</ele>
      </trkpt>
      <trkpt lat="61.24462" lon="8.889989">
        <ele>851.3</ele>
      </trkpt>
      <trkpt lat="61.24439" lon="8.88969">
        <ele>848.6</ele>
      </trkpt>
      <trkpt lat="61.24424" lon="8.88955">
        <ele>847.1</ele>
      </trkpt>
      <trkpt lat="61.24409" lon="8.88948">
        <ele>845.2</ele>
      </trkpt>
      <trkpt lat="61.24381" lon="8.88945">
        <ele>842.1</ele>
      </trkpt>
      <trkpt lat="61.24349" lon="8.88955">
        <ele>839.1</ele>
      </trkpt>
      <trkpt lat="61.24306" lon="8.88974">
        <ele>835.6</ele>
      </trkpt>
      <trkpt lat="61.2429" lon="8.88978">
        <ele>834.5</ele>
      </trkpt>
      <trkpt lat="61.2427" lon="8.88969">
        <ele>832.5</ele>
      </trkpt>
      <trkpt lat="61.24263" lon="8.88959">
        <ele>831.9</ele>
      </trkpt>
      <trkpt lat="61.24257" lon="8.889379">
        <ele>830.3</ele>
      </trkpt>
      <trkpt lat="61.24254" lon="8.88916">
        <ele>829.1</ele>
      </trkpt>
      <trkpt lat="61.24254" lon="8.8888">
        <ele>827.8</ele>
      </trkpt>
      <trkpt lat="61.24256" lon="8.88852">
        <ele>826.8</ele>
      </trkpt>
      <trkpt lat="61.24272" lon="8.88699">
        <ele>825.8</ele>
      </trkpt>
      <trkpt lat="61.24274" lon="8.88649">
        <ele>825.1</ele>
      </trkpt>
      <trkpt lat="61.24273" lon="8.88627">
        <ele>824.0</ele>
      </trkpt>
      <trkpt lat="61.2427" lon="8.88604">
        <ele>822.6</ele>
      </trkpt>
      <trkpt lat="61.2426" lon="8.88561">
        <ele>819.0</ele>
      </trkpt>
      <trkpt lat="61.24231" lon="8.88482">
        <ele>811.0</ele>
      </trkpt>
      <trkpt lat="61.24224" lon="8.88427">
        <ele>806.1</ele>
      </trkpt>
      <trkpt lat="61.24224" lon="8.88402">
        <ele>804.8</ele>
      </trkpt>
      <trkpt lat="61.24228" lon="8.8837">
        <ele>803.6</ele>
      </trkpt>
      <trkpt lat="61.24236" lon="8.88341">
        <ele>803.5</ele>
      </trkpt>
      <trkpt lat="61.24284" lon="8.882339">
        <ele>802.5</ele>
      </trkpt>
      <trkpt lat="61.2429" lon="8.88201">
        <ele>801.4</ele>
      </trkpt>
      <trkpt lat="61.24293" lon="8.88166">
        <ele>800.2</ele>
      </trkpt>
      <trkpt lat="61.24291" lon="8.88095">
        <ele>795.8</ele>
      </trkpt>
      <trkpt lat="61.24292" lon="8.88059">
        <ele>794.3</ele>
      </trkpt>
      <trkpt lat="61.24298" lon="8.87963">
        <ele>791.3</ele>
      </trkpt>
      <trkpt lat="61.24296" lon="8.879149">
        <ele>788.7</ele>
      </trkpt>
      <trkpt lat="61.24283" lon="8.87817">
        <ele>781.6</ele>
      </trkpt>
      <trkpt lat="61.24282" lon="8.8777">
        <ele>777.8</ele>
      </trkpt>
      <trkpt lat="61.24294" lon="8.87689">
        <ele>773.0</ele>
      </trkpt>
      <trkpt lat="61.2432" lon="8.87552">
        <ele>766.5</ele>
      </trkpt>
      <trkpt lat="61.24346" lon="8.87401">
        <ele>764.7</ele>
      </trkpt>
      <trkpt lat="61.24352" lon="8.87335">
        <ele>763.6</ele>
      </trkpt>
      <trkpt lat="61.24354" lon="8.87182">
        <ele>758.3</ele>
      </trkpt>
      <trkpt lat="61.24356" lon="8.87146">
        <ele>757.3</ele>
      </trkpt>
      <trkpt lat="61.24356" lon="8.87093">
        <ele>755.8</ele>
      </trkpt>
      <trkpt lat="61.24353" lon="8.87071">
        <ele>755.1</ele>
      </trkpt>
      <trkpt lat="61.24335" lon="8.86981">
        <ele>749.7</ele>
      </trkpt>
      <trkpt lat="61.24324" lon="8.86877">
        <ele>749.2</ele>
      </trkpt>
      <trkpt lat="61.24317" lon="8.8683">
        <ele>747.6</ele>
      </trkpt>
      <trkpt lat="61.24311" lon="8.86808">
        <ele>744.9</ele>
      </trkpt>
      <trkpt lat="61.24289" lon="8.86757">
        <ele>737.2</ele>
      </trkpt>
      <trkpt lat="61.24311" lon="8.86689">
        <ele>740.5</ele>
      </trkpt>
      <trkpt lat="61.24318" lon="8.86636">
        <ele>741.1</ele>
      </trkpt>
      <trkpt lat="61.24318" lon="8.86507">
        <ele>738.7</ele>
      </trkpt>
      <trkpt lat="61.24318" lon="8.86378">
        <ele>738.6</ele>
      </trkpt>
      <trkpt lat="61.24322" lon="8.86278">
        <ele>742.3</ele>
      </trkpt>
      <trkpt lat="61.24322" lon="8.862539">
        <ele>742.9</ele>
      </trkpt>
      <trkpt lat="61.24318" lon="8.86215">
        <ele>742.3</ele>
      </trkpt>
      <trkpt lat="61.24303" lon="8.86138">
        <ele>739.2</ele>
      </trkpt>
      <trkpt lat="61.24298" lon="8.86111">
        <ele>738.1</ele>
      </trkpt>
      <trkpt lat="61.24295" lon="8.8604">
        <ele>737.1</ele>
      </trkpt>
      <trkpt lat="61.24299" lon="8.85891">
        <ele>737.1</ele>
      </trkpt>
      <trkpt lat="61.24305" lon="8.85755">
        <ele>737.9</ele>
      </trkpt>
      <trkpt lat="61.24311" lon="8.8562">
        <ele>738.2</ele>
      </trkpt>
      <trkpt lat="61.24315" lon="8.85562">
        <ele>738.8</ele>
      </trkpt>
      <trkpt lat="61.24325" lon="8.85448">
        <ele>741.0</ele>
      </trkpt>
      <trkpt lat="61.24325" lon="8.854139">
        <ele>741.6</ele>
      </trkpt>
      <trkpt lat="61.24319" lon="8.853859">
        <ele>741.6</ele>
      </trkpt>
      <trkpt lat="61.24312" lon="8.85366">
        <ele>741.6</ele>
      </trkpt>
      <trkpt lat="61.24305" lon="8.85352">
        <ele>741.7</ele>
      </trkpt>
      <trkpt lat="61.2429" lon="8.85324">
        <ele>742.6</ele>
      </trkpt>
      <trkpt lat="61.24246" lon="8.85255">
        <ele>746.0</ele>
      </trkpt>
      <trkpt lat="61.24236" lon="8.85232">
        <ele>747.3</ele>
      </trkpt>
      <trkpt lat="61.24229" lon="8.852029">
        <ele>748.9</ele>
      </trkpt>
      <trkpt lat="61.24225" lon="8.85181">
        <ele>750.2</ele>
      </trkpt>
      <trkpt lat="61.24224" lon="8.85152">
        <ele>751.2</ele>
      </trkpt>
      <trkpt lat="61.24226" lon="8.85124">
        <ele>752.9</ele>
      </trkpt>
      <trkpt lat="61.24233" lon="8.8509">
        <ele>754.0</ele>
      </trkpt>
      <trkpt lat="61.24264" lon="8.84978">
        <ele>758.7</ele>
      </trkpt>
      <trkpt lat="61.24274" lon="8.849309">
        <ele>759.1</ele>
      </trkpt>
      <trkpt lat="61.24282" lon="8.84905">
        <ele>760.0</ele>
      </trkpt>
      <trkpt lat="61.24295" lon="8.84878">
        <ele>761.5</ele>
      </trkpt>
      <trkpt lat="61.24325" lon="8.84833">
        <ele>766.2</ele>
      </trkpt>
      <trkpt lat="61.24343" lon="8.84801">
        <ele>770.2</ele>
      </trkpt>
      <trkpt lat="61.24356" lon="8.84766">
        <ele>773.8</ele>
      </trkpt>
      <trkpt lat="61.24364" lon="8.84731">
        <ele>776.3</ele>
      </trkpt>
      <trkpt lat="61.24371" lon="8.84686">
        <ele>778.8</ele>
      </trkpt>
      <trkpt lat="61.24377" lon="8.84636">
        <ele>780.5</ele>
      </trkpt>
      <trkpt lat="61.24389" lon="8.84461">
        <ele>784.5</ele>
      </trkpt>
      <trkpt lat="61.24394" lon="8.84327">
        <ele>781.4</ele>
      </trkpt>
      <trkpt lat="61.24399" lon="8.84292">
        <ele>780.3</ele>
      </trkpt>
      <trkpt lat="61.24407" lon="8.842599">
        <ele>780.6</ele>
      </trkpt>
      <trkpt lat="61.24423" lon="8.84225">
        <ele>782.5</ele>
      </trkpt>
      <trkpt lat="61.24441" lon="8.84195">
        <ele>785.0</ele>
      </trkpt>
      <trkpt lat="61.24484" lon="8.84139">
        <ele>788.2</ele>
      </trkpt>
      <trkpt lat="61.24528" lon="8.84084">
        <ele>793.8</ele>
      </trkpt>
      <trkpt lat="61.24568" lon="8.84031">
        <ele>796.0</ele>
      </trkpt>
      <trkpt lat="61.24607" lon="8.83979">
        <ele>797.9</ele>
      </trkpt>
      <trkpt lat="61.24625" lon="8.839499">
        <ele>798.4</ele>
      </trkpt>
      <trkpt lat="61.2467" lon="8.83851">
        <ele>801.1</ele>
      </trkpt>
      <trkpt lat="61.24677" lon="8.83838">
        <ele>801.5</ele>
      </trkpt>
      <trkpt lat="61.24701" lon="8.83797">
        <ele>802.9</ele>
      </trkpt>
      <trkpt lat="61.24714" lon="8.8378">
        <ele>804.6</ele>
      </trkpt>
      <trkpt lat="61.24755" lon="8.83738">
        <ele>811.2</ele>
      </trkpt>
      <trkpt lat="61.24799" lon="8.837">
        <ele>818.3</ele>
      </trkpt>
      <trkpt lat="61.24816" lon="8.83681">
        <ele>821.4</ele>
      </trkpt>
      <trkpt lat="61.24831" lon="8.83652">
        <ele>823.2</ele>
      </trkpt>
      <trkpt lat="61.24841" lon="8.83619">
        <ele>823.3</ele>
      </trkpt>
      <trkpt lat="61.24849" lon="8.835839">
        <ele>824.1</ele>
      </trkpt>
      <trkpt lat="61.24871" lon="8.83461">
        <ele>825.8</ele>
      </trkpt>
      <trkpt lat="61.24878" lon="8.83389">
        <ele>827.5</ele>
      </trkpt>
      <trkpt lat="61.2488" lon="8.83353">
        <ele>828.0</ele>
      </trkpt>
      <trkpt lat="61.24879" lon="8.83238">
        <ele>831.9</ele>
      </trkpt>
      <trkpt lat="61.24882" lon="8.83192">
        <ele>833.1</ele>
      </trkpt>
      <trkpt lat="61.24889" lon="8.83145">
        <ele>834.3</ele>
      </trkpt>
      <trkpt lat="61.24899" lon="8.83093">
        <ele>836.0</ele>
      </trkpt>
      <trkpt lat="61.2491" lon="8.83047">
        <ele>837.5</ele>
      </trkpt>
      <trkpt lat="61.24941" lon="8.82936">
        <ele>840.4</ele>
      </trkpt>
      <trkpt lat="61.24964" lon="8.82814">
        <ele>841.2</ele>
      </trkpt>
      <trkpt lat="61.24997" lon="8.82679">
        <ele>841.4</ele>
      </trkpt>
      <trkpt lat="61.2503" lon="8.82545">
        <ele>840.0</ele>
      </trkpt>
      <trkpt lat="61.25044" lon="8.82484">
        <ele>839.0</ele>
      </trkpt>
      <trkpt lat="61.25063" lon="8.82381">
        <ele>838.5</ele>
      </trkpt>
      <trkpt lat="61.25081" lon="8.82317">
        <ele>837.4</ele>
      </trkpt>
      <trkpt lat="61.25096" lon="8.82274">
        <ele>837.3</ele>
      </trkpt>
      <trkpt lat="61.25128" lon="8.82199">
        <ele>835.7</ele>
      </trkpt>
      <trkpt lat="61.25162" lon="8.82127">
        <ele>834.4</ele>
      </trkpt>
      <trkpt lat="61.25197" lon="8.82054">
        <ele>835.2</ele>
      </trkpt>
      <trkpt lat="61.25207" lon="8.82022">
        <ele>834.6</ele>
      </trkpt>
      <trkpt lat="61.25209" lon="8.82009">
        <ele>834.4</ele>
      </trkpt>
      <trkpt lat="61.25213" lon="8.81983">
        <ele>834.0</ele>
      </trkpt>
      <trkpt lat="61.25222" lon="8.8185">
        <ele>832.2</ele>
      </trkpt>
      <trkpt lat="61.25227" lon="8.81807">
        <ele>830.4</ele>
      </trkpt>
      <trkpt lat="61.25237" lon="8.81744">
        <ele>828.7</ele>
      </trkpt>
      <trkpt lat="61.25251" lon="8.81682">
        <ele>826.2</ele>
      </trkpt>
      <trkpt lat="61.25276" lon="8.81594">
        <ele>823.0</ele>
      </trkpt>
      <trkpt lat="61.25302" lon="8.81505">
        <ele>817.8</ele>
      </trkpt>
      <trkpt lat="61.25329" lon="8.81425">
        <ele>812.1</ele>
      </trkpt>
      <trkpt lat="61.25356" lon="8.813459">
        <ele>808.1</ele>
      </trkpt>
      <trkpt lat="61.25396" lon="8.81207">
        <ele>801.4</ele>
      </trkpt>
      <trkpt lat="61.25438" lon="8.81083">
        <ele>799.7</ele>
      </trkpt>
      <trkpt lat="61.25452" lon="8.81028">
        <ele>799.1</ele>
      </trkpt>
      <trkpt lat="61.25482" lon="8.80864">
        <ele>798.4</ele>
      </trkpt>
      <trkpt lat="61.25518" lon="8.80724">
        <ele>792.8</ele>
      </trkpt>
      <trkpt lat="61.25544" lon="8.80656">
        <ele>790.8</ele>
      </trkpt>
      <trkpt lat="61.25559" lon="8.8061">
        <ele>789.2</ele>
      </trkpt>
      <trkpt lat="61.25596" lon="8.80487">
        <ele>786.8</ele>
      </trkpt>
      <trkpt lat="61.25633" lon="8.80365">
        <ele>784.7</ele>
      </trkpt>
      <trkpt lat="61.25644" lon="8.80322">
        <ele>783.6</ele>
      </trkpt>
      <trkpt lat="61.25673" lon="8.80184">
        <ele>781.3</ele>
      </trkpt>
      <trkpt lat="61.25685" lon="8.80109">
        <ele>779.8</ele>
      </trkpt>
      <trkpt lat="61.25691" lon="8.80055">
        <ele>778.0</ele>
      </trkpt>
      <trkpt lat="61.257" lon="8.7996">
        <ele>774.0</ele>
      </trkpt>
      <trkpt lat="61.25718" lon="8.7983">
        <ele>770.1</ele>
      </trkpt>
      <trkpt lat="61.25737" lon="8.79701">
        <ele>764.7</ele>
      </trkpt>
      <trkpt lat="61.25755" lon="8.79571">
        <ele>759.3</ele>
      </trkpt>
      <trkpt lat="61.2577" lon="8.79443">
        <ele>754.8</ele>
      </trkpt>
      <trkpt lat="61.25782" lon="8.79304">
        <ele>751.7</ele>
      </trkpt>
      <trkpt lat="61.25792" lon="8.79147">
        <ele>747.9</ele>
      </trkpt>
      <trkpt lat="61.25808" lon="8.78985">
        <ele>745.7</ele>
      </trkpt>
      <trkpt lat="61.25812" lon="8.78922">
        <ele>744.3</ele>
      </trkpt>
      <trkpt lat="61.25816" lon="8.78782">
        <ele>742.8</ele>
      </trkpt>
      <trkpt lat="61.25824" lon="8.78599">
        <ele>742.4</ele>
      </trkpt>
      <trkpt lat="61.25833" lon="8.78416">
        <ele>744.4</ele>
      </trkpt>
      <trkpt lat="61.25834" lon="8.78358">
        <ele>746.1</ele>
      </trkpt>
      <trkpt lat="61.25832" lon="8.78219">
        <ele>744.8</ele>
      </trkpt>
      <trkpt lat="61.25834" lon="8.78158">
        <ele>743.8</ele>
      </trkpt>
      <trkpt lat="61.25842" lon="8.78028">
        <ele>741.4</ele>
      </trkpt>
      <trkpt lat="61.25851" lon="8.77899">
        <ele>741.2</ele>
      </trkpt>
      <trkpt lat="61.2586" lon="8.7777">
        <ele>747.1</ele>
      </trkpt>
      <trkpt lat="61.25865" lon="8.77656">
        <ele>753.3</ele>
      </trkpt>
      <trkpt lat="61.25865" lon="8.77607">
        <ele>757.0</ele>
      </trkpt>
      <trkpt lat="61.25862" lon="8.77568">
        <ele>760.3</ele>
      </trkpt>
      <trkpt lat="61.25855" lon="8.77526">
        <ele>761.8</ele>
      </trkpt>
      <trkpt lat="61.25826" lon="8.77393">
        <ele>766.4</ele>
      </trkpt>
      <trkpt lat="61.25797" lon="8.7726">
        <ele>773.6</ele>
      </trkpt>
      <trkpt lat="61.25763" lon="8.771089">
        <ele>782.5</ele>
      </trkpt>
      <trkpt lat="61.25728" lon="8.76958">
        <ele>789.0</ele>
      </trkpt>
      <trkpt lat="61.25713" lon="8.76913">
        <ele>786.9</ele>
      </trkpt>
      <trkpt lat="61.25688" lon="8.768649">
        <ele>781.9</ele>
      </trkpt>
      <trkpt lat="61.2567" lon="8.7682">
        <ele>777.7</ele>
      </trkpt>
      <trkpt lat="61.2566" lon="8.76813">
        <ele>775.6</ele>
      </trkpt>
      <trkpt lat="61.2565" lon="8.768179">
        <ele>773.6</ele>
      </trkpt>
      <trkpt lat="61.25629" lon="8.76836">
        <ele>770.7</ele>
      </trkpt>
      <trkpt lat="61.256" lon="8.76839">
        <ele>768.2</ele>
      </trkpt>
      <trkpt lat="61.25547" lon="8.76833">
        <ele>765.2</ele>
      </trkpt>
      <trkpt lat="61.25529" lon="8.76819">
        <ele>765.0</ele>
      </trkpt>
      <trkpt lat="61.25512" lon="8.76785">
        <ele>763.9</ele>
      </trkpt>
      <trkpt lat="61.25498" lon="8.76734">
        <ele>762.4</ele>
      </trkpt>
      <trkpt lat="61.25467" lon="8.7658">
        <ele>754.0</ele>
      </trkpt>
      <trkpt lat="61.2546" lon="8.76522">
        <ele>751.5</ele>
      </trkpt>
      <trkpt lat="61.25459" lon="8.76399">
        <ele>749.9</ele>
      </trkpt>
      <trkpt lat="61.25462" lon="8.762689">
        <ele>749.4</ele>
      </trkpt>
      <trkpt lat="61.25468" lon="8.76185">
        <ele>749.1</ele>
      </trkpt>
      <trkpt lat="61.25473" lon="8.76141">
        <ele>749.6</ele>
      </trkpt>
      <trkpt lat="61.25495" lon="8.7606">
        <ele>750.6</ele>
      </trkpt>
      <trkpt lat="61.25501" lon="8.76021">
        <ele>751.2</ele>
      </trkpt>
      <trkpt lat="61.25491" lon="8.75993">
        <ele>751.8</ele>
      </trkpt>
      <trkpt lat="61.25482" lon="8.75979">
        <ele>752.2</ele>
      </trkpt>
      <trkpt lat="61.25469" lon="8.75969">
        <ele>752.6</ele>
      </trkpt>
      <trkpt lat="61.25439" lon="8.75962">
        <ele>753.7</ele>
      </trkpt>
      <trkpt lat="61.25427" lon="8.75956">
        <ele>754.0</ele>
      </trkpt>
      <trkpt lat="61.25418" lon="8.75943">
        <ele>754.7</ele>
      </trkpt>
      <trkpt lat="61.2541" lon="8.75925">
        <ele>755.9</ele>
      </trkpt>
      <trkpt lat="61.25398" lon="8.75871">
        <ele>760.1</ele>
      </trkpt>
      <trkpt lat="61.25375" lon="8.75746">
        <ele>768.9</ele>
      </trkpt>
      <trkpt lat="61.25363" lon="8.75693">
        <ele>772.8</ele>
      </trkpt>
      <trkpt lat="61.25341" lon="8.75614">
        <ele>777.2</ele>
      </trkpt>
      <trkpt lat="61.2533" lon="8.75578">
        <ele>779.0</ele>
      </trkpt>
      <trkpt lat="61.25292" lon="8.75483">
        <ele>781.4</ele>
      </trkpt>
      <trkpt lat="61.25263" lon="8.75439">
        <ele>779.9</ele>
      </trkpt>
      <trkpt lat="61.25253" lon="8.75411">
        <ele>780.7</ele>
      </trkpt>
      <trkpt lat="61.25243" lon="8.75371">
        <ele>783.3</ele>
      </trkpt>
      <trkpt lat="61.25237" lon="8.75331">
        <ele>785.9</ele>
      </trkpt>
      <trkpt lat="61.25235" lon="8.75281">
        <ele>790.0</ele>
      </trkpt>
      <trkpt lat="61.25232" lon="8.75249">
        <ele>792.9</ele>
      </trkpt>
      <trkpt lat="61.25217" lon="8.7517">
        <ele>799.1</ele>
      </trkpt>
      <trkpt lat="61.25204" lon="8.7506">
        <ele>807.9</ele>
      </trkpt>
      <trkpt lat="61.25196" lon="8.74961">
        <ele>816.6</ele>
      </trkpt>
      <trkpt lat="61.2519" lon="8.74926">
        <ele>818.9</ele>
      </trkpt>
      <trkpt lat="61.25183" lon="8.74905">
        <ele>819.4</ele>
      </trkpt>
      <trkpt lat="61.25174" lon="8.74887">
        <ele>819.3</ele>
      </trkpt>
      <trkpt lat="61.25163" lon="8.74873">
        <ele>818.4</ele>
      </trkpt>
      <trkpt lat="61.25118" lon="8.748379">
        <ele>816.2</ele>
      </trkpt>
      <trkpt lat="61.2509" lon="8.74804">
        <ele>817.1</ele>
      </trkpt>
      <trkpt lat="61.25063" lon="8.747769">
        <ele>818.1</ele>
      </trkpt>
      <trkpt lat="61.25011" lon="8.74747">
        <ele>820.9</ele>
      </trkpt>
      <trkpt lat="61.24958" lon="8.74711">
        <ele>826.7</ele>
      </trkpt>
      <trkpt lat="61.24942" lon="8.74681">
        <ele>829.5</ele>
      </trkpt>
      <trkpt lat="61.24928" lon="8.74632">
        <ele>835.3</ele>
      </trkpt>
      <trkpt lat="61.24918" lon="8.74616">
        <ele>837.7</ele>
      </trkpt>
      <trkpt lat="61.24898" lon="8.74605">
        <ele>839.9</ele>
      </trkpt>
      <trkpt lat="61.24888" lon="8.745939">
        <ele>841.5</ele>
      </trkpt>
      <trkpt lat="61.24862" lon="8.74542">
        <ele>847.5</ele>
      </trkpt>
      <trkpt lat="61.24834" lon="8.7448">
        <ele>853.7</ele>
      </trkpt>
      <trkpt lat="61.24817" lon="8.74435">
        <ele>856.1</ele>
      </trkpt>
      <trkpt lat="61.24809" lon="8.74394">
        <ele>857.8</ele>
      </trkpt>
      <trkpt lat="61.24804" lon="8.74359">
        <ele>859.4</ele>
      </trkpt>
      <trkpt lat="61.24799" lon="8.74274">
        <ele>863.1</ele>
      </trkpt>
      <trkpt lat="61.24805" lon="8.74226">
        <ele>867.6</ele>
      </trkpt>
      <trkpt lat="61.24813" lon="8.74147">
        <ele>875.2</ele>
      </trkpt>
      <trkpt lat="61.24813" lon="8.74049">
        <ele>883.8</ele>
      </trkpt>
      <trkpt lat="61.24798" lon="8.73922">
        <ele>888.9</ele>
      </trkpt>
      <trkpt lat="61.2479" lon="8.73884">
        <ele>889.4</ele>
      </trkpt>
      <trkpt lat="61.24784" lon="8.73857">
        <ele>889.7</ele>
      </trkpt>
      <trkpt lat="61.24754" lon="8.73791">
        <ele>886.5</ele>
      </trkpt>
      <trkpt lat="61.24745" lon="8.73743">
        <ele>884.6</ele>
      </trkpt>
      <trkpt lat="61.24745" lon="8.737259">
        <ele>884.7</ele>
      </trkpt>
      <trkpt lat="61.24752" lon="8.73676">
        <ele>887.0</ele>
      </trkpt>
      <trkpt lat="61.24761" lon="8.73633">
        <ele>889.0</ele>
      </trkpt>
      <trkpt lat="61.24767" lon="8.73615">
        <ele>890.7</ele>
      </trkpt>
      <trkpt lat="61.24778" lon="8.73594">
        <ele>894.0</ele>
      </trkpt>
      <trkpt lat="61.24808" lon="8.73556">
        <ele>905.5</ele>
      </trkpt>
      <trkpt lat="61.24812" lon="8.73546">
        <ele>907.1</ele>
      </trkpt>
      <trkpt lat="61.24825" lon="8.73448">
        <ele>909.6</ele>
      </trkpt>
      <trkpt lat="61.24827" lon="8.73383">
        <ele>909.5</ele>
      </trkpt>
      <trkpt lat="61.24843" lon="8.73273">
        <ele>914.7</ele>
      </trkpt>
      <trkpt lat="61.24848" lon="8.7325">
        <ele>916.8</ele>
      </trkpt>
      <trkpt lat="61.24854" lon="8.73234">
        <ele>919.3</ele>
      </trkpt>
      <trkpt lat="61.24857" lon="8.73212">
        <ele>921.0</ele>
      </trkpt>
      <trkpt lat="61.24856" lon="8.73199">
        <ele>921.2</ele>
      </trkpt>
      <trkpt lat="61.24854" lon="8.73189">
        <ele>920.9</ele>
      </trkpt>
      <trkpt lat="61.24834" lon="8.73159">
        <ele>915.5</ele>
      </trkpt>
      <trkpt lat="61.24821" lon="8.73133">
        <ele>911.5</ele>
      </trkpt>
      <trkpt lat="61.24816" lon="8.73082">
        <ele>909.6</ele>
      </trkpt>
      <trkpt lat="61.24815" lon="8.73044">
        <ele>909.1</ele>
      </trkpt>
      <trkpt lat="61.24824" lon="8.72987">
        <ele>910.7</ele>
      </trkpt>
      <trkpt lat="61.24857" lon="8.72861">
        <ele>916.4</ele>
      </trkpt>
      <trkpt lat="61.24892" lon="8.72751">
        <ele>922.7</ele>
      </trkpt>
      <trkpt lat="61.24906" lon="8.72714">
        <ele>925.6</ele>
      </trkpt>
      <trkpt lat="61.24924" lon="8.72681">
        <ele>929.1</ele>
      </trkpt>
      <trkpt lat="61.24953" lon="8.72643">
        <ele>933.2</ele>
      </trkpt>
      <trkpt lat="61.24961" lon="8.72621">
        <ele>934.5</ele>
      </trkpt>
      <trkpt lat="61.24964" lon="8.72607">
        <ele>935.3</ele>
      </trkpt>
      <trkpt lat="61.24963" lon="8.72569">
        <ele>936.4</ele>
      </trkpt>
      <trkpt lat="61.24948" lon="8.72482">
        <ele>940.6</ele>
      </trkpt>
      <trkpt lat="61.2493" lon="8.72393">
        <ele>945.0</ele>
      </trkpt>
      <trkpt lat="61.24927" lon="8.72368">
        <ele>946.4</ele>
      </trkpt>
      <trkpt lat="61.24927" lon="8.72353">
        <ele>946.4</ele>
      </trkpt>
      <trkpt lat="61.24929" lon="8.72329">
        <ele>946.7</ele>
      </trkpt>
      <trkpt lat="61.24943" lon="8.72239">
        <ele>947.3</ele>
      </trkpt>
      <trkpt lat="61.24957" lon="8.72149">
        <ele>944.5</ele>
      </trkpt>
      <trkpt lat="61.2497" lon="8.72057">
        <ele>942.4</ele>
      </trkpt>
      <trkpt lat="61.2499" lon="8.71931">
        <ele>944.8</ele>
      </trkpt>
      <trkpt lat="61.24994" lon="8.71902">
        <ele>945.3</ele>
      </trkpt>
      <trkpt lat="61.24997" lon="8.71891">
        <ele>945.6</ele>
      </trkpt>
      <trkpt lat="61.25018" lon="8.71851">
        <ele>946.7</ele>
      </trkpt>
      <trkpt lat="61.2504" lon="8.71831">
        <ele>947.2</ele>
      </trkpt>
      <trkpt lat="61.25053" lon="8.71813">
        <ele>947.6</ele>
      </trkpt>
      <trkpt lat="61.25059" lon="8.71799">
        <ele>947.8</ele>
      </trkpt>
      <trkpt lat="61.25067" lon="8.71771">
        <ele>948.7</ele>
      </trkpt>
      <trkpt lat="61.25072" lon="8.71743">
        <ele>949.6</ele>
      </trkpt>
      <trkpt lat="61.25072" lon="8.71725">
        <ele>950.6</ele>
      </trkpt>
      <trkpt lat="61.2507" lon="8.717129">
        <ele>951.6</ele>
      </trkpt>
      <trkpt lat="61.25066" lon="8.716989">
        <ele>952.6</ele>
      </trkpt>
      <trkpt lat="61.25049" lon="8.71668">
        <ele>955.3</ele>
      </trkpt>
      <trkpt lat="61.25028" lon="8.71634">
        <ele>958.6</ele>
      </trkpt>
      <trkpt lat="61.25022" lon="8.7162">
        <ele>960.0</ele>
      </trkpt>
      <trkpt lat="61.25016" lon="8.71595">
        <ele>961.8</ele>
      </trkpt>
      <trkpt lat="61.25008" lon="8.71542">
        <ele>964.6</ele>
      </trkpt>
      <trkpt lat="61.25002" lon="8.7152">
        <ele>965.6</ele>
      </trkpt>
      <trkpt lat="61.24997" lon="8.7151">
        <ele>966.5</ele>
      </trkpt>
      <trkpt lat="61.24979" lon="8.71482">
        <ele>968.9</ele>
      </trkpt>
      <trkpt lat="61.24962" lon="8.71434">
        <ele>971.6</ele>
      </trkpt>
      <trkpt lat="61.24947" lon="8.71404">
        <ele>973.2</ele>
      </trkpt>
      <trkpt lat="61.2494" lon="8.71384">
        <ele>974.7</ele>
      </trkpt>
      <trkpt lat="61.24934" lon="8.71343">
        <ele>976.7</ele>
      </trkpt>
      <trkpt lat="61.24934" lon="8.71325">
        <ele>977.3</ele>
      </trkpt>
      <trkpt lat="61.2494" lon="8.71279">
        <ele>978.4</ele>
      </trkpt>
      <trkpt lat="61.24941" lon="8.712669">
        <ele>978.9</ele>
      </trkpt>
      <trkpt lat="61.24938" lon="8.71249">
        <ele>980.7</ele>
      </trkpt>
      <trkpt lat="61.24919" lon="8.71265">
        <ele>983.0</ele>
      </trkpt>
      <trkpt lat="61.24882" lon="8.71284">
        <ele>988.5</ele>
      </trkpt>
      <trkpt lat="61.24835" lon="8.713329">
        <ele>992.3</ele>
      </trkpt>
      <trkpt lat="61.24808" lon="8.71377">
        <ele>991.0</ele>
      </trkpt>
      <trkpt lat="61.24775" lon="8.7143">
        <ele>990.2</ele>
      </trkpt>
      <trkpt lat="61.24743" lon="8.71477">
        <ele>990.7</ele>
      </trkpt>
      <trkpt lat="61.24704" lon="8.71565">
        <ele>990.4</ele>
      </trkpt>
      <trkpt lat="61.24681" lon="8.71621">
        <ele>987.5</ele>
      </trkpt>
      <trkpt lat="61.24643" lon="8.71697">
        <ele>985.1</ele>
      </trkpt>
      <trkpt lat="61.24634" lon="8.71724">
        <ele>983.7</ele>
      </trkpt>
      <trkpt lat="61.24618" lon="8.71779">
        <ele>981.1</ele>
      </trkpt>
      <trkpt lat="61.24603" lon="8.71822">
        <ele>980.6</ele>
      </trkpt>
      <trkpt lat="61.24581" lon="8.718959">
        <ele>980.6</ele>
      </trkpt>
      <trkpt lat="61.24569" lon="8.71929">
        <ele>980.3</ele>
      </trkpt>
      <trkpt lat="61.24553" lon="8.71963">
        <ele>981.8</ele>
      </trkpt>
      <trkpt lat="61.24536" lon="8.71991">
        <ele>984.1</ele>
      </trkpt>
      <trkpt lat="61.24498" lon="8.72045">
        <ele>989.8</ele>
      </trkpt>
      <trkpt lat="61.24466" lon="8.72096">
        <ele>994.9</ele>
      </trkpt>
      <trkpt lat="61.24419" lon="8.72191">
        <ele>997.1</ele>
      </trkpt>
      <trkpt lat="61.2438" lon="8.72281">
        <ele>994.2</ele>
      </trkpt>
      <trkpt lat="61.24319" lon="8.72366">
        <ele>996.0</ele>
      </trkpt>
      <trkpt lat="61.24259" lon="8.72451">
        <ele>997.3</ele>
      </trkpt>
      <trkpt lat="61.24193" lon="8.72566">
        <ele>997.8</ele>
      </trkpt>
      <trkpt lat="61.24172" lon="8.72597">
        <ele>998.9</ele>
      </trkpt>
      <trkpt lat="61.24159" lon="8.726089">
        <ele>999.9</ele>
      </trkpt>
      <trkpt lat="61.24099" lon="8.7265">
        <ele>1001.9</ele>
      </trkpt>
      <trkpt lat="61.24045" lon="8.72697">
        <ele>1005.8</ele>
      </trkpt>
      <trkpt lat="61.23992" lon="8.727359">
        <ele>1010.6</ele>
      </trkpt>
      <trkpt lat="61.2394" lon="8.72775">
        <ele>1012.4</ele>
      </trkpt>
      <trkpt lat="61.2393" lon="8.72782">
        <ele>1012.8</ele>
      </trkpt>
      <trkpt lat="61.2385" lon="8.72848">
        <ele>1014.0</ele>
      </trkpt>
      <trkpt lat="61.23844" lon="8.72852">
        <ele>1014.1</ele>
      </trkpt>
      <trkpt lat="61.2384" lon="8.72856">
        <ele>1014.2</ele>
      </trkpt>
      <trkpt lat="61.23789" lon="8.72896">
        <ele>1015.0</ele>
      </trkpt>
      <trkpt lat="61.23739" lon="8.72936">
        <ele>1015.1</ele>
      </trkpt>
      <trkpt lat="61.23685" lon="8.73005">
        <ele>1016.3</ele>
      </trkpt>
      <trkpt lat="61.2363" lon="8.73059">
        <ele>1021.9</ele>
      </trkpt>
      <trkpt lat="61.23611" lon="8.73075">
        <ele>1023.8</ele>
      </trkpt>
      <trkpt lat="61.23583" lon="8.73084">
        <ele>1025.6</ele>
      </trkpt>
      <trkpt lat="61.23528" lon="8.73088">
        <ele>1025.8</ele>
      </trkpt>
      <trkpt lat="61.2349" lon="8.73094">
        <ele>1026.8</ele>
      </trkpt>
      <trkpt lat="61.2347" lon="8.73101">
        <ele>1027.7</ele>
      </trkpt>
      <trkpt lat="61.23454" lon="8.73111">
        <ele>1028.5</ele>
      </trkpt>
      <trkpt lat="61.23441" lon="8.73125">
        <ele>1029.0</ele>
      </trkpt>
      <trkpt lat="61.23434" lon="8.7314">
        <ele>1029.5</ele>
      </trkpt>
      <trkpt lat="61.23429" lon="8.7316">
        <ele>1030.3</ele>
      </trkpt>
      <trkpt lat="61.23419" lon="8.73236">
        <ele>1032.6</ele>
      </trkpt>
      <trkpt lat="61.23411" lon="8.73262">
        <ele>1033.0</ele>
      </trkpt>
      <trkpt lat="61.23399" lon="8.73286">
        <ele>1032.7</ele>
      </trkpt>
      <trkpt lat="61.23388" lon="8.73302">
        <ele>1032.3</ele>
      </trkpt>
      <trkpt lat="61.23377" lon="8.733129">
        <ele>1031.9</ele>
      </trkpt>
      <trkpt lat="61.23305" lon="8.73364">
        <ele>1029.9</ele>
      </trkpt>
      <trkpt lat="61.23232" lon="8.73415">
        <ele>1033.5</ele>
      </trkpt>
      <trkpt lat="61.23212" lon="8.73434">
        <ele>1034.1</ele>
      </trkpt>
      <trkpt lat="61.23169" lon="8.73481">
        <ele>1035.0</ele>
      </trkpt>
      <trkpt lat="61.23143" lon="8.73499">
        <ele>1035.0</ele>
      </trkpt>
      <trkpt lat="61.23129" lon="8.73504">
        <ele>1035.0</ele>
      </trkpt>
      <trkpt lat="61.23086" lon="8.73507">
        <ele>1035.7</ele>
      </trkpt>
      <trkpt lat="61.2307" lon="8.73512">
        <ele>1036.0</ele>
      </trkpt>
      <trkpt lat="61.23014" lon="8.73556">
        <ele>1040.5</ele>
      </trkpt>
      <trkpt lat="61.22969" lon="8.73584">
        <ele>1048.2</ele>
      </trkpt>
      <trkpt lat="61.22953" lon="8.73586">
        <ele>1051.6</ele>
      </trkpt>
      <trkpt lat="61.22911" lon="8.7358">
        <ele>1059.9</ele>
      </trkpt>
      <trkpt lat="61.22886" lon="8.73587">
        <ele>1062.2</ele>
      </trkpt>
      <trkpt lat="61.22873" lon="8.73599">
        <ele>1061.9</ele>
      </trkpt>
      <trkpt lat="61.22855" lon="8.73622">
        <ele>1060.9</ele>
      </trkpt>
      <trkpt lat="61.22825" lon="8.73673">
        <ele>1058.9</ele>
      </trkpt>
      <trkpt lat="61.22798" lon="8.73712">
        <ele>1060.3</ele>
      </trkpt>
      <trkpt lat="61.22789" lon="8.7372">
        <ele>1061.4</ele>
      </trkpt>
      <trkpt lat="61.22779" lon="8.73724">
        <ele>1062.8</ele>
      </trkpt>
      <trkpt lat="61.22769" lon="8.73724">
        <ele>1064.3</ele>
      </trkpt>
      <trkpt lat="61.22762" lon="8.7372">
        <ele>1065.2</ele>
      </trkpt>
      <trkpt lat="61.2275" lon="8.73706">
        <ele>1066.5</ele>
      </trkpt>
      <trkpt lat="61.22718" lon="8.7365">
        <ele>1071.0</ele>
      </trkpt>
      <trkpt lat="61.22691" lon="8.73611">
        <ele>1073.8</ele>
      </trkpt>
      <trkpt lat="61.22682" lon="8.736039">
        <ele>1074.7</ele>
      </trkpt>
      <trkpt lat="61.22673" lon="8.73602">
        <ele>1075.1</ele>
      </trkpt>
      <trkpt lat="61.2266" lon="8.73605">
        <ele>1075.7</ele>
      </trkpt>
      <trkpt lat="61.22633" lon="8.73629">
        <ele>1077.3</ele>
      </trkpt>
      <trkpt lat="61.22616" lon="8.73652">
        <ele>1078.0</ele>
      </trkpt>
      <trkpt lat="61.22581" lon="8.73734">
        <ele>1080.8</ele>
      </trkpt>
      <trkpt lat="61.22574" lon="8.73748">
        <ele>1081.1</ele>
      </trkpt>
      <trkpt lat="61.22542" lon="8.73784">
        <ele>1084.2</ele>
      </trkpt>
      <trkpt lat="61.22505" lon="8.73837">
        <ele>1087.3</ele>
      </trkpt>
      <trkpt lat="61.22493" lon="8.73855">
        <ele>1087.9</ele>
      </trkpt>
      <trkpt lat="61.22443" lon="8.73908">
        <ele>1093.0</ele>
      </trkpt>
      <trkpt lat="61.22401" lon="8.73949">
        <ele>1098.0</ele>
      </trkpt>
      <trkpt lat="61.2236" lon="8.7399">
        <ele>1103.5</ele>
      </trkpt>
      <trkpt lat="61.22312" lon="8.74042">
        <ele>1111.6</ele>
      </trkpt>
      <trkpt lat="61.22265" lon="8.74094">
        <ele>1120.0</ele>
      </trkpt>
      <trkpt lat="61.22223" lon="8.74136">
        <ele>1127.0</ele>
      </trkpt>
      <trkpt lat="61.22181" lon="8.74177">
        <ele>1133.2</ele>
      </trkpt>
      <trkpt lat="61.22133" lon="8.74218">
        <ele>1139.9</ele>
      </trkpt>
      <trkpt lat="61.22105" lon="8.74238">
        <ele>1142.7</ele>
      </trkpt>
      <trkpt lat="61.22079" lon="8.74249">
        <ele>1145.0</ele>
      </trkpt>
      <trkpt lat="61.22029" lon="8.74258">
        <ele>1148.2</ele>
      </trkpt>
      <trkpt lat="61.22004" lon="8.74271">
        <ele>1150.6</ele>
      </trkpt>
      <trkpt lat="61.21947" lon="8.74313">
        <ele>1161.6</ele>
      </trkpt>
      <trkpt lat="61.21886" lon="8.74354">
        <ele>1170.7</ele>
      </trkpt>
      <trkpt lat="61.21825" lon="8.74396">
        <ele>1175.7</ele>
      </trkpt>
      <trkpt lat="61.21764" lon="8.74446">
        <ele>1178.9</ele>
      </trkpt>
      <trkpt lat="61.21703" lon="8.74495">
        <ele>1181.4</ele>
      </trkpt>
      <trkpt lat="61.21675" lon="8.74523">
        <ele>1181.1</ele>
      </trkpt>
      <trkpt lat="61.21616" lon="8.74598">
        <ele>1183.6</ele>
      </trkpt>
      <trkpt lat="61.21572" lon="8.74667">
        <ele>1187.7</ele>
      </trkpt>
      <trkpt lat="61.21527" lon="8.74737">
        <ele>1192.1</ele>
      </trkpt>
      <trkpt lat="61.21508" lon="8.74762">
        <ele>1193.5</ele>
      </trkpt>
      <trkpt lat="61.21493" lon="8.74775">
        <ele>1194.2</ele>
      </trkpt>
      <trkpt lat="61.21474" lon="8.74785">
        <ele>1193.4</ele>
      </trkpt>
      <trkpt lat="61.21391" lon="8.74811">
        <ele>1196.3</ele>
      </trkpt>
      <trkpt lat="61.21327" lon="8.74834">
        <ele>1204.4</ele>
      </trkpt>
      <trkpt lat="61.21264" lon="8.74858">
        <ele>1207.6</ele>
      </trkpt>
      <trkpt lat="61.212" lon="8.748849">
        <ele>1214.2</ele>
      </trkpt>
      <trkpt lat="61.2118" lon="8.748989">
        <ele>1215.2</ele>
      </trkpt>
      <trkpt lat="61.2117" lon="8.74911">
        <ele>1215.8</ele>
      </trkpt>
      <trkpt lat="61.2114" lon="8.74951">
        <ele>1217.9</ele>
      </trkpt>
      <trkpt lat="61.21098" lon="8.75014">
        <ele>1220.9</ele>
      </trkpt>
      <trkpt lat="61.21056" lon="8.75077">
        <ele>1226.9</ele>
      </trkpt>
      <trkpt lat="61.21016" lon="8.751289">
        <ele>1232.7</ele>
      </trkpt>
      <trkpt lat="61.20981" lon="8.75189">
        <ele>1236.4</ele>
      </trkpt>
      <trkpt lat="61.20913" lon="8.75299">
        <ele>1242.2</ele>
      </trkpt>
      <trkpt lat="61.20894" lon="8.75324">
        <ele>1244.6</ele>
      </trkpt>
      <trkpt lat="61.20861" lon="8.75359">
        <ele>1247.7</ele>
      </trkpt>
      <trkpt lat="61.20842" lon="8.75377">
        <ele>1249.4</ele>
      </trkpt>
      <trkpt lat="61.20826" lon="8.75388">
        <ele>1250.2</ele>
      </trkpt>
      <trkpt lat="61.20784" lon="8.75405">
        <ele>1252.4</ele>
      </trkpt>
      <trkpt lat="61.20751" lon="8.754009">
        <ele>1258.8</ele>
      </trkpt>
      <trkpt lat="61.2071" lon="8.75389">
        <ele>1259.6</ele>
      </trkpt>
      <trkpt lat="61.20682" lon="8.75379">
        <ele>1259.0</ele>
      </trkpt>
      <trkpt lat="61.20642" lon="8.75353">
        <ele>1268.6</ele>
      </trkpt>
      <trkpt lat="61.20621" lon="8.75339">
        <ele>1272.8</ele>
      </trkpt>
      <trkpt lat="61.20557" lon="8.75285">
        <ele>1279.8</ele>
      </trkpt>
      <trkpt lat="61.20522" lon="8.75252">
        <ele>1283.7</ele>
      </trkpt>
      <trkpt lat="61.205" lon="8.75229">
        <ele>1287.4</ele>
      </trkpt>
      <trkpt lat="61.20459" lon="8.75173">
        <ele>1294.6</ele>
      </trkpt>
      <trkpt lat="61.20417" lon="8.75117">
        <ele>1295.7</ele>
      </trkpt>
      <trkpt lat="61.20356" lon="8.750209">
        <ele>1286.2</ele>
      </trkpt>
      <trkpt lat="61.20318" lon="8.74971">
        <ele>1280.9</ele>
      </trkpt>
      <trkpt lat="61.20301" lon="8.74962">
        <ele>1279.7</ele>
      </trkpt>
      <trkpt lat="61.20279" lon="8.74962">
        <ele>1277.6</ele>
      </trkpt>
      <trkpt lat="61.20222" lon="8.74973">
        <ele>1273.2</ele>
      </trkpt>
      <trkpt lat="61.20165" lon="8.74984">
        <ele>1269.5</ele>
      </trkpt>
      <trkpt lat="61.20131" lon="8.75">
        <ele>1268.2</ele>
      </trkpt>
      <trkpt lat="61.20093" lon="8.75042">
        <ele>1266.9</ele>
      </trkpt>
      <trkpt lat="61.2008" lon="8.75062">
        <ele>1267.1</ele>
      </trkpt>
      <trkpt lat="61.20024" lon="8.75135">
        <ele>1264.5</ele>
      </trkpt>
      <trkpt lat="61.19968" lon="8.75207">
        <ele>1261.6</ele>
      </trkpt>
      <trkpt lat="61.19912" lon="8.7528">
        <ele>1260.9</ele>
      </trkpt>
      <trkpt lat="61.19896" lon="8.75291">
        <ele>1260.7</ele>
      </trkpt>
      <trkpt lat="61.19883" lon="8.75287">
        <ele>1260.1</ele>
      </trkpt>
      <trkpt lat="61.1987" lon="8.75274">
        <ele>1259.0</ele>
      </trkpt>
      <trkpt lat="61.19857" lon="8.752509">
        <ele>1257.5</ele>
      </trkpt>
      <trkpt lat="61.1984" lon="8.75214">
        <ele>1255.4</ele>
      </trkpt>
      <trkpt lat="61.19792" lon="8.75067">
        <ele>1243.0</ele>
      </trkpt>
      <trkpt lat="61.19777" lon="8.75015">
        <ele>1239.9</ele>
      </trkpt>
      <trkpt lat="61.19765" lon="8.74957">
        <ele>1237.2</ele>
      </trkpt>
      <trkpt lat="61.19754" lon="8.74879">
        <ele>1234.6</ele>
      </trkpt>
      <trkpt lat="61.1975" lon="8.74832">
        <ele>1233.2</ele>
      </trkpt>
      <trkpt lat="61.19745" lon="8.74731">
        <ele>1231.6</ele>
      </trkpt>
      <trkpt lat="61.19742" lon="8.74699">
        <ele>1230.9</ele>
      </trkpt>
      <trkpt lat="61.19735" lon="8.746689">
        <ele>1229.3</ele>
      </trkpt>
      <trkpt lat="61.19718" lon="8.7461">
        <ele>1221.6</ele>
      </trkpt>
      <trkpt lat="61.19699" lon="8.74516">
        <ele>1212.4</ele>
      </trkpt>
      <trkpt lat="61.19681" lon="8.74422">
        <ele>1206.4</ele>
      </trkpt>
      <trkpt lat="61.19673" lon="8.74383">
        <ele>1206.5</ele>
      </trkpt>
      <trkpt lat="61.19663" lon="8.74351">
        <ele>1202.6</ele>
      </trkpt>
      <trkpt lat="61.1966" lon="8.743309">
        <ele>1199.8</ele>
      </trkpt>
      <trkpt lat="61.19647" lon="8.74208">
        <ele>1186.6</ele>
      </trkpt>
      <trkpt lat="61.19634" lon="8.74086">
        <ele>1183.4</ele>
      </trkpt>
      <trkpt lat="61.19626" lon="8.73988">
        <ele>1174.4</ele>
      </trkpt>
      <trkpt lat="61.19623" lon="8.73921">
        <ele>1167.6</ele>
      </trkpt>
      <trkpt lat="61.19622" lon="8.7378">
        <ele>1156.4</ele>
      </trkpt>
      <trkpt lat="61.19615" lon="8.73695">
        <ele>1152.0</ele>
      </trkpt>
      <trkpt lat="61.19604" lon="8.736179">
        <ele>1145.7</ele>
      </trkpt>
      <trkpt lat="61.19601" lon="8.73544">
        <ele>1143.0</ele>
      </trkpt>
      <trkpt lat="61.19597" lon="8.73478">
        <ele>1141.7</ele>
      </trkpt>
      <trkpt lat="61.19596" lon="8.73427">
        <ele>1139.6</ele>
      </trkpt>
      <trkpt lat="61.19593" lon="8.73383">
        <ele>1137.7</ele>
      </trkpt>
      <trkpt lat="61.1958" lon="8.73286">
        <ele>1132.0</ele>
      </trkpt>
      <trkpt lat="61.19568" lon="8.73189">
        <ele>1127.2</ele>
      </trkpt>
      <trkpt lat="61.19549" lon="8.73031">
        <ele>1111.6</ele>
      </trkpt>
      <trkpt lat="61.19535" lon="8.72861">
        <ele>1103.4</ele>
      </trkpt>
      <trkpt lat="61.19527" lon="8.72784">
        <ele>1102.2</ele>
      </trkpt>
      <trkpt lat="61.19508" lon="8.72631">
        <ele>1094.7</ele>
      </trkpt>
      <trkpt lat="61.19489" lon="8.72478">
        <ele>1085.8</ele>
      </trkpt>
      <trkpt lat="61.1947" lon="8.72325">
        <ele>1078.8</ele>
      </trkpt>
      <trkpt lat="61.19454" lon="8.72159">
        <ele>1063.5</ele>
      </trkpt>
      <trkpt lat="61.19439" lon="8.71992">
        <ele>1049.5</ele>
      </trkpt>
      <trkpt lat="61.19423" lon="8.71826">
        <ele>1040.1</ele>
      </trkpt>
      <trkpt lat="61.19403" lon="8.71671">
        <ele>1036.1</ele>
      </trkpt>
      <trkpt lat="61.19383" lon="8.71517">
        <ele>1021.2</ele>
      </trkpt>
      <trkpt lat="61.19366" lon="8.71387">
        <ele>1011.9</ele>
      </trkpt>
      <trkpt lat="61.19346" lon="8.71246">
        <ele>1004.6</ele>
      </trkpt>
      <trkpt lat="61.19326" lon="8.71106">
        <ele>994.3</ele>
      </trkpt>
      <trkpt lat="61.19323" lon="8.71069">
        <ele>990.9</ele>
      </trkpt>
      <trkpt lat="61.19318" lon="8.70955">
        <ele>988.6</ele>
      </trkpt>
      <trkpt lat="61.19314" lon="8.70891">
        <ele>986.5</ele>
      </trkpt>
      <trkpt lat="61.19302" lon="8.70815">
        <ele>981.9</ele>
      </trkpt>
      <trkpt lat="61.19288" lon="8.70715">
        <ele>971.6</ele>
      </trkpt>
      <trkpt lat="61.19275" lon="8.706149">
        <ele>960.7</ele>
      </trkpt>
      <trkpt lat="61.19256" lon="8.70466">
        <ele>952.9</ele>
      </trkpt>
      <trkpt lat="61.19242" lon="8.70367">
        <ele>948.6</ele>
      </trkpt>
      <trkpt lat="61.19228" lon="8.70185">
        <ele>939.1</ele>
      </trkpt>
      <trkpt lat="61.1922" lon="8.70112">
        <ele>936.8</ele>
      </trkpt>
      <trkpt lat="61.19209" lon="8.70056">
        <ele>934.1</ele>
      </trkpt>
      <trkpt lat="61.19198" lon="8.70027">
        <ele>931.4</ele>
      </trkpt>
      <trkpt lat="61.19187" lon="8.7001">
        <ele>929.2</ele>
      </trkpt>
      <trkpt lat="61.19122" lon="8.69936">
        <ele>917.4</ele>
      </trkpt>
      <trkpt lat="61.19094" lon="8.69894">
        <ele>912.9</ele>
      </trkpt>
      <trkpt lat="61.19074" lon="8.69859">
        <ele>911.3</ele>
      </trkpt>
      <trkpt lat="61.1903" lon="8.69774">
        <ele>905.4</ele>
      </trkpt>
      <trkpt lat="61.18986" lon="8.69689">
        <ele>899.3</ele>
      </trkpt>
      <trkpt lat="61.18942" lon="8.69604">
        <ele>894.6</ele>
      </trkpt>
      <trkpt lat="61.18919" lon="8.69558">
        <ele>892.5</ele>
      </trkpt>
      <trkpt lat="61.18897" lon="8.69496">
        <ele>884.5</ele>
      </trkpt>
      <trkpt lat="61.18886" lon="8.69475">
        <ele>880.6</ele>
      </trkpt>
      <trkpt lat="61.18866" lon="8.694559">
        <ele>875.6</ele>
      </trkpt>
      <trkpt lat="61.18849" lon="8.69447">
        <ele>872.5</ele>
      </trkpt>
      <trkpt lat="61.18829" lon="8.69441">
        <ele>869.5</ele>
      </trkpt>
      <trkpt lat="61.18775" lon="8.69463">
        <ele>864.3</ele>
      </trkpt>
      <trkpt lat="61.18765" lon="8.6946">
        <ele>863.1</ele>
      </trkpt>
      <trkpt lat="61.18759" lon="8.69451">
        <ele>862.2</ele>
      </trkpt>
      <trkpt lat="61.18728" lon="8.69383">
        <ele>857.3</ele>
      </trkpt>
      <trkpt lat="61.18713" lon="8.69342">
        <ele>855.5</ele>
      </trkpt>
      <trkpt lat="61.18702" lon="8.69293">
        <ele>854.1</ele>
      </trkpt>
      <trkpt lat="61.18695" lon="8.69237">
        <ele>853.1</ele>
      </trkpt>
      <trkpt lat="61.1869" lon="8.69211">
        <ele>852.4</ele>
      </trkpt>
      <trkpt lat="61.18668" lon="8.69164">
        <ele>849.2</ele>
      </trkpt>
      <trkpt lat="61.18643" lon="8.69095">
        <ele>846.2</ele>
      </trkpt>
      <trkpt lat="61.1864" lon="8.69091">
        <ele>845.7</ele>
      </trkpt>
      <trkpt lat="61.18619" lon="8.69078">
        <ele>841.7</ele>
      </trkpt>
      <trkpt lat="61.18595" lon="8.69069">
        <ele>836.6</ele>
      </trkpt>
      <trkpt lat="61.18557" lon="8.69065">
        <ele>829.6</ele>
      </trkpt>
      <trkpt lat="61.18546" lon="8.69069">
        <ele>827.0</ele>
      </trkpt>
      <trkpt lat="61.18532" lon="8.69081">
        <ele>823.9</ele>
      </trkpt>
      <trkpt lat="61.18519" lon="8.691039">
        <ele>821.5</ele>
      </trkpt>
      <trkpt lat="61.18515" lon="8.6912">
        <ele>821.8</ele>
      </trkpt>
      <trkpt lat="61.18514" lon="8.69138">
        <ele>823.0</ele>
      </trkpt>
      <trkpt lat="61.18509" lon="8.69288">
        <ele>829.5</ele>
      </trkpt>
      <trkpt lat="61.18505" lon="8.69438">
        <ele>826.1</ele>
      </trkpt>
      <trkpt lat="61.18502" lon="8.69461">
        <ele>825.0</ele>
      </trkpt>
      <trkpt lat="61.18499" lon="8.69473">
        <ele>824.1</ele>
      </trkpt>
      <trkpt lat="61.1849" lon="8.694889">
        <ele>822.2</ele>
      </trkpt>
      <trkpt lat="61.18479" lon="8.69496">
        <ele>820.3</ele>
      </trkpt>
      <trkpt lat="61.18464" lon="8.69496">
        <ele>818.1</ele>
      </trkpt>
      <trkpt lat="61.18451" lon="8.69487">
        <ele>816.4</ele>
      </trkpt>
      <trkpt lat="61.18408" lon="8.69424">
        <ele>806.3</ele>
      </trkpt>
      <trkpt lat="61.18386" lon="8.69375">
        <ele>798.8</ele>
      </trkpt>
      <trkpt lat="61.18356" lon="8.69326">
        <ele>788.2</ele>
      </trkpt>
      <trkpt lat="61.18339" lon="8.6929">
        <ele>786.0</ele>
      </trkpt>
      <trkpt lat="61.18322" lon="8.69249">
        <ele>787.0</ele>
      </trkpt>
      <trkpt lat="61.18276" lon="8.69189">
        <ele>772.4</ele>
      </trkpt>
      <trkpt lat="61.18265" lon="8.69185">
        <ele>768.4</ele>
      </trkpt>
      <trkpt lat="61.1826" lon="8.69189">
        <ele>767.0</ele>
      </trkpt>
      <trkpt lat="61.18257" lon="8.691979">
        <ele>766.3</ele>
      </trkpt>
      <trkpt lat="61.18253" lon="8.6922">
        <ele>765.7</ele>
      </trkpt>
      <trkpt lat="61.18247" lon="8.69317">
        <ele>765.0</ele>
      </trkpt>
      <trkpt lat="61.18242" lon="8.69331">
        <ele>764.1</ele>
      </trkpt>
      <trkpt lat="61.18208" lon="8.69413">
        <ele>755.9</ele>
      </trkpt>
      <trkpt lat="61.18175" lon="8.69509">
        <ele>744.0</ele>
      </trkpt>
      <trkpt lat="61.18165" lon="8.69547">
        <ele>739.8</ele>
      </trkpt>
      <trkpt lat="61.18157" lon="8.69565">
        <ele>737.1</ele>
      </trkpt>
      <trkpt lat="61.18149" lon="8.69571">
        <ele>734.9</ele>
      </trkpt>
      <trkpt lat="61.18124" lon="8.69575">
        <ele>728.6</ele>
      </trkpt>
      <trkpt lat="61.18109" lon="8.69573">
        <ele>724.8</ele>
      </trkpt>
      <trkpt lat="61.18105" lon="8.69567">
        <ele>724.1</ele>
      </trkpt>
      <trkpt lat="61.18101" lon="8.69558">
        <ele>723.4</ele>
      </trkpt>
      <trkpt lat="61.18103" lon="8.6948">
        <ele>726.7</ele>
      </trkpt>
      <trkpt lat="61.18101" lon="8.69469">
        <ele>726.6</ele>
      </trkpt>
      <trkpt lat="61.18095" lon="8.69455">
        <ele>725.6</ele>
      </trkpt>
      <trkpt lat="61.18089" lon="8.69444">
        <ele>724.4</ele>
      </trkpt>
      <trkpt lat="61.18078" lon="8.69434">
        <ele>722.0</ele>
      </trkpt>
      <trkpt lat="61.18063" lon="8.69432">
        <ele>718.6</ele>
      </trkpt>
      <trkpt lat="61.18049" lon="8.69437">
        <ele>715.4</ele>
      </trkpt>
      <trkpt lat="61.18041" lon="8.69446">
        <ele>713.3</ele>
      </trkpt>
      <trkpt lat="61.18031" lon="8.69467">
        <ele>710.4</ele>
      </trkpt>
      <trkpt lat="61.18024" lon="8.69487">
        <ele>708.2</ele>
      </trkpt>
      <trkpt lat="61.1801" lon="8.69534">
        <ele>703.7</ele>
      </trkpt>
      <trkpt lat="61.18005" lon="8.69546">
        <ele>702.6</ele>
      </trkpt>
      <trkpt lat="61.17976" lon="8.69574">
        <ele>697.4</ele>
      </trkpt>
      <trkpt lat="61.17964" lon="8.69594">
        <ele>694.9</ele>
      </trkpt>
      <trkpt lat="61.17937" lon="8.69662">
        <ele>691.5</ele>
      </trkpt>
      <trkpt lat="61.17911" lon="8.6975">
        <ele>691.3</ele>
      </trkpt>
      <trkpt lat="61.17904" lon="8.69762">
        <ele>691.0</ele>
      </trkpt>
      <trkpt lat="61.17892" lon="8.6977">
        <ele>691.2</ele>
      </trkpt>
      <trkpt lat="61.17878" lon="8.69769">
        <ele>691.2</ele>
      </trkpt>
      <trkpt lat="61.17814" lon="8.69745">
        <ele>692.3</ele>
      </trkpt>
      <trkpt lat="61.17805" lon="8.69737">
        <ele>692.0</ele>
      </trkpt>
      <trkpt lat="61.17765" lon="8.69676">
        <ele>688.9</ele>
      </trkpt>
      <trkpt lat="61.1775" lon="8.6967">
        <ele>687.6</ele>
      </trkpt>
      <trkpt lat="61.17735" lon="8.69673">
        <ele>686.6</ele>
      </trkpt>
      <trkpt lat="61.17735" lon="8.69744">
        <ele>688.2</ele>
      </trkpt>
      <trkpt lat="61.17726" lon="8.69845">
        <ele>689.9</ele>
      </trkpt>
      <trkpt lat="61.17726" lon="8.69882">
        <ele>689.9</ele>
      </trkpt>
      <trkpt lat="61.17732" lon="8.699299">
        <ele>689.7</ele>
      </trkpt>
      <trkpt lat="61.17742" lon="8.69969">
        <ele>690.0</ele>
      </trkpt>
      <trkpt lat="61.17754" lon="8.69998">
        <ele>689.9</ele>
      </trkpt>
      <trkpt lat="61.17764" lon="8.70018">
        <ele>689.9</ele>
      </trkpt>
      <trkpt lat="61.1779" lon="8.70049">
        <ele>690.4</ele>
      </trkpt>
      <trkpt lat="61.17815" lon="8.70065">
        <ele>690.0</ele>
      </trkpt>
      <trkpt lat="61.17864" lon="8.7007">
        <ele>691.2</ele>
      </trkpt>
      <trkpt lat="61.17877" lon="8.70077">
        <ele>691.5</ele>
      </trkpt>
      <trkpt lat="61.17891" lon="8.70089">
        <ele>691.6</ele>
      </trkpt>
      <trkpt lat="61.17906" lon="8.70108">
        <ele>691.3</ele>
      </trkpt>
      <trkpt lat="61.17932" lon="8.70156">
        <ele>689.8</ele>
      </trkpt>
      <trkpt lat="61.17949" lon="8.70207">
        <ele>688.4</ele>
      </trkpt>
      <trkpt lat="61.17961" lon="8.70251">
        <ele>688.6</ele>
      </trkpt>
      <trkpt lat="61.17976" lon="8.70317">
        <ele>689.9</ele>
      </trkpt>
      <trkpt lat="61.17991" lon="8.70375">
        <ele>691.4</ele>
      </trkpt>
      <trkpt lat="61.18011" lon="8.70461">
        <ele>690.7</ele>
      </trkpt>
      <trkpt lat="61.1803" lon="8.70547">
        <ele>689.5</ele>
      </trkpt>
      <trkpt lat="61.18038" lon="8.705819">
        <ele>689.2</ele>
      </trkpt>
      <trkpt lat="61.18045" lon="8.7064">
        <ele>688.7</ele>
      </trkpt>
      <trkpt lat="61.18044" lon="8.70694">
        <ele>688.5</ele>
      </trkpt>
      <trkpt lat="61.1804" lon="8.70753">
        <ele>687.8</ele>
      </trkpt>
      <trkpt lat="61.1804" lon="8.70807">
        <ele>688.6</ele>
      </trkpt>
      <trkpt lat="61.18044" lon="8.70848">
        <ele>689.5</ele>
      </trkpt>
      <trkpt lat="61.1805" lon="8.70882">
        <ele>690.8</ele>
      </trkpt>
      <trkpt lat="61.18083" lon="8.70997">
        <ele>695.0</ele>
      </trkpt>
      <trkpt lat="61.18098" lon="8.71069">
        <ele>697.1</ele>
      </trkpt>
      <trkpt lat="61.18103" lon="8.71128">
        <ele>697.3</ele>
      </trkpt>
      <trkpt lat="61.18105" lon="8.71184">
        <ele>698.7</ele>
      </trkpt>
      <trkpt lat="61.18104" lon="8.71327">
        <ele>702.2</ele>
      </trkpt>
      <trkpt lat="61.181" lon="8.713609">
        <ele>701.5</ele>
      </trkpt>
      <trkpt lat="61.18087" lon="8.71428">
        <ele>697.2</ele>
      </trkpt>
      <trkpt lat="61.18086" lon="8.714689">
        <ele>695.4</ele>
      </trkpt>
      <trkpt lat="61.18087" lon="8.71493">
        <ele>694.2</ele>
      </trkpt>
      <trkpt lat="61.18093" lon="8.71557">
        <ele>692.8</ele>
      </trkpt>
      <trkpt lat="61.18095" lon="8.71651">
        <ele>691.7</ele>
      </trkpt>
      <trkpt lat="61.18084" lon="8.71773">
        <ele>692.4</ele>
      </trkpt>
      <trkpt lat="61.18055" lon="8.71929">
        <ele>693.9</ele>
      </trkpt>
      <trkpt lat="61.1803" lon="8.72084">
        <ele>696.3</ele>
      </trkpt>
      <trkpt lat="61.18025" lon="8.72156">
        <ele>698.2</ele>
      </trkpt>
      <trkpt lat="61.18022" lon="8.72316">
        <ele>700.9</ele>
      </trkpt>
      <trkpt lat="61.18019" lon="8.72359">
        <ele>701.6</ele>
      </trkpt>
      <trkpt lat="61.18014" lon="8.72383">
        <ele>701.6</ele>
      </trkpt>
      <trkpt lat="61.18" lon="8.72438">
        <ele>701.8</ele>
      </trkpt>
      <trkpt lat="61.17963" lon="8.725669">
        <ele>699.8</ele>
      </trkpt>
      <trkpt lat="61.17926" lon="8.72695">
        <ele>701.7</ele>
      </trkpt>
      <trkpt lat="61.17889" lon="8.72824">
        <ele>707.2</ele>
      </trkpt>
      <trkpt lat="61.17867" lon="8.72896">
        <ele>707.0</ele>
      </trkpt>
      <trkpt lat="61.1783" lon="8.73015">
        <ele>706.8</ele>
      </trkpt>
      <trkpt lat="61.17815" lon="8.73045">
        <ele>706.8</ele>
      </trkpt>
      <trkpt lat="61.1778" lon="8.730969">
        <ele>706.7</ele>
      </trkpt>
      <trkpt lat="61.17766" lon="8.73122">
        <ele>707.0</ele>
      </trkpt>
      <trkpt lat="61.1774" lon="8.73188">
        <ele>707.8</ele>
      </trkpt>
      <trkpt lat="61.17707" lon="8.73283">
        <ele>708.1</ele>
      </trkpt>
      <trkpt lat="61.17698" lon="8.73301">
        <ele>707.5</ele>
      </trkpt>
      <trkpt lat="61.17685" lon="8.73322">
        <ele>706.0</ele>
      </trkpt>
      <trkpt lat="61.17644" lon="8.733739">
        <ele>701.4</ele>
      </trkpt>
      <trkpt lat="61.17595" lon="8.73429">
        <ele>695.5</ele>
      </trkpt>
      <trkpt lat="61.17542" lon="8.73501">
        <ele>691.1</ele>
      </trkpt>
      <trkpt lat="61.17521" lon="8.73541">
        <ele>691.5</ele>
      </trkpt>
      <trkpt lat="61.17502" lon="8.73588">
        <ele>692.6</ele>
      </trkpt>
      <trkpt lat="61.17492" lon="8.73624">
        <ele>693.4</ele>
      </trkpt>
      <trkpt lat="61.17477" lon="8.737">
        <ele>694.5</ele>
      </trkpt>
      <trkpt lat="61.17469" lon="8.73731">
        <ele>693.5</ele>
      </trkpt>
      <trkpt lat="61.17448" lon="8.73767">
        <ele>689.5</ele>
      </trkpt>
      <trkpt lat="61.17394" lon="8.738479">
        <ele>682.4</ele>
      </trkpt>
      <trkpt lat="61.17387" lon="8.738619">
        <ele>681.7</ele>
      </trkpt>
      <trkpt lat="61.17364" lon="8.73922">
        <ele>679.7</ele>
      </trkpt>
      <trkpt lat="61.1735" lon="8.73947">
        <ele>678.2</ele>
      </trkpt>
      <trkpt lat="61.17316" lon="8.73986">
        <ele>674.4</ele>
      </trkpt>
      <trkpt lat="61.17246" lon="8.74047">
        <ele>670.5</ele>
      </trkpt>
      <trkpt lat="61.17182" lon="8.74097">
        <ele>669.3</ele>
      </trkpt>
      <trkpt lat="61.17104" lon="8.7414">
        <ele>659.5</ele>
      </trkpt>
      <trkpt lat="61.17083" lon="8.74158">
        <ele>656.8</ele>
      </trkpt>
      <trkpt lat="61.17062" lon="8.74201">
        <ele>656.1</ele>
      </trkpt>
      <trkpt lat="61.17032" lon="8.74277">
        <ele>656.2</ele>
      </trkpt>
      <trkpt lat="61.17018" lon="8.74321">
        <ele>656.9</ele>
      </trkpt>
      <trkpt lat="61.16983" lon="8.744579">
        <ele>659.3</ele>
      </trkpt>
      <trkpt lat="61.16972" lon="8.74531">
        <ele>661.7</ele>
      </trkpt>
      <trkpt lat="61.1697" lon="8.74563">
        <ele>663.5</ele>
      </trkpt>
      <trkpt lat="61.16969" lon="8.74617">
        <ele>666.2</ele>
      </trkpt>
      <trkpt lat="61.16975" lon="8.74713">
        <ele>671.7</ele>
      </trkpt>
      <trkpt lat="61.16975" lon="8.74741">
        <ele>672.2</ele>
      </trkpt>
      <trkpt lat="61.16974" lon="8.74765">
        <ele>672.9</ele>
      </trkpt>
      <trkpt lat="61.16969" lon="8.74786">
        <ele>672.9</ele>
      </trkpt>
      <trkpt lat="61.16935" lon="8.74854">
        <ele>670.7</ele>
      </trkpt>
      <trkpt lat="61.16901" lon="8.74923">
        <ele>668.8</ele>
      </trkpt>
      <trkpt lat="61.16877" lon="8.74992">
        <ele>671.0</ele>
      </trkpt>
      <trkpt lat="61.1687" lon="8.75026">
        <ele>673.0</ele>
      </trkpt>
      <trkpt lat="61.1687" lon="8.75152">
        <ele>680.3</ele>
      </trkpt>
      <trkpt lat="61.16864" lon="8.75175">
        <ele>681.0</ele>
      </trkpt>
      <trkpt lat="61.16856" lon="8.75192">
        <ele>681.0</ele>
      </trkpt>
      <trkpt lat="61.16844" lon="8.75211">
        <ele>680.8</ele>
      </trkpt>
      <trkpt lat="61.16828" lon="8.75228">
        <ele>680.3</ele>
      </trkpt>
      <trkpt lat="61.16804" lon="8.75242">
        <ele>678.8</ele>
      </trkpt>
      <trkpt lat="61.16724" lon="8.75241">
        <ele>670.0</ele>
      </trkpt>
      <trkpt lat="61.16695" lon="8.75277">
        <ele>670.0</ele>
      </trkpt>
      <trkpt lat="61.16667" lon="8.75319">
        <ele>670.5</ele>
      </trkpt>
      <trkpt lat="61.16653" lon="8.75346">
        <ele>670.9</ele>
      </trkpt>
      <trkpt lat="61.16645" lon="8.75367">
        <ele>671.7</ele>
      </trkpt>
      <trkpt lat="61.16635" lon="8.75405">
        <ele>672.2</ele>
      </trkpt>
      <trkpt lat="61.16621" lon="8.755089">
        <ele>675.5</ele>
      </trkpt>
      <trkpt lat="61.16615" lon="8.75544">
        <ele>677.1</ele>
      </trkpt>
      <trkpt lat="61.16607" lon="8.75573">
        <ele>678.2</ele>
      </trkpt>
      <trkpt lat="61.16596" lon="8.75605">
        <ele>678.5</ele>
      </trkpt>
      <trkpt lat="61.16572" lon="8.7565">
        <ele>678.2</ele>
      </trkpt>
      <trkpt lat="61.16526" lon="8.75713">
        <ele>676.0</ele>
      </trkpt>
      <trkpt lat="61.16502" lon="8.75752">
        <ele>675.8</ele>
      </trkpt>
      <trkpt lat="61.16479" lon="8.75805">
        <ele>677.7</ele>
      </trkpt>
      <trkpt lat="61.16465" lon="8.75841">
        <ele>679.5</ele>
      </trkpt>
      <trkpt lat="61.16418" lon="8.75963">
        <ele>681.7</ele>
      </trkpt>
      <trkpt lat="61.16365" lon="8.76112">
        <ele>674.3</ele>
      </trkpt>
      <trkpt lat="61.16347" lon="8.76157">
        <ele>672.0</ele>
      </trkpt>
      <trkpt lat="61.16323" lon="8.76198">
        <ele>665.8</ele>
      </trkpt>
      <trkpt lat="61.16278" lon="8.76262">
        <ele>655.1</ele>
      </trkpt>
      <trkpt lat="61.16241" lon="8.76329">
        <ele>651.2</ele>
      </trkpt>
      <trkpt lat="61.16221" lon="8.76384">
        <ele>654.5</ele>
      </trkpt>
      <trkpt lat="61.16202" lon="8.7646">
        <ele>658.8</ele>
      </trkpt>
      <trkpt lat="61.1618" lon="8.76568">
        <ele>655.0</ele>
      </trkpt>
      <trkpt lat="61.16172" lon="8.76643">
        <ele>650.1</ele>
      </trkpt>
      <trkpt lat="61.16168" lon="8.76744">
        <ele>648.2</ele>
      </trkpt>
      <trkpt lat="61.16164" lon="8.768459">
        <ele>648.0</ele>
      </trkpt>
      <trkpt lat="61.16158" lon="8.76884">
        <ele>647.2</ele>
      </trkpt>
      <trkpt lat="61.16147" lon="8.76923">
        <ele>644.1</ele>
      </trkpt>
      <trkpt lat="61.16139" lon="8.76943">
        <ele>642.0</ele>
      </trkpt>
      <trkpt lat="61.16128" lon="8.76964">
        <ele>639.2</ele>
      </trkpt>
      <trkpt lat="61.16096" lon="8.77012">
        <ele>632.6</ele>
      </trkpt>
      <trkpt lat="61.1608" lon="8.77032">
        <ele>631.2</ele>
      </trkpt>
      <trkpt lat="61.16041" lon="8.77089">
        <ele>629.7</ele>
      </trkpt>
      <trkpt lat="61.16001" lon="8.77146">
        <ele>630.7</ele>
      </trkpt>
      <trkpt lat="61.15965" lon="8.77205">
        <ele>631.1</ele>
      </trkpt>
      <trkpt lat="61.15952" lon="8.772309">
        <ele>630.0</ele>
      </trkpt>
      <trkpt lat="61.15925" lon="8.772919">
        <ele>625.2</ele>
      </trkpt>
      <trkpt lat="61.15902" lon="8.77351">
        <ele>618.9</ele>
      </trkpt>
      <trkpt lat="61.15886" lon="8.77388">
        <ele>614.8</ele>
      </trkpt>
      <trkpt lat="61.15875" lon="8.77421">
        <ele>612.7</ele>
      </trkpt>
      <trkpt lat="61.15869" lon="8.77451">
        <ele>612.2</ele>
      </trkpt>
      <trkpt lat="61.15868" lon="8.77481">
        <ele>613.9</ele>
      </trkpt>
      <trkpt lat="61.15868" lon="8.77509">
        <ele>615.9</ele>
      </trkpt>
      <trkpt lat="61.15883" lon="8.77642">
        <ele>624.7</ele>
      </trkpt>
      <trkpt lat="61.15897" lon="8.77775">
        <ele>624.5</ele>
      </trkpt>
      <trkpt lat="61.15906" lon="8.77823">
        <ele>623.1</ele>
      </trkpt>
      <trkpt lat="61.15913" lon="8.77852">
        <ele>621.8</ele>
      </trkpt>
      <trkpt lat="61.15922" lon="8.77872">
        <ele>621.3</ele>
      </trkpt>
      <trkpt lat="61.15934" lon="8.77889">
        <ele>620.7</ele>
      </trkpt>
      <trkpt lat="61.1595" lon="8.77905">
        <ele>620.1</ele>
      </trkpt>
      <trkpt lat="61.1597" lon="8.779159">
        <ele>619.7</ele>
      </trkpt>
      <trkpt lat="61.16032" lon="8.77926">
        <ele>622.1</ele>
      </trkpt>
      <trkpt lat="61.16041" lon="8.77932">
        <ele>621.9</ele>
      </trkpt>
      <trkpt lat="61.16052" lon="8.77943">
        <ele>622.0</ele>
      </trkpt>
      <trkpt lat="61.16069" lon="8.7798">
        <ele>621.4</ele>
      </trkpt>
      <trkpt lat="61.16075" lon="8.78016">
        <ele>621.2</ele>
      </trkpt>
      <trkpt lat="61.16073" lon="8.7806">
        <ele>620.8</ele>
      </trkpt>
      <trkpt lat="61.16056" lon="8.78153">
        <ele>617.6</ele>
      </trkpt>
      <trkpt lat="61.16039" lon="8.78246">
        <ele>617.0</ele>
      </trkpt>
      <trkpt lat="61.16033" lon="8.78298">
        <ele>618.8</ele>
      </trkpt>
      <trkpt lat="61.16034" lon="8.78388">
        <ele>624.4</ele>
      </trkpt>
      <trkpt lat="61.16038" lon="8.78478">
        <ele>627.3</ele>
      </trkpt>
      <trkpt lat="61.16047" lon="8.78605">
        <ele>625.6</ele>
      </trkpt>
      <trkpt lat="61.16046" lon="8.78665">
        <ele>619.8</ele>
      </trkpt>
      <trkpt lat="61.16044" lon="8.78684">
        <ele>618.3</ele>
      </trkpt>
      <trkpt lat="61.16038" lon="8.7872">
        <ele>615.0</ele>
      </trkpt>
      <trkpt lat="61.16026" lon="8.78767">
        <ele>611.6</ele>
      </trkpt>
      <trkpt lat="61.16018" lon="8.78819">
        <ele>609.6</ele>
      </trkpt>
      <trkpt lat="61.16012" lon="8.78871">
        <ele>607.9</ele>
      </trkpt>
      <trkpt lat="61.16004" lon="8.79012">
        <ele>602.0</ele>
      </trkpt>
      <trkpt lat="61.16" lon="8.79035">
        <ele>600.7</ele>
      </trkpt>
      <trkpt lat="61.1599" lon="8.79072">
        <ele>598.2</ele>
      </trkpt>
      <trkpt lat="61.15979" lon="8.79094">
        <ele>595.4</ele>
      </trkpt>
      <trkpt lat="61.15963" lon="8.79116">
        <ele>593.4</ele>
      </trkpt>
      <trkpt lat="61.15925" lon="8.79151">
        <ele>589.2</ele>
      </trkpt>
      <trkpt lat="61.15908" lon="8.79179">
        <ele>586.8</ele>
      </trkpt>
      <trkpt lat="61.15868" lon="8.792859">
        <ele>585.0</ele>
      </trkpt>
      <trkpt lat="61.15846" lon="8.79342">
        <ele>585.4</ele>
      </trkpt>
      <trkpt lat="61.1582" lon="8.79395">
        <ele>583.8</ele>
      </trkpt>
      <trkpt lat="61.1578" lon="8.79463">
        <ele>581.2</ele>
      </trkpt>
      <trkpt lat="61.15728" lon="8.7954">
        <ele>575.1</ele>
      </trkpt>
      <trkpt lat="61.15676" lon="8.79617">
        <ele>565.9</ele>
      </trkpt>
      <trkpt lat="61.15655" lon="8.79635">
        <ele>562.8</ele>
      </trkpt>
      <trkpt lat="61.15601" lon="8.79668">
        <ele>555.1</ele>
      </trkpt>
      <trkpt lat="61.15585" lon="8.79683">
        <ele>553.9</ele>
      </trkpt>
      <trkpt lat="61.15565" lon="8.7971">
        <ele>553.3</ele>
      </trkpt>
      <trkpt lat="61.15529" lon="8.79781">
        <ele>552.5</ele>
      </trkpt>
      <trkpt lat="61.1549" lon="8.79878">
        <ele>550.4</ele>
      </trkpt>
      <trkpt lat="61.15451" lon="8.80011">
        <ele>548.4</ele>
      </trkpt>
      <trkpt lat="61.15415" lon="8.801119">
        <ele>542.8</ele>
      </trkpt>
      <trkpt lat="61.15404" lon="8.80143">
        <ele>540.9</ele>
      </trkpt>
      <trkpt lat="61.15397" lon="8.80172">
        <ele>540.6</ele>
      </trkpt>
      <trkpt lat="61.15391" lon="8.80212">
        <ele>542.0</ele>
      </trkpt>
      <trkpt lat="61.1539" lon="8.80261">
        <ele>542.7</ele>
      </trkpt>
      <trkpt lat="61.15391" lon="8.80339">
        <ele>543.3</ele>
      </trkpt>
      <trkpt lat="61.15389" lon="8.80441">
        <ele>540.6</ele>
      </trkpt>
      <trkpt lat="61.15383" lon="8.80509">
        <ele>537.9</ele>
      </trkpt>
      <trkpt lat="61.15374" lon="8.80549">
        <ele>535.9</ele>
      </trkpt>
      <trkpt lat="61.15354" lon="8.80606">
        <ele>534.0</ele>
      </trkpt>
      <trkpt lat="61.15307" lon="8.80706">
        <ele>527.2</ele>
      </trkpt>
      <trkpt lat="61.1526" lon="8.80806">
        <ele>520.8</ele>
      </trkpt>
      <trkpt lat="61.1522" lon="8.80921">
        <ele>519.1</ele>
      </trkpt>
      <trkpt lat="61.15195" lon="8.81004">
        <ele>519.1</ele>
      </trkpt>
      <trkpt lat="61.15186" lon="8.810409">
        <ele>519.7</ele>
      </trkpt>
      <trkpt lat="61.15173" lon="8.81143">
        <ele>520.6</ele>
      </trkpt>
      <trkpt lat="61.1516" lon="8.8129">
        <ele>520.5</ele>
      </trkpt>
      <trkpt lat="61.15148" lon="8.81357">
        <ele>519.6</ele>
      </trkpt>
      <trkpt lat="61.15111" lon="8.81495">
        <ele>518.6</ele>
      </trkpt>
      <trkpt lat="61.15079" lon="8.81584">
        <ele>517.9</ele>
      </trkpt>
      <trkpt lat="61.15048" lon="8.81673">
        <ele>516.7</ele>
      </trkpt>
      <trkpt lat="61.15036" lon="8.8172">
        <ele>516.6</ele>
      </trkpt>
      <trkpt lat="61.15009" lon="8.8187">
        <ele>518.5</ele>
      </trkpt>
      <trkpt lat="61.14989" lon="8.81945">
        <ele>518.8</ele>
      </trkpt>
      <trkpt lat="61.1496" lon="8.82043">
        <ele>520.2</ele>
      </trkpt>
      <trkpt lat="61.14949" lon="8.820779">
        <ele>521.0</ele>
      </trkpt>
      <trkpt lat="61.14931" lon="8.8217">
        <ele>525.3</ele>
      </trkpt>
      <trkpt lat="61.14914" lon="8.82262">
        <ele>525.3</ele>
      </trkpt>
      <trkpt lat="61.14883" lon="8.82391">
        <ele>528.2</ele>
      </trkpt>
      <trkpt lat="61.14863" lon="8.82462">
        <ele>530.7</ele>
      </trkpt>
      <trkpt lat="61.14847" lon="8.82532">
        <ele>532.3</ele>
      </trkpt>
      <trkpt lat="61.14829" lon="8.82633">
        <ele>538.5</ele>
      </trkpt>
      <trkpt lat="61.14812" lon="8.82758">
        <ele>546.2</ele>
      </trkpt>
      <trkpt lat="61.14798" lon="8.82764">
        <ele>542.1</ele>
      </trkpt>
      <trkpt lat="61.14794" lon="8.82771">
        <ele>541.3</ele>
      </trkpt>
      <trkpt lat="61.14755" lon="8.82913">
        <ele>535.7</ele>
      </trkpt>
      <trkpt lat="61.14716" lon="8.830539">
        <ele>530.1</ele>
      </trkpt>
      <trkpt lat="61.14683" lon="8.83155">
        <ele>526.6</ele>
      </trkpt>
      <trkpt lat="61.14664" lon="8.832369">
        <ele>525.9</ele>
      </trkpt>
      <trkpt lat="61.14628" lon="8.83374">
        <ele>523.7</ele>
      </trkpt>
      <trkpt lat="61.14612" lon="8.83419">
        <ele>523.1</ele>
      </trkpt>
      <trkpt lat="61.14581" lon="8.83496">
        <ele>521.2</ele>
      </trkpt>
      <trkpt lat="61.14534" lon="8.83597">
        <ele>517.3</ele>
      </trkpt>
      <trkpt lat="61.1452" lon="8.83623">
        <ele>515.3</ele>
      </trkpt>
      <trkpt lat="61.14509" lon="8.83634">
        <ele>513.3</ele>
      </trkpt>
      <trkpt lat="61.14494" lon="8.83639">
        <ele>510.2</ele>
      </trkpt>
      <trkpt lat="61.1448" lon="8.83638">
        <ele>507.6</ele>
      </trkpt>
      <trkpt lat="61.14466" lon="8.83623">
        <ele>505.0</ele>
      </trkpt>
      <trkpt lat="61.14457" lon="8.83607">
        <ele>503.3</ele>
      </trkpt>
      <trkpt lat="61.14448" lon="8.83576">
        <ele>501.2</ele>
      </trkpt>
      <trkpt lat="61.14426" lon="8.83463">
        <ele>498.0</ele>
      </trkpt>
      <trkpt lat="61.14404" lon="8.8335">
        <ele>497.0</ele>
      </trkpt>
      <trkpt lat="61.14395" lon="8.83311">
        <ele>495.7</ele>
      </trkpt>
      <trkpt lat="61.14377" lon="8.83268">
        <ele>495.1</ele>
      </trkpt>
      <trkpt lat="61.14367" lon="8.83252">
        <ele>494.1</ele>
      </trkpt>
      <trkpt lat="61.14353" lon="8.8324">
        <ele>492.6</ele>
      </trkpt>
      <trkpt lat="61.14341" lon="8.83233">
        <ele>491.3</ele>
      </trkpt>
      <trkpt lat="61.14313" lon="8.83231">
        <ele>488.6</ele>
      </trkpt>
      <trkpt lat="61.14301" lon="8.83236">
        <ele>488.3</ele>
      </trkpt>
      <trkpt lat="61.14293" lon="8.83243">
        <ele>487.1</ele>
      </trkpt>
      <trkpt lat="61.14277" lon="8.83262">
        <ele>482.1</ele>
      </trkpt>
      <trkpt lat="61.14269" lon="8.83278">
        <ele>480.2</ele>
      </trkpt>
      <trkpt lat="61.14252" lon="8.83319">
        <ele>476.9</ele>
      </trkpt>
      <trkpt lat="61.14237" lon="8.83365">
        <ele>474.8</ele>
      </trkpt>
      <trkpt lat="61.14223" lon="8.83385">
        <ele>473.1</ele>
      </trkpt>
      <trkpt lat="61.14206" lon="8.83394">
        <ele>470.7</ele>
      </trkpt>
      <trkpt lat="61.14193" lon="8.83392">
        <ele>468.8</ele>
      </trkpt>
      <trkpt lat="61.1418" lon="8.83384">
        <ele>466.9</ele>
      </trkpt>
      <trkpt lat="61.14171" lon="8.83374">
        <ele>465.6</ele>
      </trkpt>
      <trkpt lat="61.1416" lon="8.83355">
        <ele>463.3</ele>
      </trkpt>
      <trkpt lat="61.1415" lon="8.83323">
        <ele>461.7</ele>
      </trkpt>
      <trkpt lat="61.14147" lon="8.83296">
        <ele>460.5</ele>
      </trkpt>
      <trkpt lat="61.14147" lon="8.83268">
        <ele>460.2</ele>
      </trkpt>
      <trkpt lat="61.14155" lon="8.83182">
        <ele>461.3</ele>
      </trkpt>
      <trkpt lat="61.14155" lon="8.83128">
        <ele>463.2</ele>
      </trkpt>
      <trkpt lat="61.14153" lon="8.83095">
        <ele>463.9</ele>
      </trkpt>
      <trkpt lat="61.14145" lon="8.83028">
        <ele>458.2</ele>
      </trkpt>
      <trkpt lat="61.14128" lon="8.82929">
        <ele>451.1</ele>
      </trkpt>
      <trkpt lat="61.14111" lon="8.82831">
        <ele>443.3</ele>
      </trkpt>
      <trkpt lat="61.14109" lon="8.82805">
        <ele>441.5</ele>
      </trkpt>
      <trkpt lat="61.14109" lon="8.82785">
        <ele>440.5</ele>
      </trkpt>
      <trkpt lat="61.14111" lon="8.82766">
        <ele>439.6</ele>
      </trkpt>
      <trkpt lat="61.14118" lon="8.82737">
        <ele>439.3</ele>
      </trkpt>
      <trkpt lat="61.14145" lon="8.82649">
        <ele>437.7</ele>
      </trkpt>
      <trkpt lat="61.14172" lon="8.82561">
        <ele>437.9</ele>
      </trkpt>
      <trkpt lat="61.14181" lon="8.82507">
        <ele>435.6</ele>
      </trkpt>
      <trkpt lat="61.14182" lon="8.8247">
        <ele>433.2</ele>
      </trkpt>
      <trkpt lat="61.14183" lon="8.82447">
        <ele>431.7</ele>
      </trkpt>
      <trkpt lat="61.14181" lon="8.82365">
        <ele>425.3</ele>
      </trkpt>
      <trkpt lat="61.14176" lon="8.82302">
        <ele>422.4</ele>
      </trkpt>
      <trkpt lat="61.14167" lon="8.82262">
        <ele>422.5</ele>
      </trkpt>
      <trkpt lat="61.14159" lon="8.82238">
        <ele>422.3</ele>
      </trkpt>
      <trkpt lat="61.14146" lon="8.82211">
        <ele>420.9</ele>
      </trkpt>
      <trkpt lat="61.14134" lon="8.82196">
        <ele>419.9</ele>
      </trkpt>
      <trkpt lat="61.14116" lon="8.82181">
        <ele>418.7</ele>
      </trkpt>
      <trkpt lat="61.141" lon="8.82171">
        <ele>417.8</ele>
      </trkpt>
      <trkpt lat="61.14051" lon="8.82152">
        <ele>413.0</ele>
      </trkpt>
      <trkpt lat="61.14001" lon="8.82133">
        <ele>407.6</ele>
      </trkpt>
      <trkpt lat="61.13981" lon="8.82122">
        <ele>405.5</ele>
      </trkpt>
      <trkpt lat="61.13935" lon="8.8208">
        <ele>401.2</ele>
      </trkpt>
      <trkpt lat="61.13889" lon="8.82038">
        <ele>399.9</ele>
      </trkpt>
      <trkpt lat="61.1384" lon="8.81979">
        <ele>403.3</ele>
      </trkpt>
      <trkpt lat="61.13828" lon="8.81967">
        <ele>403.7</ele>
      </trkpt>
      <trkpt lat="61.13783" lon="8.81941">
        <ele>403.7</ele>
      </trkpt>
      <trkpt lat="61.13777" lon="8.81968">
        <ele>402.2</ele>
      </trkpt>
      <trkpt lat="61.13767" lon="8.82002">
        <ele>399.9</ele>
      </trkpt>
      <trkpt lat="61.13762" lon="8.82028">
        <ele>398.3</ele>
      </trkpt>
      <trkpt lat="61.13761" lon="8.820499">
        <ele>397.5</ele>
      </trkpt>
      <trkpt lat="61.13763" lon="8.82129">
        <ele>395.0</ele>
      </trkpt>
      <trkpt lat="61.13766" lon="8.82162">
        <ele>394.8</ele>
      </trkpt>
      <trkpt lat="61.13772" lon="8.82195">
        <ele>394.1</ele>
      </trkpt>
      <trkpt lat="61.13781" lon="8.822279">
        <ele>394.2</ele>
      </trkpt>
      <trkpt lat="61.13795" lon="8.82268">
        <ele>395.0</ele>
      </trkpt>
      <trkpt lat="61.13798" lon="8.82276">
        <ele>395.1</ele>
      </trkpt>
      <trkpt lat="61.13804" lon="8.82303">
        <ele>395.6</ele>
      </trkpt>
      <trkpt lat="61.13806" lon="8.8233">
        <ele>396.1</ele>
      </trkpt>
      <trkpt lat="61.13792" lon="8.82334">
        <ele>394.0</ele>
      </trkpt>
      <trkpt lat="61.13788" lon="8.82339">
        <ele>393.6</ele>
      </trkpt>
      <trkpt lat="61.13785" lon="8.82346">
        <ele>393.3</ele>
      </trkpt>
      <trkpt lat="61.13776" lon="8.8238">
        <ele>392.3</ele>
      </trkpt>
      <trkpt lat="61.13769" lon="8.8239">
        <ele>391.6</ele>
      </trkpt>
      <trkpt lat="61.13763" lon="8.82387">
        <ele>390.9</ele>
      </trkpt>
      <trkpt lat="61.13741" lon="8.823549">
        <ele>389.4</ele>
      </trkpt>
      <trkpt lat="61.13727" lon="8.8234">
        <ele>388.9</ele>
      </trkpt>
      <trkpt lat="61.13714" lon="8.82343">
        <ele>388.4</ele>
      </trkpt>
      <trkpt lat="61.13696" lon="8.82367">
        <ele>388.4</ele>
      </trkpt>
      <trkpt lat="61.13693" lon="8.82367">
        <ele>388.4</ele>
      </trkpt>
      <trkpt lat="61.1369" lon="8.82362">
        <ele>388.4</ele>
      </trkpt>
      <trkpt lat="61.13685" lon="8.82368">
        <ele>388.4</ele>
      </trkpt>
      <trkpt lat="61.13679" lon="8.82373">
        <ele>388.4</ele>
      </trkpt>
      <trkpt lat="61.13643" lon="8.823829">
        <ele>387.6</ele>
      </trkpt>
      <trkpt lat="61.13628" lon="8.82387">
        <ele>387.2</ele>
      </trkpt>
      <trkpt lat="61.13618" lon="8.82387">
        <ele>387.0</ele>
      </trkpt>
      <trkpt lat="61.13614" lon="8.82489">
        <ele>386.0</ele>
      </trkpt>
      <trkpt lat="61.1361" lon="8.82535">
        <ele>383.9</ele>
      </trkpt>
      <trkpt lat="61.13602" lon="8.82565">
        <ele>382.8</ele>
      </trkpt>
      <trkpt lat="61.13582" lon="8.82617">
        <ele>380.8</ele>
      </trkpt>
      <trkpt lat="61.13569" lon="8.82656">
        <ele>379.9</ele>
      </trkpt>
      <trkpt lat="61.13546" lon="8.82768">
        <ele>376.3</ele>
      </trkpt>
      <trkpt lat="61.13533" lon="8.82803">
        <ele>373.9</ele>
      </trkpt>
      <trkpt lat="61.13521" lon="8.82825">
        <ele>372.2</ele>
      </trkpt>
      <trkpt lat="61.13505" lon="8.82845">
        <ele>370.9</ele>
      </trkpt>
      <trkpt lat="61.13484" lon="8.82862">
        <ele>371.1</ele>
      </trkpt>
      <trkpt lat="61.13424" lon="8.82887">
        <ele>375.5</ele>
      </trkpt>
      <trkpt lat="61.13397" lon="8.82892">
        <ele>378.3</ele>
      </trkpt>
      <trkpt lat="61.13338" lon="8.82888">
        <ele>381.0</ele>
      </trkpt>
      <trkpt lat="61.13323" lon="8.82894">
        <ele>381.0</ele>
      </trkpt>
      <trkpt lat="61.13294" lon="8.82921">
        <ele>383.8</ele>
      </trkpt>
      <trkpt lat="61.13276" lon="8.82942">
        <ele>386.5</ele>
      </trkpt>
      <trkpt lat="61.13279" lon="8.82902">
        <ele>385.8</ele>
      </trkpt>
      <trkpt lat="61.13283" lon="8.82876">
        <ele>385.5</ele>
      </trkpt>
      <trkpt lat="61.13294" lon="8.82833">
        <ele>384.3</ele>
      </trkpt>
      <trkpt lat="61.13298" lon="8.82801">
        <ele>385.6</ele>
      </trkpt>
      <trkpt lat="61.13298" lon="8.82769">
        <ele>387.8</ele>
      </trkpt>
      <trkpt lat="61.13296" lon="8.82724">
        <ele>392.2</ele>
      </trkpt>
      <trkpt lat="61.13284" lon="8.82649">
        <ele>394.4</ele>
      </trkpt>
      <trkpt lat="61.13263" lon="8.82564">
        <ele>398.0</ele>
      </trkpt>
      <trkpt lat="61.13254" lon="8.82545">
        <ele>398.6</ele>
      </trkpt>
      <trkpt lat="61.13245" lon="8.82532">
        <ele>399.7</ele>
      </trkpt>
      <trkpt lat="61.13232" lon="8.82525">
        <ele>401.5</ele>
      </trkpt>
      <trkpt lat="61.13197" lon="8.82521">
        <ele>405.2</ele>
      </trkpt>
      <trkpt lat="61.13169" lon="8.82512">
        <ele>406.3</ele>
      </trkpt>
      <trkpt lat="61.13085" lon="8.82474">
        <ele>411.9</ele>
      </trkpt>
      <trkpt lat="61.13028" lon="8.82443">
        <ele>420.7</ele>
      </trkpt>
      <trkpt lat="61.13007" lon="8.82428">
        <ele>426.1</ele>
      </trkpt>
      <trkpt lat="61.12982" lon="8.824109">
        <ele>432.9</ele>
      </trkpt>
      <trkpt lat="61.12942" lon="8.8237">
        <ele>439.8</ele>
      </trkpt>
      <trkpt lat="61.12901" lon="8.82329">
        <ele>444.2</ele>
      </trkpt>
      <trkpt lat="61.12887" lon="8.82306">
        <ele>445.7</ele>
      </trkpt>
      <trkpt lat="61.1288" lon="8.82291">
        <ele>446.5</ele>
      </trkpt>
      <trkpt lat="61.12874" lon="8.82273">
        <ele>447.4</ele>
      </trkpt>
      <trkpt lat="61.12872" lon="8.82264">
        <ele>447.8</ele>
      </trkpt>
      <trkpt lat="61.12864" lon="8.82221">
        <ele>449.7</ele>
      </trkpt>
      <trkpt lat="61.12851" lon="8.82113">
        <ele>454.5</ele>
      </trkpt>
      <trkpt lat="61.12843" lon="8.82063">
        <ele>457.7</ele>
      </trkpt>
      <trkpt lat="61.1283" lon="8.82015">
        <ele>460.8</ele>
      </trkpt>
      <trkpt lat="61.12791" lon="8.819279">
        <ele>466.2</ele>
      </trkpt>
      <trkpt lat="61.12751" lon="8.81842">
        <ele>470.4</ele>
      </trkpt>
      <trkpt lat="61.12743" lon="8.81815">
        <ele>471.3</ele>
      </trkpt>
      <trkpt lat="61.12726" lon="8.81844">
        <ele>473.8</ele>
      </trkpt>
      <trkpt lat="61.12703" lon="8.81897">
        <ele>477.0</ele>
      </trkpt>
      <trkpt lat="61.12686" lon="8.81951">
        <ele>478.5</ele>
      </trkpt>
      <trkpt lat="61.1268" lon="8.81991">
        <ele>478.1</ele>
      </trkpt>
      <trkpt lat="61.12669" lon="8.82103">
        <ele>476.0</ele>
      </trkpt>
      <trkpt lat="61.12665" lon="8.82124">
        <ele>475.7</ele>
      </trkpt>
      <trkpt lat="61.12656" lon="8.82146">
        <ele>475.9</ele>
      </trkpt>
      <trkpt lat="61.12645" lon="8.82166">
        <ele>476.4</ele>
      </trkpt>
      <trkpt lat="61.12608" lon="8.82206">
        <ele>479.2</ele>
      </trkpt>
      <trkpt lat="61.12594" lon="8.82242">
        <ele>479.3</ele>
      </trkpt>
      <trkpt lat="61.12584" lon="8.82278">
        <ele>480.4</ele>
      </trkpt>
      <trkpt lat="61.12568" lon="8.82359">
        <ele>483.6</ele>
      </trkpt>
      <trkpt lat="61.12553" lon="8.82419">
        <ele>488.4</ele>
      </trkpt>
      <trkpt lat="61.12542" lon="8.82453">
        <ele>490.8</ele>
      </trkpt>
      <trkpt lat="61.1249" lon="8.82586">
        <ele>499.6</ele>
      </trkpt>
      <trkpt lat="61.12467" lon="8.82666">
        <ele>504.4</ele>
      </trkpt>
      <trkpt lat="61.12455" lon="8.8274">
        <ele>508.9</ele>
      </trkpt>
      <trkpt lat="61.12451" lon="8.82784">
        <ele>511.3</ele>
      </trkpt>
      <trkpt lat="61.12451" lon="8.82845">
        <ele>513.5</ele>
      </trkpt>
      <trkpt lat="61.12448" lon="8.82875">
        <ele>514.9</ele>
      </trkpt>
      <trkpt lat="61.12438" lon="8.82886">
        <ele>516.7</ele>
      </trkpt>
      <trkpt lat="61.12432" lon="8.82887">
        <ele>517.7</ele>
      </trkpt>
      <trkpt lat="61.12427" lon="8.82882">
        <ele>518.6</ele>
      </trkpt>
      <trkpt lat="61.12392" lon="8.82786">
        <ele>523.7</ele>
      </trkpt>
      <trkpt lat="61.12352" lon="8.8267">
        <ele>525.9</ele>
      </trkpt>
      <trkpt lat="61.12341" lon="8.82647">
        <ele>526.7</ele>
      </trkpt>
      <trkpt lat="61.12331" lon="8.82631">
        <ele>527.6</ele>
      </trkpt>
      <trkpt lat="61.12321" lon="8.8262">
        <ele>528.8</ele>
      </trkpt>
      <trkpt lat="61.12309" lon="8.82611">
        <ele>530.7</ele>
      </trkpt>
      <trkpt lat="61.12298" lon="8.8261">
        <ele>532.5</ele>
      </trkpt>
      <trkpt lat="61.12275" lon="8.82617">
        <ele>535.7</ele>
      </trkpt>
      <trkpt lat="61.12249" lon="8.82634">
        <ele>538.3</ele>
      </trkpt>
      <trkpt lat="61.12229" lon="8.82639">
        <ele>540.5</ele>
      </trkpt>
      <trkpt lat="61.12212" lon="8.82636">
        <ele>543.1</ele>
      </trkpt>
      <trkpt lat="61.12202" lon="8.82631">
        <ele>544.4</ele>
      </trkpt>
      <trkpt lat="61.12187" lon="8.82615">
        <ele>546.7</ele>
      </trkpt>
      <trkpt lat="61.12168" lon="8.82589">
        <ele>549.1</ele>
      </trkpt>
      <trkpt lat="61.12161" lon="8.82572">
        <ele>549.7</ele>
      </trkpt>
      <trkpt lat="61.12149" lon="8.82515">
        <ele>552.4</ele>
      </trkpt>
      <trkpt lat="61.12149" lon="8.82498">
        <ele>553.6</ele>
      </trkpt>
      <trkpt lat="61.12145" lon="8.82454">
        <ele>556.0</ele>
      </trkpt>
      <trkpt lat="61.1214" lon="8.82434">
        <ele>557.3</ele>
      </trkpt>
      <trkpt lat="61.1213" lon="8.82323">
        <ele>564.8</ele>
      </trkpt>
      <trkpt lat="61.12119" lon="8.82213">
        <ele>576.0</ele>
      </trkpt>
      <trkpt lat="61.12108" lon="8.82118">
        <ele>582.4</ele>
      </trkpt>
      <trkpt lat="61.12102" lon="8.82086">
        <ele>584.4</ele>
      </trkpt>
      <trkpt lat="61.12074" lon="8.819889">
        <ele>590.9</ele>
      </trkpt>
      <trkpt lat="61.12069" lon="8.81957">
        <ele>592.1</ele>
      </trkpt>
      <trkpt lat="61.12068" lon="8.81933">
        <ele>592.3</ele>
      </trkpt>
      <trkpt lat="61.12069" lon="8.81906">
        <ele>593.0</ele>
      </trkpt>
      <trkpt lat="61.12083" lon="8.81805">
        <ele>594.4</ele>
      </trkpt>
      <trkpt lat="61.12083" lon="8.817729">
        <ele>596.4</ele>
      </trkpt>
      <trkpt lat="61.12074" lon="8.8163">
        <ele>610.6</ele>
      </trkpt>
      <trkpt lat="61.12064" lon="8.81486">
        <ele>624.0</ele>
      </trkpt>
      <trkpt lat="61.12064" lon="8.81392">
        <ele>627.9</ele>
      </trkpt>
      <trkpt lat="61.12064" lon="8.81298">
        <ele>629.6</ele>
      </trkpt>
      <trkpt lat="61.12061" lon="8.81256">
        <ele>630.3</ele>
      </trkpt>
      <trkpt lat="61.12055" lon="8.81218">
        <ele>631.6</ele>
      </trkpt>
      <trkpt lat="61.12052" lon="8.811769">
        <ele>633.3</ele>
      </trkpt>
      <trkpt lat="61.12055" lon="8.81148">
        <ele>633.8</ele>
      </trkpt>
      <trkpt lat="61.12083" lon="8.81059">
        <ele>633.3</ele>
      </trkpt>
      <trkpt lat="61.1209" lon="8.81028">
        <ele>634.3</ele>
      </trkpt>
      <trkpt lat="61.12096" lon="8.80992">
        <ele>635.8</ele>
      </trkpt>
      <trkpt lat="61.12099" lon="8.80965">
        <ele>638.0</ele>
      </trkpt>
      <trkpt lat="61.12105" lon="8.80857">
        <ele>645.9</ele>
      </trkpt>
      <trkpt lat="61.12123" lon="8.80737">
        <ele>652.2</ele>
      </trkpt>
      <trkpt lat="61.12126" lon="8.807079">
        <ele>653.9</ele>
      </trkpt>
      <trkpt lat="61.12126" lon="8.80679">
        <ele>657.0</ele>
      </trkpt>
      <trkpt lat="61.12115" lon="8.80587">
        <ele>667.8</ele>
      </trkpt>
      <trkpt lat="61.1211" lon="8.80465">
        <ele>676.9</ele>
      </trkpt>
      <trkpt lat="61.12104" lon="8.80437">
        <ele>678.8</ele>
      </trkpt>
      <trkpt lat="61.12082" lon="8.80377">
        <ele>683.7</ele>
      </trkpt>
      <trkpt lat="61.12077" lon="8.803559">
        <ele>684.8</ele>
      </trkpt>
      <trkpt lat="61.12075" lon="8.80335">
        <ele>685.6</ele>
      </trkpt>
      <trkpt lat="61.12073" lon="8.80236">
        <ele>688.5</ele>
      </trkpt>
      <trkpt lat="61.12065" lon="8.80167">
        <ele>692.4</ele>
      </trkpt>
      <trkpt lat="61.12048" lon="8.80061">
        <ele>702.3</ele>
      </trkpt>
      <trkpt lat="61.12048" lon="8.80029">
        <ele>705.1</ele>
      </trkpt>
      <trkpt lat="61.12057" lon="8.79974">
        <ele>708.0</ele>
      </trkpt>
      <trkpt lat="61.12084" lon="8.79866">
        <ele>712.7</ele>
      </trkpt>
      <trkpt lat="61.12119" lon="8.79733">
        <ele>719.1</ele>
      </trkpt>
      <trkpt lat="61.12135" lon="8.79651">
        <ele>723.7</ele>
      </trkpt>
      <trkpt lat="61.12145" lon="8.79582">
        <ele>725.7</ele>
      </trkpt>
      <trkpt lat="61.12144" lon="8.79569">
        <ele>726.3</ele>
      </trkpt>
      <trkpt lat="61.12141" lon="8.79557">
        <ele>726.9</ele>
      </trkpt>
      <trkpt lat="61.1213" lon="8.79548">
        <ele>728.9</ele>
      </trkpt>
      <trkpt lat="61.12118" lon="8.79557">
        <ele>730.7</ele>
      </trkpt>
      <trkpt lat="61.12087" lon="8.7963">
        <ele>732.2</ele>
      </trkpt>
      <trkpt lat="61.12073" lon="8.79656">
        <ele>733.1</ele>
      </trkpt>
      <trkpt lat="61.12043" lon="8.79701">
        <ele>735.3</ele>
      </trkpt>
      <trkpt lat="61.12032" lon="8.79712">
        <ele>736.5</ele>
      </trkpt>
      <trkpt lat="61.12021" lon="8.79717">
        <ele>738.1</ele>
      </trkpt>
      <trkpt lat="61.12005" lon="8.79712">
        <ele>741.7</ele>
      </trkpt>
      <trkpt lat="61.11993" lon="8.79698">
        <ele>745.0</ele>
      </trkpt>
      <trkpt lat="61.11988" lon="8.796849">
        <ele>746.5</ele>
      </trkpt>
      <trkpt lat="61.11984" lon="8.79663">
        <ele>748.8</ele>
      </trkpt>
      <trkpt lat="61.11982" lon="8.7964">
        <ele>750.9</ele>
      </trkpt>
      <trkpt lat="61.11988" lon="8.79511">
        <ele>754.7</ele>
      </trkpt>
      <trkpt lat="61.11995" lon="8.793939">
        <ele>758.7</ele>
      </trkpt>
      <trkpt lat="61.11996" lon="8.79324">
        <ele>762.9</ele>
      </trkpt>
      <trkpt lat="61.11994" lon="8.792719">
        <ele>767.9</ele>
      </trkpt>
      <trkpt lat="61.11988" lon="8.79202">
        <ele>774.1</ele>
      </trkpt>
      <trkpt lat="61.11969" lon="8.79077">
        <ele>783.4</ele>
      </trkpt>
      <trkpt lat="61.11966" lon="8.7902">
        <ele>785.7</ele>
      </trkpt>
      <trkpt lat="61.11967" lon="8.78991">
        <ele>786.6</ele>
      </trkpt>
      <trkpt lat="61.11971" lon="8.78959">
        <ele>787.2</ele>
      </trkpt>
      <trkpt lat="61.1198" lon="8.7891">
        <ele>788.4</ele>
      </trkpt>
      <trkpt lat="61.12004" lon="8.78807">
        <ele>790.8</ele>
      </trkpt>
      <trkpt lat="61.12006" lon="8.78758">
        <ele>793.0</ele>
      </trkpt>
      <trkpt lat="61.12004" lon="8.78727">
        <ele>793.8</ele>
      </trkpt>
      <trkpt lat="61.11999" lon="8.78696">
        <ele>794.8</ele>
      </trkpt>
      <trkpt lat="61.11996" lon="8.78674">
        <ele>795.4</ele>
      </trkpt>
      <trkpt lat="61.11989" lon="8.78654">
        <ele>796.6</ele>
      </trkpt>
      <trkpt lat="61.11982" lon="8.78637">
        <ele>797.7</ele>
      </trkpt>
      <trkpt lat="61.11974" lon="8.78625">
        <ele>799.2</ele>
      </trkpt>
      <trkpt lat="61.11963" lon="8.786149">
        <ele>801.5</ele>
      </trkpt>
      <trkpt lat="61.11913" lon="8.78584">
        <ele>812.6</ele>
      </trkpt>
      <trkpt lat="61.11902" lon="8.785729">
        <ele>815.2</ele>
      </trkpt>
      <trkpt lat="61.11885" lon="8.78539">
        <ele>819.2</ele>
      </trkpt>
      <trkpt lat="61.11881" lon="8.78523">
        <ele>819.9</ele>
      </trkpt>
      <trkpt lat="61.11872" lon="8.78477">
        <ele>820.4</ele>
      </trkpt>
      <trkpt lat="61.11867" lon="8.78422">
        <ele>820.2</ele>
      </trkpt>
      <trkpt lat="61.11863" lon="8.78395">
        <ele>820.4</ele>
      </trkpt>
      <trkpt lat="61.11851" lon="8.78345">
        <ele>821.4</ele>
      </trkpt>
      <trkpt lat="61.11842" lon="8.78322">
        <ele>822.9</ele>
      </trkpt>
      <trkpt lat="61.11817" lon="8.78274">
        <ele>826.4</ele>
      </trkpt>
      <trkpt lat="61.11773" lon="8.78175">
        <ele>832.3</ele>
      </trkpt>
      <trkpt lat="61.11729" lon="8.78076">
        <ele>840.8</ele>
      </trkpt>
      <trkpt lat="61.11727" lon="8.78073">
        <ele>841.1</ele>
      </trkpt>
      <trkpt lat="61.11701" lon="8.78018">
        <ele>846.1</ele>
      </trkpt>
      <trkpt lat="61.11694" lon="8.77995">
        <ele>845.7</ele>
      </trkpt>
      <trkpt lat="61.11683" lon="8.77962">
        <ele>846.7</ele>
      </trkpt>
      <trkpt lat="61.11675" lon="8.77927">
        <ele>848.1</ele>
      </trkpt>
      <trkpt lat="61.11666" lon="8.77863">
        <ele>850.7</ele>
      </trkpt>
      <trkpt lat="61.11657" lon="8.7769">
        <ele>863.4</ele>
      </trkpt>
      <trkpt lat="61.11653" lon="8.77657">
        <ele>865.7</ele>
      </trkpt>
      <trkpt lat="61.11627" lon="8.77509">
        <ele>872.1</ele>
      </trkpt>
      <trkpt lat="61.11623" lon="8.77466">
        <ele>872.6</ele>
      </trkpt>
      <trkpt lat="61.11623" lon="8.77392">
        <ele>873.9</ele>
      </trkpt>
      <trkpt lat="61.11635" lon="8.77242">
        <ele>877.4</ele>
      </trkpt>
      <trkpt lat="61.11633" lon="8.77206">
        <ele>878.9</ele>
      </trkpt>
      <trkpt lat="61.11627" lon="8.77173">
        <ele>881.4</ele>
      </trkpt>
      <trkpt lat="61.11585" lon="8.77026">
        <ele>892.4</ele>
      </trkpt>
      <trkpt lat="61.11574" lon="8.76976">
        <ele>894.8</ele>
      </trkpt>
      <trkpt lat="61.11564" lon="8.76914">
        <ele>897.9</ele>
      </trkpt>
      <trkpt lat="61.11556" lon="8.768789">
        <ele>899.3</ele>
      </trkpt>
      <trkpt lat="61.11537" lon="8.76828">
        <ele>899.4</ele>
      </trkpt>
      <trkpt lat="61.11509" lon="8.76785">
        <ele>900.5</ele>
      </trkpt>
      <trkpt lat="61.11494" lon="8.76755">
        <ele>904.0</ele>
      </trkpt>
      <trkpt lat="61.11483" lon="8.76727">
        <ele>904.7</ele>
      </trkpt>
      <trkpt lat="61.11473" lon="8.76693">
        <ele>903.3</ele>
      </trkpt>
      <trkpt lat="61.1145" lon="8.76604">
        <ele>903.9</ele>
      </trkpt>
      <trkpt lat="61.11431" lon="8.76545">
        <ele>904.0</ele>
      </trkpt>
      <trkpt lat="61.11413" lon="8.76497">
        <ele>904.6</ele>
      </trkpt>
      <trkpt lat="61.11398" lon="8.76464">
        <ele>905.2</ele>
      </trkpt>
      <trkpt lat="61.11346" lon="8.7638">
        <ele>907.0</ele>
      </trkpt>
      <trkpt lat="61.11316" lon="8.76341">
        <ele>909.2</ele>
      </trkpt>
      <trkpt lat="61.11288" lon="8.76325">
        <ele>911.0</ele>
      </trkpt>
      <trkpt lat="61.11243" lon="8.76315">
        <ele>915.7</ele>
      </trkpt>
      <trkpt lat="61.11216" lon="8.76304">
        <ele>921.3</ele>
      </trkpt>
      <trkpt lat="61.11196" lon="8.76292">
        <ele>926.6</ele>
      </trkpt>
      <trkpt lat="61.11173" lon="8.76272">
        <ele>933.3</ele>
      </trkpt>
      <trkpt lat="61.11156" lon="8.76252">
        <ele>937.4</ele>
      </trkpt>
      <trkpt lat="61.11122" lon="8.76206">
        <ele>939.4</ele>
      </trkpt>
      <trkpt lat="61.11101" lon="8.76183">
        <ele>942.6</ele>
      </trkpt>
      <trkpt lat="61.11025" lon="8.76123">
        <ele>951.7</ele>
      </trkpt>
      <trkpt lat="61.10966" lon="8.76052">
        <ele>956.4</ele>
      </trkpt>
      <trkpt lat="61.1095" lon="8.7603">
        <ele>957.1</ele>
      </trkpt>
      <trkpt lat="61.10944" lon="8.76017">
        <ele>957.5</ele>
      </trkpt>
      <trkpt lat="61.10936" lon="8.75985">
        <ele>958.8</ele>
      </trkpt>
      <trkpt lat="61.10922" lon="8.75916">
        <ele>961.1</ele>
      </trkpt>
      <trkpt lat="61.10912" lon="8.75876">
        <ele>963.0</ele>
      </trkpt>
      <trkpt lat="61.1088" lon="8.75806">
        <ele>966.2</ele>
      </trkpt>
      <trkpt lat="61.10848" lon="8.75737">
        <ele>965.9</ele>
      </trkpt>
      <trkpt lat="61.10839" lon="8.75722">
        <ele>966.9</ele>
      </trkpt>
      <trkpt lat="61.10812" lon="8.7569">
        <ele>970.3</ele>
      </trkpt>
      <trkpt lat="61.10774" lon="8.75655">
        <ele>977.2</ele>
      </trkpt>
      <trkpt lat="61.1076" lon="8.75635">
        <ele>980.5</ele>
      </trkpt>
      <trkpt lat="61.10741" lon="8.75602">
        <ele>985.8</ele>
      </trkpt>
      <trkpt lat="61.10733" lon="8.75585">
        <ele>987.7</ele>
      </trkpt>
      <trkpt lat="61.10694" lon="8.75431">
        <ele>990.0</ele>
      </trkpt>
      <trkpt lat="61.10687" lon="8.75411">
        <ele>990.5</ele>
      </trkpt>
      <trkpt lat="61.10679" lon="8.75396">
        <ele>991.1</ele>
      </trkpt>
      <trkpt lat="61.10661" lon="8.75374">
        <ele>991.7</ele>
      </trkpt>
      <trkpt lat="61.10605" lon="8.75332">
        <ele>994.7</ele>
      </trkpt>
      <trkpt lat="61.10576" lon="8.75306">
        <ele>995.8</ele>
      </trkpt>
      <trkpt lat="61.10537" lon="8.7526">
        <ele>996.9</ele>
      </trkpt>
      <trkpt lat="61.10498" lon="8.75215">
        <ele>998.1</ele>
      </trkpt>
      <trkpt lat="61.1048" lon="8.75189">
        <ele>999.4</ele>
      </trkpt>
      <trkpt lat="61.10459" lon="8.75156">
        <ele>1000.9</ele>
      </trkpt>
      <trkpt lat="61.10413" lon="8.75062">
        <ele>1003.1</ele>
      </trkpt>
      <trkpt lat="61.10366" lon="8.74968">
        <ele>1002.2</ele>
      </trkpt>
      <trkpt lat="61.10335" lon="8.74912">
        <ele>1001.0</ele>
      </trkpt>
      <trkpt lat="61.10312" lon="8.74887">
        <ele>1001.8</ele>
      </trkpt>
      <trkpt lat="61.10257" lon="8.74845">
        <ele>1004.1</ele>
      </trkpt>
      <trkpt lat="61.10239" lon="8.748239">
        <ele>1004.8</ele>
      </trkpt>
      <trkpt lat="61.10214" lon="8.74786">
        <ele>1004.6</ele>
      </trkpt>
      <trkpt lat="61.10198" lon="8.74773">
        <ele>1003.9</ele>
      </trkpt>
      <trkpt lat="61.10182" lon="8.74767">
        <ele>1003.0</ele>
      </trkpt>
      <trkpt lat="61.10166" lon="8.74768">
        <ele>1001.9</ele>
      </trkpt>
      <trkpt lat="61.10095" lon="8.74797">
        <ele>1005.3</ele>
      </trkpt>
      <trkpt lat="61.10069" lon="8.74787">
        <ele>1009.2</ele>
      </trkpt>
      <trkpt lat="61.10049" lon="8.74769">
        <ele>1013.5</ele>
      </trkpt>
      <trkpt lat="61.10001" lon="8.74719">
        <ele>1019.5</ele>
      </trkpt>
      <trkpt lat="61.09954" lon="8.746689">
        <ele>1018.3</ele>
      </trkpt>
      <trkpt lat="61.09914" lon="8.74605">
        <ele>1013.1</ele>
      </trkpt>
      <trkpt lat="61.09897" lon="8.74571">
        <ele>1011.0</ele>
      </trkpt>
      <trkpt lat="61.09877" lon="8.74543">
        <ele>1010.0</ele>
      </trkpt>
      <trkpt lat="61.0982" lon="8.74487">
        <ele>1012.0</ele>
      </trkpt>
      <trkpt lat="61.09806" lon="8.7447">
        <ele>1014.8</ele>
      </trkpt>
      <trkpt lat="61.09784" lon="8.744389">
        <ele>1020.5</ele>
      </trkpt>
      <trkpt lat="61.09741" lon="8.7436">
        <ele>1027.6</ele>
      </trkpt>
      <trkpt lat="61.09698" lon="8.74282">
        <ele>1031.8</ele>
      </trkpt>
      <trkpt lat="61.09639" lon="8.74182">
        <ele>1022.5</ele>
      </trkpt>
      <trkpt lat="61.09605" lon="8.74109">
        <ele>1017.1</ele>
      </trkpt>
      <trkpt lat="61.09582" lon="8.74074">
        <ele>1014.4</ele>
      </trkpt>
      <trkpt lat="61.09543" lon="8.74027">
        <ele>1013.9</ele>
      </trkpt>
      <trkpt lat="61.09503" lon="8.7398">
        <ele>1018.4</ele>
      </trkpt>
      <trkpt lat="61.09491" lon="8.7396">
        <ele>1019.1</ele>
      </trkpt>
      <trkpt lat="61.0947" lon="8.73921">
        <ele>1020.0</ele>
      </trkpt>
      <trkpt lat="61.09451" lon="8.73892">
        <ele>1018.5</ele>
      </trkpt>
      <trkpt lat="61.09429" lon="8.73863">
        <ele>1013.3</ele>
      </trkpt>
      <trkpt lat="61.09404" lon="8.7384">
        <ele>1009.7</ele>
      </trkpt>
      <trkpt lat="61.09393" lon="8.73833">
        <ele>1009.3</ele>
      </trkpt>
      <trkpt lat="61.09351" lon="8.73825">
        <ele>1007.7</ele>
      </trkpt>
      <trkpt lat="61.09275" lon="8.73802">
        <ele>1010.6</ele>
      </trkpt>
      <trkpt lat="61.09244" lon="8.738009">
        <ele>1011.0</ele>
      </trkpt>
      <trkpt lat="61.09181" lon="8.7382">
        <ele>1003.0</ele>
      </trkpt>
      <trkpt lat="61.09118" lon="8.73839">
        <ele>988.9</ele>
      </trkpt>
      <trkpt lat="61.09099" lon="8.7384">
        <ele>990.8</ele>
      </trkpt>
      <trkpt lat="61.0908" lon="8.73836">
        <ele>993.0</ele>
      </trkpt>
      <trkpt lat="61.0906" lon="8.7383">
        <ele>992.9</ele>
      </trkpt>
      <trkpt lat="61.09042" lon="8.73819">
        <ele>990.1</ele>
      </trkpt>
      <trkpt lat="61.09042" lon="8.73873">
        <ele>991.9</ele>
      </trkpt>
      <trkpt lat="61.09038" lon="8.739089">
        <ele>991.4</ele>
      </trkpt>
      <trkpt lat="61.09033" lon="8.73942">
        <ele>990.8</ele>
      </trkpt>
      <trkpt lat="61.09023" lon="8.73972">
        <ele>990.5</ele>
      </trkpt>
      <trkpt lat="61.08966" lon="8.74058">
        <ele>983.3</ele>
      </trkpt>
      <trkpt lat="61.08953" lon="8.74082">
        <ele>983.5</ele>
      </trkpt>
      <trkpt lat="61.08914" lon="8.74177">
        <ele>986.9</ele>
      </trkpt>
      <trkpt lat="61.08902" lon="8.74198">
        <ele>988.3</ele>
      </trkpt>
      <trkpt lat="61.08877" lon="8.7423">
        <ele>989.8</ele>
      </trkpt>
      <trkpt lat="61.08851" lon="8.74258">
        <ele>987.4</ele>
      </trkpt>
      <trkpt lat="61.08805" lon="8.74295">
        <ele>984.5</ele>
      </trkpt>
      <trkpt lat="61.08786" lon="8.743169">
        <ele>983.6</ele>
      </trkpt>
      <trkpt lat="61.08767" lon="8.74349">
        <ele>983.2</ele>
      </trkpt>
      <trkpt lat="61.08729" lon="8.74419">
        <ele>984.1</ele>
      </trkpt>
      <trkpt lat="61.08717" lon="8.744389">
        <ele>984.1</ele>
      </trkpt>
      <trkpt lat="61.08702" lon="8.74456">
        <ele>984.4</ele>
      </trkpt>
      <trkpt lat="61.08685" lon="8.744719">
        <ele>984.2</ele>
      </trkpt>
      <trkpt lat="61.08638" lon="8.74497">
        <ele>984.3</ele>
      </trkpt>
      <trkpt lat="61.08591" lon="8.74522">
        <ele>984.1</ele>
      </trkpt>
      <trkpt lat="61.08536" lon="8.74555">
        <ele>984.3</ele>
      </trkpt>
      <trkpt lat="61.0848" lon="8.74589">
        <ele>984.1</ele>
      </trkpt>
      <trkpt lat="61.08448" lon="8.74612">
        <ele>987.2</ele>
      </trkpt>
      <trkpt lat="61.0838" lon="8.74667">
        <ele>988.2</ele>
      </trkpt>
      <trkpt lat="61.08311" lon="8.74723">
        <ele>988.5</ele>
      </trkpt>
      <trkpt lat="61.08262" lon="8.74753">
        <ele>988.5</ele>
      </trkpt>
      <trkpt lat="61.08213" lon="8.74783">
        <ele>987.9</ele>
      </trkpt>
      <trkpt lat="61.08182" lon="8.74806">
        <ele>989.4</ele>
      </trkpt>
      <trkpt lat="61.08152" lon="8.74834">
        <ele>990.0</ele>
      </trkpt>
      <trkpt lat="61.08103" lon="8.74889">
        <ele>987.7</ele>
      </trkpt>
      <trkpt lat="61.08066" lon="8.749459">
        <ele>987.6</ele>
      </trkpt>
      <trkpt lat="61.08028" lon="8.75004">
        <ele>988.1</ele>
      </trkpt>
      <trkpt lat="61.0798" lon="8.75088">
        <ele>987.0</ele>
      </trkpt>
      <trkpt lat="61.07932" lon="8.75173">
        <ele>985.6</ele>
      </trkpt>
      <trkpt lat="61.07912" lon="8.75197">
        <ele>986.2</ele>
      </trkpt>
      <trkpt lat="61.07888" lon="8.752179">
        <ele>987.3</ele>
      </trkpt>
      <trkpt lat="61.07867" lon="8.7524">
        <ele>987.1</ele>
      </trkpt>
      <trkpt lat="61.07799" lon="8.75327">
        <ele>980.8</ele>
      </trkpt>
      <trkpt lat="61.07732" lon="8.754149">
        <ele>973.3</ele>
      </trkpt>
      <trkpt lat="61.07665" lon="8.75503">
        <ele>971.7</ele>
      </trkpt>
      <trkpt lat="61.07629" lon="8.75561">
        <ele>974.9</ele>
      </trkpt>
      <trkpt lat="61.07593" lon="8.75619">
        <ele>977.8</ele>
      </trkpt>
      <trkpt lat="61.07578" lon="8.75651">
        <ele>978.6</ele>
      </trkpt>
      <trkpt lat="61.07564" lon="8.75689">
        <ele>978.9</ele>
      </trkpt>
      <trkpt lat="61.07534" lon="8.75797">
        <ele>980.4</ele>
      </trkpt>
      <trkpt lat="61.07505" lon="8.75905">
        <ele>983.2</ele>
      </trkpt>
      <trkpt lat="61.07471" lon="8.76045">
        <ele>986.9</ele>
      </trkpt>
      <trkpt lat="61.07425" lon="8.76197">
        <ele>986.0</ele>
      </trkpt>
      <trkpt lat="61.07379" lon="8.76335">
        <ele>985.0</ele>
      </trkpt>
      <trkpt lat="61.07347" lon="8.76422">
        <ele>984.0</ele>
      </trkpt>
      <trkpt lat="61.07296" lon="8.76536">
        <ele>981.1</ele>
      </trkpt>
      <trkpt lat="61.07274" lon="8.76586">
        <ele>980.6</ele>
      </trkpt>
      <trkpt lat="61.07231" lon="8.76673">
        <ele>982.4</ele>
      </trkpt>
      <trkpt lat="61.07212" lon="8.76723">
        <ele>982.8</ele>
      </trkpt>
      <trkpt lat="61.07171" lon="8.76853">
        <ele>984.4</ele>
      </trkpt>
      <trkpt lat="61.0713" lon="8.76982">
        <ele>990.0</ele>
      </trkpt>
      <trkpt lat="61.07103" lon="8.77069">
        <ele>992.2</ele>
      </trkpt>
      <trkpt lat="61.07077" lon="8.771559">
        <ele>994.7</ele>
      </trkpt>
      <trkpt lat="61.07045" lon="8.77241">
        <ele>997.3</ele>
      </trkpt>
      <trkpt lat="61.07014" lon="8.77325">
        <ele>1000.4</ele>
      </trkpt>
      <trkpt lat="61.06998" lon="8.77363">
        <ele>1001.4</ele>
      </trkpt>
      <trkpt lat="61.06967" lon="8.774279">
        <ele>1002.4</ele>
      </trkpt>
      <trkpt lat="61.06905" lon="8.77548">
        <ele>1003.3</ele>
      </trkpt>
      <trkpt lat="61.06883" lon="8.77593">
        <ele>1004.0</ele>
      </trkpt>
      <trkpt lat="61.06873" lon="8.77627">
        <ele>1004.9</ele>
      </trkpt>
      <trkpt lat="61.06864" lon="8.77675">
        <ele>1006.0</ele>
      </trkpt>
      <trkpt lat="61.06859" lon="8.77735">
        <ele>1007.8</ele>
      </trkpt>
      <trkpt lat="61.06851" lon="8.77773">
        <ele>1008.3</ele>
      </trkpt>
      <trkpt lat="61.0684" lon="8.77791">
        <ele>1007.2</ele>
      </trkpt>
      <trkpt lat="61.06819" lon="8.77812">
        <ele>1005.7</ele>
      </trkpt>
      <trkpt lat="61.06774" lon="8.778409">
        <ele>1001.6</ele>
      </trkpt>
      <trkpt lat="61.06764" lon="8.7785">
        <ele>1001.1</ele>
      </trkpt>
      <trkpt lat="61.06746" lon="8.77873">
        <ele>1000.0</ele>
      </trkpt>
      <trkpt lat="61.06726" lon="8.77895">
        <ele>999.0</ele>
      </trkpt>
      <trkpt lat="61.06696" lon="8.7791">
        <ele>996.9</ele>
      </trkpt>
      <trkpt lat="61.06628" lon="8.77983">
        <ele>990.5</ele>
      </trkpt>
      <trkpt lat="61.06593" lon="8.78028">
        <ele>986.5</ele>
      </trkpt>
      <trkpt lat="61.06576" lon="8.78059">
        <ele>985.3</ele>
      </trkpt>
      <trkpt lat="61.06548" lon="8.78117">
        <ele>982.8</ele>
      </trkpt>
      <trkpt lat="61.06528" lon="8.7815">
        <ele>981.0</ele>
      </trkpt>
      <trkpt lat="61.06517" lon="8.78173">
        <ele>979.4</ele>
      </trkpt>
      <trkpt lat="61.06509" lon="8.78205">
        <ele>978.3</ele>
      </trkpt>
      <trkpt lat="61.06495" lon="8.78292">
        <ele>977.6</ele>
      </trkpt>
      <trkpt lat="61.06486" lon="8.78341">
        <ele>975.8</ele>
      </trkpt>
      <trkpt lat="61.06481" lon="8.78355">
        <ele>975.4</ele>
      </trkpt>
      <trkpt lat="61.06468" lon="8.78384">
        <ele>973.8</ele>
      </trkpt>
      <trkpt lat="61.06461" lon="8.78397">
        <ele>972.6</ele>
      </trkpt>
      <trkpt lat="61.06445" lon="8.78416">
        <ele>970.6</ele>
      </trkpt>
      <trkpt lat="61.06427" lon="8.78433">
        <ele>968.3</ele>
      </trkpt>
      <trkpt lat="61.06388" lon="8.78462">
        <ele>963.3</ele>
      </trkpt>
      <trkpt lat="61.06372" lon="8.78482">
        <ele>960.9</ele>
      </trkpt>
      <trkpt lat="61.06335" lon="8.78541">
        <ele>957.1</ele>
      </trkpt>
      <trkpt lat="61.06298" lon="8.786">
        <ele>955.2</ele>
      </trkpt>
      <trkpt lat="61.06257" lon="8.787">
        <ele>956.6</ele>
      </trkpt>
      <trkpt lat="61.0624" lon="8.78747">
        <ele>953.6</ele>
      </trkpt>
      <trkpt lat="61.06213" lon="8.78844">
        <ele>948.5</ele>
      </trkpt>
      <trkpt lat="61.06204" lon="8.78867">
        <ele>947.5</ele>
      </trkpt>
      <trkpt lat="61.06188" lon="8.78898">
        <ele>945.6</ele>
      </trkpt>
      <trkpt lat="61.06174" lon="8.78915">
        <ele>944.1</ele>
      </trkpt>
      <trkpt lat="61.06131" lon="8.78951">
        <ele>940.6</ele>
      </trkpt>
      <trkpt lat="61.06088" lon="8.78987">
        <ele>939.0</ele>
      </trkpt>
      <trkpt lat="61.06044" lon="8.79027">
        <ele>937.5</ele>
      </trkpt>
      <trkpt lat="61.05977" lon="8.791029">
        <ele>930.2</ele>
      </trkpt>
      <trkpt lat="61.05962" lon="8.79118">
        <ele>929.2</ele>
      </trkpt>
      <trkpt lat="61.05941" lon="8.79135">
        <ele>928.4</ele>
      </trkpt>
      <trkpt lat="61.05917" lon="8.79135">
        <ele>928.0</ele>
      </trkpt>
      <trkpt lat="61.05911" lon="8.79133">
        <ele>928.0</ele>
      </trkpt>
      <trkpt lat="61.05874" lon="8.791029">
        <ele>928.0</ele>
      </trkpt>
      <trkpt lat="61.05864" lon="8.79097">
        <ele>928.0</ele>
      </trkpt>
      <trkpt lat="61.05839" lon="8.79098">
        <ele>927.7</ele>
      </trkpt>
      <trkpt lat="61.05808" lon="8.791219">
        <ele>927.5</ele>
      </trkpt>
      <trkpt lat="61.05794" lon="8.79143">
        <ele>927.7</ele>
      </trkpt>
      <trkpt lat="61.05785" lon="8.79163">
        <ele>927.8</ele>
      </trkpt>
      <trkpt lat="61.05777" lon="8.79195">
        <ele>927.7</ele>
      </trkpt>
      <trkpt lat="61.05773" lon="8.792299">
        <ele>928.0</ele>
      </trkpt>
      <trkpt lat="61.05769" lon="8.79338">
        <ele>928.1</ele>
      </trkpt>
      <trkpt lat="61.05765" lon="8.79446">
        <ele>923.6</ele>
      </trkpt>
      <trkpt lat="61.05758" lon="8.79561">
        <ele>924.0</ele>
      </trkpt>
      <trkpt lat="61.05759" lon="8.79622">
        <ele>923.3</ele>
      </trkpt>
      <trkpt lat="61.05771" lon="8.79741">
        <ele>919.8</ele>
      </trkpt>
      <trkpt lat="61.05775" lon="8.79797">
        <ele>917.8</ele>
      </trkpt>
      <trkpt lat="61.05774" lon="8.79872">
        <ele>915.1</ele>
      </trkpt>
      <trkpt lat="61.05771" lon="8.79932">
        <ele>913.2</ele>
      </trkpt>
      <trkpt lat="61.05768" lon="8.799569">
        <ele>913.0</ele>
      </trkpt>
      <trkpt lat="61.05761" lon="8.79995">
        <ele>912.0</ele>
      </trkpt>
      <trkpt lat="61.05749" lon="8.80044">
        <ele>911.0</ele>
      </trkpt>
      <trkpt lat="61.05728" lon="8.80106">
        <ele>911.0</ele>
      </trkpt>
      <trkpt lat="61.05696" lon="8.80175">
        <ele>911.9</ele>
      </trkpt>
      <trkpt lat="61.05646" lon="8.80294">
        <ele>911.2</ele>
      </trkpt>
      <trkpt lat="61.05596" lon="8.80414">
        <ele>912.1</ele>
      </trkpt>
      <trkpt lat="61.05562" lon="8.80495">
        <ele>913.2</ele>
      </trkpt>
      <trkpt lat="61.05528" lon="8.80576">
        <ele>913.5</ele>
      </trkpt>
      <trkpt lat="61.05504" lon="8.80627">
        <ele>911.6</ele>
      </trkpt>
      <trkpt lat="61.05477" lon="8.80672">
        <ele>909.5</ele>
      </trkpt>
      <trkpt lat="61.0542" lon="8.80756">
        <ele>914.4</ele>
      </trkpt>
      <trkpt lat="61.0535" lon="8.8087">
        <ele>923.1</ele>
      </trkpt>
      <trkpt lat="61.05327" lon="8.80949">
        <ele>926.2</ele>
      </trkpt>
      <trkpt lat="61.05305" lon="8.81071">
        <ele>920.0</ele>
      </trkpt>
      <trkpt lat="61.05283" lon="8.81193">
        <ele>916.4</ele>
      </trkpt>
      <trkpt lat="61.0526" lon="8.81315">
        <ele>913.9</ele>
      </trkpt>
      <trkpt lat="61.05251" lon="8.8134">
        <ele>914.2</ele>
      </trkpt>
      <trkpt lat="61.05232" lon="8.813739">
        <ele>915.8</ele>
      </trkpt>
      <trkpt lat="61.05203" lon="8.81406">
        <ele>919.5</ele>
      </trkpt>
      <trkpt lat="61.05191" lon="8.81423">
        <ele>920.0</ele>
      </trkpt>
      <trkpt lat="61.05168" lon="8.81467">
        <ele>919.9</ele>
      </trkpt>
      <trkpt lat="61.0515" lon="8.81509">
        <ele>916.8</ele>
      </trkpt>
      <trkpt lat="61.05132" lon="8.81564">
        <ele>910.9</ele>
      </trkpt>
      <trkpt lat="61.05123" lon="8.81599">
        <ele>910.3</ele>
      </trkpt>
      <trkpt lat="61.05112" lon="8.81657">
        <ele>908.7</ele>
      </trkpt>
      <trkpt lat="61.05106" lon="8.81699">
        <ele>908.9</ele>
      </trkpt>
      <trkpt lat="61.05092" lon="8.81767">
        <ele>908.1</ele>
      </trkpt>
      <trkpt lat="61.05077" lon="8.81816">
        <ele>904.1</ele>
      </trkpt>
      <trkpt lat="61.05062" lon="8.81847">
        <ele>903.4</ele>
      </trkpt>
      <trkpt lat="61.05026" lon="8.81917">
        <ele>911.2</ele>
      </trkpt>
      <trkpt lat="61.05008" lon="8.81961">
        <ele>912.9</ele>
      </trkpt>
      <trkpt lat="61.04998" lon="8.819889">
        <ele>912.6</ele>
      </trkpt>
      <trkpt lat="61.04966" lon="8.82133">
        <ele>904.8</ele>
      </trkpt>
      <trkpt lat="61.04928" lon="8.82255">
        <ele>910.7</ele>
      </trkpt>
      <trkpt lat="61.04894" lon="8.8234">
        <ele>915.0</ele>
      </trkpt>
      <trkpt lat="61.04866" lon="8.82401">
        <ele>916.2</ele>
      </trkpt>
      <trkpt lat="61.04839" lon="8.82457">
        <ele>917.2</ele>
      </trkpt>
      <trkpt lat="61.04784" lon="8.82549">
        <ele>919.1</ele>
      </trkpt>
      <trkpt lat="61.0473" lon="8.82642">
        <ele>917.3</ele>
      </trkpt>
      <trkpt lat="61.04681" lon="8.82711">
        <ele>920.7</ele>
      </trkpt>
      <trkpt lat="61.04652" lon="8.82766">
        <ele>923.1</ele>
      </trkpt>
      <trkpt lat="61.04641" lon="8.82792">
        <ele>924.1</ele>
      </trkpt>
      <trkpt lat="61.04621" lon="8.82859">
        <ele>922.1</ele>
      </trkpt>
      <trkpt lat="61.04605" lon="8.829">
        <ele>922.8</ele>
      </trkpt>
      <trkpt lat="61.04567" lon="8.82964">
        <ele>924.1</ele>
      </trkpt>
      <trkpt lat="61.04556" lon="8.82988">
        <ele>924.0</ele>
      </trkpt>
      <trkpt lat="61.04548" lon="8.83017">
        <ele>923.9</ele>
      </trkpt>
      <trkpt lat="61.0454" lon="8.83057">
        <ele>923.0</ele>
      </trkpt>
      <trkpt lat="61.04537" lon="8.83095">
        <ele>922.8</ele>
      </trkpt>
      <trkpt lat="61.04537" lon="8.83156">
        <ele>920.7</ele>
      </trkpt>
      <trkpt lat="61.0454" lon="8.83174">
        <ele>920.2</ele>
      </trkpt>
      <trkpt lat="61.04544" lon="8.83196">
        <ele>919.4</ele>
      </trkpt>
      <trkpt lat="61.04571" lon="8.83252">
        <ele>914.7</ele>
      </trkpt>
      <trkpt lat="61.04577" lon="8.83269">
        <ele>912.9</ele>
      </trkpt>
      <trkpt lat="61.04584" lon="8.833">
        <ele>911.0</ele>
      </trkpt>
      <trkpt lat="61.04586" lon="8.83314">
        <ele>910.1</ele>
      </trkpt>
      <trkpt lat="61.04586" lon="8.83353">
        <ele>908.0</ele>
      </trkpt>
      <trkpt lat="61.04582" lon="8.833869">
        <ele>907.4</ele>
      </trkpt>
      <trkpt lat="61.04569" lon="8.83426">
        <ele>907.2</ele>
      </trkpt>
      <trkpt lat="61.0453" lon="8.83482">
        <ele>904.8</ele>
      </trkpt>
      <trkpt lat="61.04481" lon="8.83565">
        <ele>899.3</ele>
      </trkpt>
      <trkpt lat="61.04473" lon="8.83576">
        <ele>898.8</ele>
      </trkpt>
      <trkpt lat="61.04445" lon="8.83595">
        <ele>898.6</ele>
      </trkpt>
      <trkpt lat="61.0439" lon="8.83616">
        <ele>901.7</ele>
      </trkpt>
      <trkpt lat="61.04373" lon="8.8363">
        <ele>903.1</ele>
      </trkpt>
      <trkpt lat="61.04366" lon="8.83646">
        <ele>903.5</ele>
      </trkpt>
      <trkpt lat="61.04365" lon="8.83656">
        <ele>903.4</ele>
      </trkpt>
      <trkpt lat="61.04366" lon="8.83675">
        <ele>903.0</ele>
      </trkpt>
      <trkpt lat="61.04372" lon="8.83705">
        <ele>902.3</ele>
      </trkpt>
      <trkpt lat="61.0438" lon="8.83778">
        <ele>900.6</ele>
      </trkpt>
      <trkpt lat="61.04381" lon="8.83832">
        <ele>900.2</ele>
      </trkpt>
      <trkpt lat="61.04379" lon="8.83881">
        <ele>899.9</ele>
      </trkpt>
      <trkpt lat="61.04375" lon="8.83931">
        <ele>899.0</ele>
      </trkpt>
      <trkpt lat="61.04369" lon="8.83954">
        <ele>899.0</ele>
      </trkpt>
      <trkpt lat="61.04356" lon="8.83994">
        <ele>899.0</ele>
      </trkpt>
      <trkpt lat="61.04344" lon="8.84018">
        <ele>899.1</ele>
      </trkpt>
      <trkpt lat="61.04328" lon="8.84045">
        <ele>900.0</ele>
      </trkpt>
      <trkpt lat="61.04311" lon="8.84065">
        <ele>900.0</ele>
      </trkpt>
      <trkpt lat="61.04291" lon="8.84096">
        <ele>900.9</ele>
      </trkpt>
      <trkpt lat="61.04252" lon="8.84172">
        <ele>901.7</ele>
      </trkpt>
      <trkpt lat="61.04222" lon="8.84235">
        <ele>904.4</ele>
      </trkpt>
      <trkpt lat="61.04204" lon="8.84286">
        <ele>907.9</ele>
      </trkpt>
      <trkpt lat="61.04194" lon="8.8432">
        <ele>910.1</ele>
      </trkpt>
      <trkpt lat="61.04176" lon="8.84404">
        <ele>913.5</ele>
      </trkpt>
      <trkpt lat="61.04163" lon="8.84506">
        <ele>912.5</ele>
      </trkpt>
      <trkpt lat="61.04157" lon="8.84528">
        <ele>912.2</ele>
      </trkpt>
      <trkpt lat="61.04125" lon="8.84597">
        <ele>912.0</ele>
      </trkpt>
      <trkpt lat="61.04115" lon="8.84632">
        <ele>911.1</ele>
      </trkpt>
      <trkpt lat="61.04113" lon="8.84652">
        <ele>910.5</ele>
      </trkpt>
      <trkpt lat="61.04111" lon="8.84704">
        <ele>910.1</ele>
      </trkpt>
      <trkpt lat="61.0411" lon="8.84842">
        <ele>908.2</ele>
      </trkpt>
      <trkpt lat="61.04109" lon="8.84868">
        <ele>907.3</ele>
      </trkpt>
      <trkpt lat="61.04107" lon="8.848839">
        <ele>906.7</ele>
      </trkpt>
      <trkpt lat="61.04091" lon="8.84921">
        <ele>905.3</ele>
      </trkpt>
      <trkpt lat="61.04052" lon="8.84991">
        <ele>903.5</ele>
      </trkpt>
      <trkpt lat="61.04013" lon="8.85062">
        <ele>906.1</ele>
      </trkpt>
      <trkpt lat="61.04005" lon="8.85077">
        <ele>907.2</ele>
      </trkpt>
      <trkpt lat="61.03999" lon="8.850949">
        <ele>908.5</ele>
      </trkpt>
      <trkpt lat="61.03993" lon="8.85125">
        <ele>910.0</ele>
      </trkpt>
      <trkpt lat="61.03989" lon="8.85183">
        <ele>911.8</ele>
      </trkpt>
      <trkpt lat="61.03984" lon="8.85343">
        <ele>914.2</ele>
      </trkpt>
      <trkpt lat="61.03981" lon="8.85382">
        <ele>913.3</ele>
      </trkpt>
      <trkpt lat="61.0398" lon="8.854189">
        <ele>912.6</ele>
      </trkpt>
      <trkpt lat="61.03984" lon="8.8544">
        <ele>911.7</ele>
      </trkpt>
      <trkpt lat="61.03965" lon="8.85436">
        <ele>912.6</ele>
      </trkpt>
      <trkpt lat="61.03945" lon="8.85422">
        <ele>913.8</ele>
      </trkpt>
      <trkpt lat="61.03912" lon="8.8541">
        <ele>915.4</ele>
      </trkpt>
      <trkpt lat="61.03891" lon="8.85396">
        <ele>916.8</ele>
      </trkpt>
      <trkpt lat="61.03876" lon="8.85381">
        <ele>918.5</ele>
      </trkpt>
      <trkpt lat="61.03852" lon="8.85337">
        <ele>922.0</ele>
      </trkpt>
      <trkpt lat="61.03826" lon="8.85276">
        <ele>925.3</ele>
      </trkpt>
      <trkpt lat="61.03788" lon="8.85211">
        <ele>927.0</ele>
      </trkpt>
      <trkpt lat="61.03777" lon="8.85199">
        <ele>927.0</ele>
      </trkpt>
      <trkpt lat="61.03765" lon="8.85196">
        <ele>927.0</ele>
      </trkpt>
      <trkpt lat="61.03706" lon="8.85198">
        <ele>925.9</ele>
      </trkpt>
      <trkpt lat="61.03693" lon="8.85201">
        <ele>925.4</ele>
      </trkpt>
      <trkpt lat="61.03662" lon="8.85219">
        <ele>925.0</ele>
      </trkpt>
      <trkpt lat="61.03625" lon="8.85216">
        <ele>924.3</ele>
      </trkpt>
      <trkpt lat="61.0361" lon="8.85212">
        <ele>924.1</ele>
      </trkpt>
      <trkpt lat="61.03595" lon="8.85204">
        <ele>924.1</ele>
      </trkpt>
      <trkpt lat="61.03541" lon="8.85149">
        <ele>925.0</ele>
      </trkpt>
      <trkpt lat="61.03486" lon="8.85094">
        <ele>924.0</ele>
      </trkpt>
      <trkpt lat="61.03476" lon="8.8509">
        <ele>923.2</ele>
      </trkpt>
      <trkpt lat="61.03428" lon="8.85117">
        <ele>920.6</ele>
      </trkpt>
      <trkpt lat="61.03397" lon="8.85146">
        <ele>920.8</ele>
      </trkpt>
      <trkpt lat="61.03373" lon="8.851749">
        <ele>921.0</ele>
      </trkpt>
      <trkpt lat="61.03345" lon="8.85187">
        <ele>921.0</ele>
      </trkpt>
      <trkpt lat="61.03302" lon="8.85185">
        <ele>920.2</ele>
      </trkpt>
      <trkpt lat="61.03265" lon="8.85177">
        <ele>919.0</ele>
      </trkpt>
      <trkpt lat="61.03243" lon="8.85167">
        <ele>918.2</ele>
      </trkpt>
      <trkpt lat="61.03214" lon="8.85169">
        <ele>917.7</ele>
      </trkpt>
      <trkpt lat="61.03207" lon="8.85176">
        <ele>917.8</ele>
      </trkpt>
      <trkpt lat="61.03192" lon="8.852">
        <ele>917.8</ele>
      </trkpt>
      <trkpt lat="61.03179" lon="8.85208">
        <ele>917.9</ele>
      </trkpt>
      <trkpt lat="61.03165" lon="8.85224">
        <ele>917.4</ele>
      </trkpt>
      <trkpt lat="61.03145" lon="8.85238">
        <ele>916.8</ele>
      </trkpt>
      <trkpt lat="61.03111" lon="8.8535">
        <ele>916.5</ele>
      </trkpt>
      <trkpt lat="61.031" lon="8.85401">
        <ele>916.9</ele>
      </trkpt>
      <trkpt lat="61.03085" lon="8.854469">
        <ele>916.8</ele>
      </trkpt>
      <trkpt lat="61.03078" lon="8.85542">
        <ele>918.3</ele>
      </trkpt>
      <trkpt lat="61.03071" lon="8.85636">
        <ele>919.4</ele>
      </trkpt>
      <trkpt lat="61.03068" lon="8.85698">
        <ele>919.9</ele>
      </trkpt>
      <trkpt lat="61.0305" lon="8.85778">
        <ele>921.1</ele>
      </trkpt>
      <trkpt lat="61.03042" lon="8.85844">
        <ele>922.9</ele>
      </trkpt>
      <trkpt lat="61.03022" lon="8.85889">
        <ele>923.1</ele>
      </trkpt>
      <trkpt lat="61.02997" lon="8.85927">
        <ele>923.6</ele>
      </trkpt>
      <trkpt lat="61.02953" lon="8.86006">
        <ele>923.8</ele>
      </trkpt>
      <trkpt lat="61.02917" lon="8.86078">
        <ele>923.3</ele>
      </trkpt>
      <trkpt lat="61.02894" lon="8.8617">
        <ele>923.4</ele>
      </trkpt>
      <trkpt lat="61.02894" lon="8.86239">
        <ele>923.8</ele>
      </trkpt>
      <trkpt lat="61.0289" lon="8.86309">
        <ele>924.9</ele>
      </trkpt>
      <trkpt lat="61.02873" lon="8.86346">
        <ele>923.9</ele>
      </trkpt>
      <trkpt lat="61.02856" lon="8.864">
        <ele>923.5</ele>
      </trkpt>
      <trkpt lat="61.02849" lon="8.86442">
        <ele>923.6</ele>
      </trkpt>
      <trkpt lat="61.02841" lon="8.8646">
        <ele>923.4</ele>
      </trkpt>
      <trkpt lat="61.02831" lon="8.86467">
        <ele>922.7</ele>
      </trkpt>
      <trkpt lat="61.02806" lon="8.86466">
        <ele>920.3</ele>
      </trkpt>
      <trkpt lat="61.02787" lon="8.86472">
        <ele>919.2</ele>
      </trkpt>
      <trkpt lat="61.02775" lon="8.86481">
        <ele>918.6</ele>
      </trkpt>
      <trkpt lat="61.02762" lon="8.86501">
        <ele>918.4</ele>
      </trkpt>
      <trkpt lat="61.0274" lon="8.86564">
        <ele>920.9</ele>
      </trkpt>
      <trkpt lat="61.02731" lon="8.86604">
        <ele>920.6</ele>
      </trkpt>
      <trkpt lat="61.02702" lon="8.86659">
        <ele>917.5</ele>
      </trkpt>
      <trkpt lat="61.02683" lon="8.86713">
        <ele>916.3</ele>
      </trkpt>
      <trkpt lat="61.02665" lon="8.86747">
        <ele>914.3</ele>
      </trkpt>
      <trkpt lat="61.0265" lon="8.86766">
        <ele>912.9</ele>
      </trkpt>
      <trkpt lat="61.02641" lon="8.86802">
        <ele>913.2</ele>
      </trkpt>
      <trkpt lat="61.0261" lon="8.86915">
        <ele>913.1</ele>
      </trkpt>
      <trkpt lat="61.02599" lon="8.86966">
        <ele>913.2</ele>
      </trkpt>
      <trkpt lat="61.02588" lon="8.8704">
        <ele>912.7</ele>
      </trkpt>
      <trkpt lat="61.0256" lon="8.871829">
        <ele>909.0</ele>
      </trkpt>
      <trkpt lat="61.0255" lon="8.87257">
        <ele>907.9</ele>
      </trkpt>
      <trkpt lat="61.02547" lon="8.87295">
        <ele>906.8</ele>
      </trkpt>
      <trkpt lat="61.02546" lon="8.87335">
        <ele>906.1</ele>
      </trkpt>
      <trkpt lat="61.02548" lon="8.87376">
        <ele>905.9</ele>
      </trkpt>
      <trkpt lat="61.02554" lon="8.87415">
        <ele>905.3</ele>
      </trkpt>
      <trkpt lat="61.02589" lon="8.87554">
        <ele>907.1</ele>
      </trkpt>
      <trkpt lat="61.026" lon="8.87591">
        <ele>907.7</ele>
      </trkpt>
      <trkpt lat="61.02639" lon="8.876849">
        <ele>910.4</ele>
      </trkpt>
      <trkpt lat="61.02648" lon="8.87738">
        <ele>909.3</ele>
      </trkpt>
      <trkpt lat="61.02654" lon="8.87761">
        <ele>908.3</ele>
      </trkpt>
      <trkpt lat="61.02688" lon="8.87864">
        <ele>902.8</ele>
      </trkpt>
      <trkpt lat="61.02694" lon="8.87877">
        <ele>901.8</ele>
      </trkpt>
      <trkpt lat="61.02703" lon="8.87884">
        <ele>901.3</ele>
      </trkpt>
      <trkpt lat="61.02731" lon="8.87886">
        <ele>901.5</ele>
      </trkpt>
      <trkpt lat="61.02751" lon="8.87894">
        <ele>901.9</ele>
      </trkpt>
      <trkpt lat="61.02776" lon="8.87912">
        <ele>901.5</ele>
      </trkpt>
      <trkpt lat="61.02788" lon="8.879289">
        <ele>900.9</ele>
      </trkpt>
      <trkpt lat="61.02792" lon="8.87954">
        <ele>900.2</ele>
      </trkpt>
      <trkpt lat="61.02797" lon="8.880699">
        <ele>899.0</ele>
      </trkpt>
      <trkpt lat="61.02802" lon="8.8811">
        <ele>898.2</ele>
      </trkpt>
      <trkpt lat="61.02813" lon="8.88149">
        <ele>897.8</ele>
      </trkpt>
      <trkpt lat="61.02828" lon="8.88187">
        <ele>895.4</ele>
      </trkpt>
      <trkpt lat="61.02848" lon="8.88222">
        <ele>891.9</ele>
      </trkpt>
      <trkpt lat="61.0287" lon="8.88251">
        <ele>887.6</ele>
      </trkpt>
      <trkpt lat="61.02894" lon="8.88276">
        <ele>882.8</ele>
      </trkpt>
      <trkpt lat="61.02927" lon="8.882999">
        <ele>878.3</ele>
      </trkpt>
      <trkpt lat="61.0294" lon="8.88306">
        <ele>877.7</ele>
      </trkpt>
      <trkpt lat="61.02977" lon="8.88315">
        <ele>879.0</ele>
      </trkpt>
      <trkpt lat="61.02968" lon="8.88351">
        <ele>879.5</ele>
      </trkpt>
      <trkpt lat="61.02895" lon="8.88455">
        <ele>879.7</ele>
      </trkpt>
      <trkpt lat="61.02861" lon="8.88517">
        <ele>879.6</ele>
      </trkpt>
      <trkpt lat="61.02807" lon="8.88634">
        <ele>879.7</ele>
      </trkpt>
      <trkpt lat="61.02754" lon="8.88751">
        <ele>878.5</ele>
      </trkpt>
      <trkpt lat="61.027" lon="8.88867">
        <ele>877.7</ele>
      </trkpt>
      <trkpt lat="61.02647" lon="8.88984">
        <ele>877.8</ele>
      </trkpt>
      <trkpt lat="61.02604" lon="8.89084">
        <ele>877.9</ele>
      </trkpt>
      <trkpt lat="61.02556" lon="8.89183">
        <ele>876.5</ele>
      </trkpt>
      <trkpt lat="61.0252" lon="8.89263">
        <ele>877.0</ele>
      </trkpt>
      <trkpt lat="61.02466" lon="8.89361">
        <ele>879.9</ele>
      </trkpt>
      <trkpt lat="61.02412" lon="8.89458">
        <ele>880.3</ele>
      </trkpt>
      <trkpt lat="61.02369" lon="8.89528">
        <ele>877.6</ele>
      </trkpt>
      <trkpt lat="61.02327" lon="8.89597">
        <ele>876.3</ele>
      </trkpt>
      <trkpt lat="61.02307" lon="8.89633">
        <ele>876.3</ele>
      </trkpt>
      <trkpt lat="61.02282" lon="8.896839">
        <ele>878.5</ele>
      </trkpt>
      <trkpt lat="61.02275" lon="8.89711">
        <ele>879.7</ele>
      </trkpt>
      <trkpt lat="61.02271" lon="8.89744">
        <ele>880.8</ele>
      </trkpt>
      <trkpt lat="61.02271" lon="8.898199">
        <ele>883.0</ele>
      </trkpt>
      <trkpt lat="61.02268" lon="8.89861">
        <ele>883.1</ele>
      </trkpt>
      <trkpt lat="61.02259" lon="8.89899">
        <ele>882.7</ele>
      </trkpt>
      <trkpt lat="61.02246" lon="8.89929">
        <ele>881.7</ele>
      </trkpt>
      <trkpt lat="61.02204" lon="8.90005">
        <ele>879.8</ele>
      </trkpt>
      <trkpt lat="61.02178" lon="8.90061">
        <ele>879.6</ele>
      </trkpt>
      <trkpt lat="61.02152" lon="8.901249">
        <ele>880.0</ele>
      </trkpt>
      <trkpt lat="61.02137" lon="8.90156">
        <ele>880.5</ele>
      </trkpt>
      <trkpt lat="61.02121" lon="8.90182">
        <ele>880.9</ele>
      </trkpt>
      <trkpt lat="61.02098" lon="8.901999">
        <ele>881.4</ele>
      </trkpt>
      <trkpt lat="61.02029" lon="8.902329">
        <ele>878.4</ele>
      </trkpt>
      <trkpt lat="61.02018" lon="8.90242">
        <ele>877.9</ele>
      </trkpt>
      <trkpt lat="61.02002" lon="8.90263">
        <ele>877.7</ele>
      </trkpt>
      <trkpt lat="61.01989" lon="8.90287">
        <ele>878.1</ele>
      </trkpt>
      <trkpt lat="61.01983" lon="8.90288">
        <ele>877.1</ele>
      </trkpt>
      <trkpt lat="61.01976" lon="8.902799">
        <ele>875.0</ele>
      </trkpt>
      <trkpt lat="61.01974" lon="8.90265">
        <ele>873.5</ele>
      </trkpt>
      <trkpt lat="61.01973" lon="8.90245">
        <ele>871.8</ele>
      </trkpt>
      <trkpt lat="61.0198" lon="8.90163">
        <ele>868.3</ele>
      </trkpt>
      <trkpt lat="61.01979" lon="8.90077">
        <ele>862.3</ele>
      </trkpt>
      <trkpt lat="61.01976" lon="8.89951">
        <ele>853.5</ele>
      </trkpt>
      <trkpt lat="61.01972" lon="8.89907">
        <ele>850.7</ele>
      </trkpt>
      <trkpt lat="61.01967" lon="8.898809">
        <ele>848.4</ele>
      </trkpt>
      <trkpt lat="61.01963" lon="8.89871">
        <ele>847.4</ele>
      </trkpt>
      <trkpt lat="61.01956" lon="8.89866">
        <ele>846.4</ele>
      </trkpt>
      <trkpt lat="61.01948" lon="8.89865">
        <ele>845.5</ele>
      </trkpt>
      <trkpt lat="61.01942" lon="8.89872">
        <ele>845.1</ele>
      </trkpt>
      <trkpt lat="61.0192" lon="8.89938">
        <ele>844.0</ele>
      </trkpt>
      <trkpt lat="61.01915" lon="8.899609">
        <ele>843.7</ele>
      </trkpt>
      <trkpt lat="61.01896" lon="8.9001">
        <ele>840.3</ele>
      </trkpt>
      <trkpt lat="61.01859" lon="8.90048">
        <ele>833.2</ele>
      </trkpt>
      <trkpt lat="61.0184" lon="8.90084">
        <ele>830.7</ele>
      </trkpt>
      <trkpt lat="61.0181" lon="8.90224">
        <ele>835.1</ele>
      </trkpt>
      <trkpt lat="61.01785" lon="8.90315">
        <ele>839.7</ele>
      </trkpt>
      <trkpt lat="61.01781" lon="8.90348">
        <ele>841.3</ele>
      </trkpt>
      <trkpt lat="61.01783" lon="8.90465">
        <ele>848.5</ele>
      </trkpt>
      <trkpt lat="61.01777" lon="8.90512">
        <ele>851.7</ele>
      </trkpt>
      <trkpt lat="61.01739" lon="8.90671">
        <ele>855.4</ele>
      </trkpt>
      <trkpt lat="61.01706" lon="8.90762">
        <ele>849.5</ele>
      </trkpt>
      <trkpt lat="61.01678" lon="8.90856">
        <ele>842.4</ele>
      </trkpt>
      <trkpt lat="61.01657" lon="8.90911">
        <ele>837.1</ele>
      </trkpt>
      <trkpt lat="61.01613" lon="8.91015">
        <ele>827.7</ele>
      </trkpt>
      <trkpt lat="61.016" lon="8.91052">
        <ele>826.3</ele>
      </trkpt>
      <trkpt lat="61.01591" lon="8.91092">
        <ele>825.6</ele>
      </trkpt>
      <trkpt lat="61.01587" lon="8.9114">
        <ele>824.6</ele>
      </trkpt>
      <trkpt lat="61.01584" lon="8.91201">
        <ele>824.5</ele>
      </trkpt>
      <trkpt lat="61.01552" lon="8.912">
        <ele>822.7</ele>
      </trkpt>
      <trkpt lat="61.01489" lon="8.91215">
        <ele>816.1</ele>
      </trkpt>
      <trkpt lat="61.01431" lon="8.91218">
        <ele>815.0</ele>
      </trkpt>
      <trkpt lat="61.0142" lon="8.91213">
        <ele>815.0</ele>
      </trkpt>
      <trkpt lat="61.01359" lon="8.91142">
        <ele>814.0</ele>
      </trkpt>
      <trkpt lat="61.01307" lon="8.91075">
        <ele>813.9</ele>
      </trkpt>
      <trkpt lat="61.01293" lon="8.9106">
        <ele>814.3</ele>
      </trkpt>
      <trkpt lat="61.0128" lon="8.91052">
        <ele>814.2</ele>
      </trkpt>
      <trkpt lat="61.01266" lon="8.91051">
        <ele>813.7</ele>
      </trkpt>
      <trkpt lat="61.01257" lon="8.910589">
        <ele>813.1</ele>
      </trkpt>
      <trkpt lat="61.01246" lon="8.91074">
        <ele>812.5</ele>
      </trkpt>
      <trkpt lat="61.01224" lon="8.91114">
        <ele>813.0</ele>
      </trkpt>
      <trkpt lat="61.01214" lon="8.91123">
        <ele>813.0</ele>
      </trkpt>
      <trkpt lat="61.01204" lon="8.91124">
        <ele>813.2</ele>
      </trkpt>
      <trkpt lat="61.01197" lon="8.91122">
        <ele>813.4</ele>
      </trkpt>
      <trkpt lat="61.0117" lon="8.91099">
        <ele>814.4</ele>
      </trkpt>
      <trkpt lat="61.01109" lon="8.91034">
        <ele>821.0</ele>
      </trkpt>
      <trkpt lat="61.01084" lon="8.9102">
        <ele>824.2</ele>
      </trkpt>
      <trkpt lat="61.01073" lon="8.91018">
        <ele>825.5</ele>
      </trkpt>
      <trkpt lat="61.01054" lon="8.9102">
        <ele>826.3</ele>
      </trkpt>
      <trkpt lat="61.0103" lon="8.91034">
        <ele>826.7</ele>
      </trkpt>
      <trkpt lat="61.01012" lon="8.910539">
        <ele>826.7</ele>
      </trkpt>
      <trkpt lat="61.01" lon="8.910729">
        <ele>826.9</ele>
      </trkpt>
      <trkpt lat="61.00969" lon="8.91153">
        <ele>827.6</ele>
      </trkpt>
      <trkpt lat="61.0095" lon="8.91193">
        <ele>828.7</ele>
      </trkpt>
      <trkpt lat="61.00928" lon="8.91251">
        <ele>831.6</ele>
      </trkpt>
      <trkpt lat="61.00906" lon="8.91295">
        <ele>832.4</ele>
      </trkpt>
      <trkpt lat="61.00883" lon="8.912979">
        <ele>834.5</ele>
      </trkpt>
      <trkpt lat="61.00874" lon="8.91294">
        <ele>835.9</ele>
      </trkpt>
      <trkpt lat="61.00863" lon="8.91294">
        <ele>837.0</ele>
      </trkpt>
      <trkpt lat="61.00835" lon="8.91316">
        <ele>836.4</ele>
      </trkpt>
      <trkpt lat="61.00787" lon="8.91368">
        <ele>837.1</ele>
      </trkpt>
      <trkpt lat="61.00777" lon="8.91381">
        <ele>837.9</ele>
      </trkpt>
      <trkpt lat="61.00768" lon="8.91386">
        <ele>839.0</ele>
      </trkpt>
      <trkpt lat="61.00762" lon="8.91381">
        <ele>839.9</ele>
      </trkpt>
      <trkpt lat="61.0076" lon="8.91375">
        <ele>840.3</ele>
      </trkpt>
      <trkpt lat="61.00759" lon="8.913639">
        <ele>840.7</ele>
      </trkpt>
      <trkpt lat="61.00761" lon="8.91304">
        <ele>843.3</ele>
      </trkpt>
      <trkpt lat="61.00759" lon="8.91276">
        <ele>845.7</ele>
      </trkpt>
      <trkpt lat="61.00752" lon="8.9126">
        <ele>847.0</ele>
      </trkpt>
      <trkpt lat="61.00733" lon="8.91225">
        <ele>850.0</ele>
      </trkpt>
      <trkpt lat="61.00724" lon="8.91214">
        <ele>850.6</ele>
      </trkpt>
      <trkpt lat="61.00701" lon="8.911949">
        <ele>849.2</ele>
      </trkpt>
      <trkpt lat="61.00686" lon="8.91191">
        <ele>847.4</ele>
      </trkpt>
      <trkpt lat="61.00673" lon="8.91192">
        <ele>845.8</ele>
      </trkpt>
      <trkpt lat="61.00655" lon="8.91199">
        <ele>844.3</ele>
      </trkpt>
      <trkpt lat="61.00616" lon="8.91227">
        <ele>844.5</ele>
      </trkpt>
      <trkpt lat="61.00595" lon="8.9125">
        <ele>845.0</ele>
      </trkpt>
      <trkpt lat="61.00565" lon="8.91301">
        <ele>846.0</ele>
      </trkpt>
      <trkpt lat="61.00538" lon="8.91375">
        <ele>843.6</ele>
      </trkpt>
      <trkpt lat="61.00521" lon="8.91445">
        <ele>840.8</ele>
      </trkpt>
      <trkpt lat="61.00515" lon="8.91479">
        <ele>840.1</ele>
      </trkpt>
      <trkpt lat="61.00513" lon="8.91496">
        <ele>839.9</ele>
      </trkpt>
      <trkpt lat="61.00515" lon="8.91563">
        <ele>839.1</ele>
      </trkpt>
      <trkpt lat="61.00513" lon="8.91577">
        <ele>838.7</ele>
      </trkpt>
      <trkpt lat="61.00502" lon="8.91614">
        <ele>836.8</ele>
      </trkpt>
      <trkpt lat="61.00489" lon="8.91646">
        <ele>835.3</ele>
      </trkpt>
      <trkpt lat="61.00456" lon="8.91698">
        <ele>832.4</ele>
      </trkpt>
      <trkpt lat="61.00445" lon="8.91728">
        <ele>832.0</ele>
      </trkpt>
      <trkpt lat="61.00444" lon="8.91745">
        <ele>831.7</ele>
      </trkpt>
      <trkpt lat="61.00456" lon="8.91843">
        <ele>832.6</ele>
      </trkpt>
      <trkpt lat="61.00457" lon="8.91879">
        <ele>832.7</ele>
      </trkpt>
      <trkpt lat="61.00455" lon="8.9193">
        <ele>828.4</ele>
      </trkpt>
      <trkpt lat="61.00446" lon="8.91995">
        <ele>824.4</ele>
      </trkpt>
      <trkpt lat="61.00443" lon="8.92046">
        <ele>821.8</ele>
      </trkpt>
      <trkpt lat="61.00445" lon="8.9212">
        <ele>820.0</ele>
      </trkpt>
      <trkpt lat="61.00439" lon="8.92196">
        <ele>818.1</ele>
      </trkpt>
      <trkpt lat="61.00425" lon="8.92292">
        <ele>815.8</ele>
      </trkpt>
      <trkpt lat="61.00411" lon="8.92388">
        <ele>812.5</ele>
      </trkpt>
      <trkpt lat="61.00406" lon="8.92423">
        <ele>811.4</ele>
      </trkpt>
      <trkpt lat="61.00385" lon="8.92485">
        <ele>810.0</ele>
      </trkpt>
      <trkpt lat="61.00368" lon="8.92528">
        <ele>810.0</ele>
      </trkpt>
      <trkpt lat="61.00351" lon="8.925649">
        <ele>810.0</ele>
      </trkpt>
      <trkpt lat="61.00342" lon="8.926">
        <ele>810.0</ele>
      </trkpt>
      <trkpt lat="61.00319" lon="8.92766">
        <ele>808.0</ele>
      </trkpt>
      <trkpt lat="61.00295" lon="8.92932">
        <ele>806.1</ele>
      </trkpt>
      <trkpt lat="61.00272" lon="8.93098">
        <ele>804.3</ele>
      </trkpt>
      <trkpt lat="61.00263" lon="8.93139">
        <ele>803.5</ele>
      </trkpt>
      <trkpt lat="61.00227" lon="8.93245">
        <ele>803.4</ele>
      </trkpt>
      <trkpt lat="61.00201" lon="8.93354">
        <ele>799.3</ele>
      </trkpt>
      <trkpt lat="61.00179" lon="8.93413">
        <ele>800.5</ele>
      </trkpt>
      <trkpt lat="61.00142" lon="8.934939">
        <ele>799.3</ele>
      </trkpt>
      <trkpt lat="61.00105" lon="8.93603">
        <ele>795.8</ele>
      </trkpt>
      <trkpt lat="61.00059" lon="8.93695">
        <ele>795.4</ele>
      </trkpt>
      <trkpt lat="61.00014" lon="8.93787">
        <ele>797.0</ele>
      </trkpt>
      <trkpt lat="60.99991" lon="8.93822">
        <ele>797.0</ele>
      </trkpt>
      <trkpt lat="60.99961" lon="8.93861">
        <ele>796.6</ele>
      </trkpt>
      <trkpt lat="60.99935" lon="8.93896">
        <ele>797.6</ele>
      </trkpt>
      <trkpt lat="60.99916" lon="8.93944">
        <ele>799.8</ele>
      </trkpt>
      <trkpt lat="60.99897" lon="8.94011">
        <ele>802.4</ele>
      </trkpt>
      <trkpt lat="60.99874" lon="8.94131">
        <ele>799.9</ele>
      </trkpt>
      <trkpt lat="60.99867" lon="8.94155">
        <ele>799.1</ele>
      </trkpt>
      <trkpt lat="60.99854" lon="8.9418">
        <ele>797.7</ele>
      </trkpt>
      <trkpt lat="60.99804" lon="8.94255">
        <ele>794.4</ele>
      </trkpt>
      <trkpt lat="60.99757" lon="8.94337">
        <ele>792.8</ele>
      </trkpt>
      <trkpt lat="60.99742" lon="8.94371">
        <ele>792.4</ele>
      </trkpt>
      <trkpt lat="60.9973" lon="8.94413">
        <ele>793.1</ele>
      </trkpt>
      <trkpt lat="60.99694" lon="8.9456">
        <ele>796.3</ele>
      </trkpt>
      <trkpt lat="60.99658" lon="8.94708">
        <ele>795.6</ele>
      </trkpt>
      <trkpt lat="60.99647" lon="8.9474">
        <ele>795.3</ele>
      </trkpt>
      <trkpt lat="60.99638" lon="8.94759">
        <ele>795.2</ele>
      </trkpt>
      <trkpt lat="60.99596" lon="8.94817">
        <ele>797.0</ele>
      </trkpt>
      <trkpt lat="60.99559" lon="8.94876">
        <ele>797.4</ele>
      </trkpt>
      <trkpt lat="60.99523" lon="8.94935">
        <ele>799.2</ele>
      </trkpt>
      <trkpt lat="60.99515" lon="8.94957">
        <ele>799.0</ele>
      </trkpt>
      <trkpt lat="60.99497" lon="8.95067">
        <ele>801.6</ele>
      </trkpt>
      <trkpt lat="60.99488" lon="8.95096">
        <ele>802.8</ele>
      </trkpt>
      <trkpt lat="60.99472" lon="8.95133">
        <ele>803.5</ele>
      </trkpt>
      <trkpt lat="60.99467" lon="8.95154">
        <ele>803.7</ele>
      </trkpt>
      <trkpt lat="60.99464" lon="8.95173">
        <ele>803.8</ele>
      </trkpt>
      <trkpt lat="60.99464" lon="8.95196">
        <ele>803.8</ele>
      </trkpt>
      <trkpt lat="60.99473" lon="8.95361">
        <ele>796.2</ele>
      </trkpt>
      <trkpt lat="60.9947" lon="8.95407">
        <ele>793.0</ele>
      </trkpt>
      <trkpt lat="60.99452" lon="8.95528">
        <ele>787.5</ele>
      </trkpt>
      <trkpt lat="60.99433" lon="8.95649">
        <ele>787.9</ele>
      </trkpt>
      <trkpt lat="60.99428" lon="8.95694">
        <ele>787.2</ele>
      </trkpt>
      <trkpt lat="60.99426" lon="8.95755">
        <ele>787.9</ele>
      </trkpt>
      <trkpt lat="60.99422" lon="8.95783">
        <ele>788.3</ele>
      </trkpt>
      <trkpt lat="60.99403" lon="8.95868">
        <ele>788.2</ele>
      </trkpt>
      <trkpt lat="60.99399" lon="8.95896">
        <ele>787.9</ele>
      </trkpt>
      <trkpt lat="60.9939" lon="8.96006">
        <ele>788.2</ele>
      </trkpt>
      <trkpt lat="60.99385" lon="8.96092">
        <ele>790.9</ele>
      </trkpt>
      <trkpt lat="60.99378" lon="8.96151">
        <ele>792.6</ele>
      </trkpt>
      <trkpt lat="60.99369" lon="8.96201">
        <ele>792.3</ele>
      </trkpt>
      <trkpt lat="60.99353" lon="8.96261">
        <ele>791.6</ele>
      </trkpt>
      <trkpt lat="60.99332" lon="8.96316">
        <ele>791.2</ele>
      </trkpt>
      <trkpt lat="60.99319" lon="8.96367">
        <ele>791.3</ele>
      </trkpt>
      <trkpt lat="60.9931" lon="8.96417">
        <ele>792.0</ele>
      </trkpt>
      <trkpt lat="60.99308" lon="8.96441">
        <ele>792.0</ele>
      </trkpt>
      <trkpt lat="60.99308" lon="8.96477">
        <ele>791.6</ele>
      </trkpt>
      <trkpt lat="60.99312" lon="8.96526">
        <ele>791.2</ele>
      </trkpt>
      <trkpt lat="60.99319" lon="8.9658">
        <ele>790.1</ele>
      </trkpt>
      <trkpt lat="60.99327" lon="8.96626">
        <ele>788.4</ele>
      </trkpt>
      <trkpt lat="60.99331" lon="8.96662">
        <ele>787.6</ele>
      </trkpt>
      <trkpt lat="60.9933" lon="8.96709">
        <ele>788.5</ele>
      </trkpt>
      <trkpt lat="60.99318" lon="8.96804">
        <ele>791.5</ele>
      </trkpt>
      <trkpt lat="60.99317" lon="8.96842">
        <ele>792.1</ele>
      </trkpt>
      <trkpt lat="60.9933" lon="8.97025">
        <ele>797.2</ele>
      </trkpt>
      <trkpt lat="60.99332" lon="8.97112">
        <ele>799.2</ele>
      </trkpt>
      <trkpt lat="60.99338" lon="8.97186">
        <ele>792.3</ele>
      </trkpt>
      <trkpt lat="60.99344" lon="8.97252">
        <ele>793.1</ele>
      </trkpt>
      <trkpt lat="60.99359" lon="8.97341">
        <ele>793.9</ele>
      </trkpt>
      <trkpt lat="60.99367" lon="8.97391">
        <ele>794.7</ele>
      </trkpt>
      <trkpt lat="60.99378" lon="8.97511">
        <ele>795.8</ele>
      </trkpt>
      <trkpt lat="60.99379" lon="8.97566">
        <ele>795.9</ele>
      </trkpt>
      <trkpt lat="60.99373" lon="8.97634">
        <ele>796.1</ele>
      </trkpt>
      <trkpt lat="60.99364" lon="8.97696">
        <ele>795.8</ele>
      </trkpt>
      <trkpt lat="60.99361" lon="8.97726">
        <ele>796.0</ele>
      </trkpt>
      <trkpt lat="60.9936" lon="8.97748">
        <ele>796.3</ele>
      </trkpt>
      <trkpt lat="60.99361" lon="8.97809">
        <ele>797.3</ele>
      </trkpt>
      <trkpt lat="60.99369" lon="8.97865">
        <ele>797.4</ele>
      </trkpt>
      <trkpt lat="60.99394" lon="8.97956">
        <ele>796.3</ele>
      </trkpt>
      <trkpt lat="60.99398" lon="8.97987">
        <ele>796.7</ele>
      </trkpt>
      <trkpt lat="60.99399" lon="8.98003">
        <ele>797.2</ele>
      </trkpt>
      <trkpt lat="60.99398" lon="8.98032">
        <ele>799.6</ele>
      </trkpt>
      <trkpt lat="60.99391" lon="8.98062">
        <ele>805.0</ele>
      </trkpt>
      <trkpt lat="60.99336" lon="8.97965">
        <ele>805.0</ele>
      </trkpt>
      <trkpt lat="60.99281" lon="8.97868">
        <ele>810.1</ele>
      </trkpt>
      <trkpt lat="60.99225" lon="8.97771">
        <ele>821.1</ele>
      </trkpt>
      <trkpt lat="60.99165" lon="8.97663">
        <ele>826.4</ele>
      </trkpt>
      <trkpt lat="60.99105" lon="8.97555">
        <ele>823.1</ele>
      </trkpt>
      <trkpt lat="60.99056" lon="8.97453">
        <ele>819.8</ele>
      </trkpt>
      <trkpt lat="60.9905" lon="8.97456">
        <ele>819.9</ele>
      </trkpt>
      <trkpt lat="60.99046" lon="8.97463">
        <ele>820.2</ele>
      </trkpt>
      <trkpt lat="60.99042" lon="8.97471">
        <ele>820.5</ele>
      </trkpt>
      <trkpt lat="60.99039" lon="8.9747">
        <ele>820.2</ele>
      </trkpt>
      <trkpt lat="60.99021" lon="8.97442">
        <ele>817.9</ele>
      </trkpt>
      <trkpt lat="60.99015" lon="8.97436">
        <ele>817.3</ele>
      </trkpt>
      <trkpt lat="60.98985" lon="8.97424">
        <ele>813.7</ele>
      </trkpt>
      <trkpt lat="60.98977" lon="8.97423">
        <ele>813.2</ele>
      </trkpt>
      <trkpt lat="60.98967" lon="8.97428">
        <ele>812.6</ele>
      </trkpt>
      <trkpt lat="60.98961" lon="8.97434">
        <ele>812.2</ele>
      </trkpt>
      <trkpt lat="60.98951" lon="8.97454">
        <ele>811.7</ele>
      </trkpt>
      <trkpt lat="60.98943" lon="8.97449">
        <ele>811.4</ele>
      </trkpt>
      <trkpt lat="60.98911" lon="8.975199">
        <ele>811.7</ele>
      </trkpt>
      <trkpt lat="60.98879" lon="8.97591">
        <ele>814.6</ele>
      </trkpt>
      <trkpt lat="60.98841" lon="8.97683">
        <ele>825.2</ele>
      </trkpt>
      <trkpt lat="60.98814" lon="8.97785">
        <ele>833.5</ele>
      </trkpt>
      <trkpt lat="60.98786" lon="8.97887">
        <ele>839.5</ele>
      </trkpt>
      <trkpt lat="60.98751" lon="8.98007">
        <ele>844.9</ele>
      </trkpt>
      <trkpt lat="60.98738" lon="8.98042">
        <ele>847.7</ele>
      </trkpt>
      <trkpt lat="60.98694" lon="8.9815">
        <ele>855.0</ele>
      </trkpt>
      <trkpt lat="60.9865" lon="8.98258">
        <ele>860.3</ele>
      </trkpt>
      <trkpt lat="60.98633" lon="8.98289">
        <ele>862.1</ele>
      </trkpt>
      <trkpt lat="60.98565" lon="8.9839">
        <ele>871.8</ele>
      </trkpt>
      <trkpt lat="60.98546" lon="8.98423">
        <ele>875.3</ele>
      </trkpt>
      <trkpt lat="60.98528" lon="8.984629">
        <ele>879.5</ele>
      </trkpt>
      <trkpt lat="60.98514" lon="8.98515">
        <ele>882.0</ele>
      </trkpt>
      <trkpt lat="60.98475" lon="8.98676">
        <ele>890.6</ele>
      </trkpt>
      <trkpt lat="60.98462" lon="8.98717">
        <ele>893.8</ele>
      </trkpt>
      <trkpt lat="60.98457" lon="8.987259">
        <ele>894.8</ele>
      </trkpt>
      <trkpt lat="60.98401" lon="8.98808">
        <ele>903.8</ele>
      </trkpt>
      <trkpt lat="60.98383" lon="8.98838">
        <ele>907.7</ele>
      </trkpt>
      <trkpt lat="60.98372" lon="8.9887">
        <ele>911.1</ele>
      </trkpt>
      <trkpt lat="60.98341" lon="8.9901">
        <ele>919.8</ele>
      </trkpt>
      <trkpt lat="60.98333" lon="8.99037">
        <ele>921.9</ele>
      </trkpt>
      <trkpt lat="60.98327" lon="8.99052">
        <ele>923.0</ele>
      </trkpt>
      <trkpt lat="60.98316" lon="8.99068">
        <ele>924.5</ele>
      </trkpt>
      <trkpt lat="60.98299" lon="8.99083">
        <ele>926.9</ele>
      </trkpt>
      <trkpt lat="60.98283" lon="8.99083">
        <ele>929.6</ele>
      </trkpt>
      <trkpt lat="60.98278" lon="8.99081">
        <ele>930.5</ele>
      </trkpt>
      <trkpt lat="60.98266" lon="8.99064">
        <ele>932.6</ele>
      </trkpt>
      <trkpt lat="60.98201" lon="8.989369">
        <ele>943.0</ele>
      </trkpt>
      <trkpt lat="60.98146" lon="8.98834">
        <ele>947.5</ele>
      </trkpt>
      <trkpt lat="60.9814" lon="8.98811">
        <ele>947.9</ele>
      </trkpt>
      <trkpt lat="60.98126" lon="8.98716">
        <ele>949.9</ele>
      </trkpt>
      <trkpt lat="60.98117" lon="8.98681">
        <ele>950.6</ele>
      </trkpt>
      <trkpt lat="60.98109" lon="8.98666">
        <ele>951.2</ele>
      </trkpt>
      <trkpt lat="60.98098" lon="8.98651">
        <ele>951.9</ele>
      </trkpt>
      <trkpt lat="60.98077" lon="8.98638">
        <ele>952.7</ele>
      </trkpt>
      <trkpt lat="60.98047" lon="8.9863">
        <ele>953.0</ele>
      </trkpt>
      <trkpt lat="60.98028" lon="8.98622">
        <ele>952.5</ele>
      </trkpt>
      <trkpt lat="60.9801" lon="8.98603">
        <ele>951.9</ele>
      </trkpt>
      <trkpt lat="60.97982" lon="8.98562">
        <ele>952.0</ele>
      </trkpt>
      <trkpt lat="60.97973" lon="8.98552">
        <ele>952.0</ele>
      </trkpt>
      <trkpt lat="60.97943" lon="8.985099">
        <ele>952.6</ele>
      </trkpt>
      <trkpt lat="60.97919" lon="8.98472">
        <ele>953.7</ele>
      </trkpt>
      <trkpt lat="60.97901" lon="8.98458">
        <ele>954.0</ele>
      </trkpt>
      <trkpt lat="60.97883" lon="8.98464">
        <ele>954.0</ele>
      </trkpt>
      <trkpt lat="60.97873" lon="8.98472">
        <ele>954.1</ele>
      </trkpt>
      <trkpt lat="60.97852" lon="8.98499">
        <ele>954.8</ele>
      </trkpt>
      <trkpt lat="60.97815" lon="8.98558">
        <ele>958.3</ele>
      </trkpt>
      <trkpt lat="60.97777" lon="8.986179">
        <ele>961.2</ele>
      </trkpt>
      <trkpt lat="60.97725" lon="8.98698">
        <ele>961.8</ele>
      </trkpt>
      <trkpt lat="60.97703" lon="8.98735">
        <ele>961.2</ele>
      </trkpt>
      <trkpt lat="60.97685" lon="8.98761">
        <ele>960.9</ele>
      </trkpt>
      <trkpt lat="60.97666" lon="8.98783">
        <ele>961.4</ele>
      </trkpt>
      <trkpt lat="60.97589" lon="8.988479">
        <ele>964.9</ele>
      </trkpt>
      <trkpt lat="60.97512" lon="8.98914">
        <ele>970.8</ele>
      </trkpt>
      <trkpt lat="60.97467" lon="8.989509">
        <ele>974.3</ele>
      </trkpt>
      <trkpt lat="60.97422" lon="8.98988">
        <ele>976.9</ele>
      </trkpt>
      <trkpt lat="60.97397" lon="8.99005">
        <ele>978.7</ele>
      </trkpt>
      <trkpt lat="60.97313" lon="8.99065">
        <ele>982.1</ele>
      </trkpt>
      <trkpt lat="60.97229" lon="8.99124">
        <ele>988.8</ele>
      </trkpt>
      <trkpt lat="60.97199" lon="8.99138">
        <ele>990.2</ele>
      </trkpt>
      <trkpt lat="60.97169" lon="8.99146">
        <ele>990.2</ele>
      </trkpt>
      <trkpt lat="60.97128" lon="8.9915">
        <ele>991.9</ele>
      </trkpt>
      <trkpt lat="60.97039" lon="8.991199">
        <ele>995.2</ele>
      </trkpt>
      <trkpt lat="60.96951" lon="8.99091">
        <ele>995.0</ele>
      </trkpt>
      <trkpt lat="60.96862" lon="8.99062">
        <ele>992.7</ele>
      </trkpt>
      <trkpt lat="60.96773" lon="8.99032">
        <ele>994.1</ele>
      </trkpt>
      <trkpt lat="60.96685" lon="8.99003">
        <ele>994.8</ele>
      </trkpt>
      <trkpt lat="60.96669" lon="8.98995">
        <ele>995.7</ele>
      </trkpt>
      <trkpt lat="60.96647" lon="8.98978">
        <ele>997.2</ele>
      </trkpt>
      <trkpt lat="60.96626" lon="8.98957">
        <ele>998.0</ele>
      </trkpt>
      <trkpt lat="60.96591" lon="8.98915">
        <ele>998.9</ele>
      </trkpt>
      <trkpt lat="60.96527" lon="8.98827">
        <ele>1001.0</ele>
      </trkpt>
      <trkpt lat="60.96464" lon="8.98739">
        <ele>1003.1</ele>
      </trkpt>
      <trkpt lat="60.964" lon="8.98651">
        <ele>1001.0</ele>
      </trkpt>
      <trkpt lat="60.96337" lon="8.98564">
        <ele>1003.2</ele>
      </trkpt>
      <trkpt lat="60.96273" lon="8.98476">
        <ele>1006.0</ele>
      </trkpt>
      <trkpt lat="60.9621" lon="8.983879">
        <ele>1011.9</ele>
      </trkpt>
      <trkpt lat="60.9618" lon="8.98338">
        <ele>1015.0</ele>
      </trkpt>
      <trkpt lat="60.96151" lon="8.98278">
        <ele>1012.0</ele>
      </trkpt>
      <trkpt lat="60.961" lon="8.98162">
        <ele>1008.0</ele>
      </trkpt>
      <trkpt lat="60.96049" lon="8.98046">
        <ele>1008.8</ele>
      </trkpt>
      <trkpt lat="60.96033" lon="8.98016">
        <ele>1009.9</ele>
      </trkpt>
      <trkpt lat="60.96008" lon="8.97981">
        <ele>1012.0</ele>
      </trkpt>
      <trkpt lat="60.95989" lon="8.97963">
        <ele>1011.9</ele>
      </trkpt>
      <trkpt lat="60.95969" lon="8.97951">
        <ele>1012.4</ele>
      </trkpt>
      <trkpt lat="60.95952" lon="8.97944">
        <ele>1012.4</ele>
      </trkpt>
      <trkpt lat="60.95927" lon="8.97938">
        <ele>1012.1</ele>
      </trkpt>
      <trkpt lat="60.95906" lon="8.9794">
        <ele>1010.3</ele>
      </trkpt>
      <trkpt lat="60.95886" lon="8.97949">
        <ele>1009.4</ele>
      </trkpt>
      <trkpt lat="60.95868" lon="8.97967">
        <ele>1008.9</ele>
      </trkpt>
      <trkpt lat="60.95852" lon="8.97992">
        <ele>1008.6</ele>
      </trkpt>
      <trkpt lat="60.95824" lon="8.98051">
        <ele>1008.2</ele>
      </trkpt>
      <trkpt lat="60.95798" lon="8.98115">
        <ele>1008.4</ele>
      </trkpt>
      <trkpt lat="60.95765" lon="8.98215">
        <ele>1009.6</ele>
      </trkpt>
      <trkpt lat="60.95736" lon="8.98314">
        <ele>1010.0</ele>
      </trkpt>
      <trkpt lat="60.95725" lon="8.98345">
        <ele>1006.9</ele>
      </trkpt>
      <trkpt lat="60.95712" lon="8.98372">
        <ele>1003.5</ele>
      </trkpt>
      <trkpt lat="60.95696" lon="8.9839">
        <ele>1001.9</ele>
      </trkpt>
      <trkpt lat="60.95678" lon="8.98398">
        <ele>1001.3</ele>
      </trkpt>
      <trkpt lat="60.95652" lon="8.98392">
        <ele>1001.7</ele>
      </trkpt>
      <trkpt lat="60.9557" lon="8.98351">
        <ele>1000.9</ele>
      </trkpt>
      <trkpt lat="60.95488" lon="8.9831">
        <ele>993.2</ele>
      </trkpt>
      <trkpt lat="60.95406" lon="8.98269">
        <ele>990.0</ele>
      </trkpt>
      <trkpt lat="60.95383" lon="8.98262">
        <ele>989.4</ele>
      </trkpt>
      <trkpt lat="60.95359" lon="8.98261">
        <ele>989.3</ele>
      </trkpt>
      <trkpt lat="60.95314" lon="8.98267">
        <ele>989.8</ele>
      </trkpt>
      <trkpt lat="60.95269" lon="8.98281">
        <ele>989.1</ele>
      </trkpt>
      <trkpt lat="60.95224" lon="8.983">
        <ele>987.9</ele>
      </trkpt>
      <trkpt lat="60.95201" lon="8.98312">
        <ele>987.7</ele>
      </trkpt>
      <trkpt lat="60.9518" lon="8.9833">
        <ele>988.0</ele>
      </trkpt>
      <trkpt lat="60.95162" lon="8.98354">
        <ele>988.1</ele>
      </trkpt>
      <trkpt lat="60.9513" lon="8.98412">
        <ele>988.5</ele>
      </trkpt>
      <trkpt lat="60.951" lon="8.98474">
        <ele>988.2</ele>
      </trkpt>
      <trkpt lat="60.95083" lon="8.98503">
        <ele>987.5</ele>
      </trkpt>
      <trkpt lat="60.95065" lon="8.98526">
        <ele>986.8</ele>
      </trkpt>
      <trkpt lat="60.95046" lon="8.98545">
        <ele>985.3</ele>
      </trkpt>
      <trkpt lat="60.95024" lon="8.985569">
        <ele>984.4</ele>
      </trkpt>
      <trkpt lat="60.95003" lon="8.98562">
        <ele>983.2</ele>
      </trkpt>
      <trkpt lat="60.94981" lon="8.98563">
        <ele>981.9</ele>
      </trkpt>
      <trkpt lat="60.94958" lon="8.98559">
        <ele>981.4</ele>
      </trkpt>
      <trkpt lat="60.94935" lon="8.98549">
        <ele>982.0</ele>
      </trkpt>
      <trkpt lat="60.94877" lon="8.98514">
        <ele>984.9</ele>
      </trkpt>
      <trkpt lat="60.94819" lon="8.98479">
        <ele>985.1</ele>
      </trkpt>
      <trkpt lat="60.94783" lon="8.98457">
        <ele>990.0</ele>
      </trkpt>
      <trkpt lat="60.9475" lon="8.9843">
        <ele>994.0</ele>
      </trkpt>
      <trkpt lat="60.94731" lon="8.984069">
        <ele>995.4</ele>
      </trkpt>
      <trkpt lat="60.94694" lon="8.98353">
        <ele>996.7</ele>
      </trkpt>
      <trkpt lat="60.94648" lon="8.98283">
        <ele>995.6</ele>
      </trkpt>
      <trkpt lat="60.94602" lon="8.98212">
        <ele>994.0</ele>
      </trkpt>
      <trkpt lat="60.94575" lon="8.98182">
        <ele>994.0</ele>
      </trkpt>
      <trkpt lat="60.94556" lon="8.98171">
        <ele>994.2</ele>
      </trkpt>
      <trkpt lat="60.94533" lon="8.9817">
        <ele>994.4</ele>
      </trkpt>
      <trkpt lat="60.94523" lon="8.98172">
        <ele>994.3</ele>
      </trkpt>
      <trkpt lat="60.94508" lon="8.98183">
        <ele>993.9</ele>
      </trkpt>
      <trkpt lat="60.94467" lon="8.98222">
        <ele>992.5</ele>
      </trkpt>
      <trkpt lat="60.94427" lon="8.98267">
        <ele>993.0</ele>
      </trkpt>
      <trkpt lat="60.94387" lon="8.98312">
        <ele>993.6</ele>
      </trkpt>
      <trkpt lat="60.94372" lon="8.98338">
        <ele>994.1</ele>
      </trkpt>
      <trkpt lat="60.94337" lon="8.98417">
        <ele>994.0</ele>
      </trkpt>
      <trkpt lat="60.94301" lon="8.984959">
        <ele>993.0</ele>
      </trkpt>
      <trkpt lat="60.9428" lon="8.98533">
        <ele>993.0</ele>
      </trkpt>
      <trkpt lat="60.94266" lon="8.98546">
        <ele>993.1</ele>
      </trkpt>
      <trkpt lat="60.94244" lon="8.98555">
        <ele>993.9</ele>
      </trkpt>
      <trkpt lat="60.9423" lon="8.98555">
        <ele>994.1</ele>
      </trkpt>
      <trkpt lat="60.94156" lon="8.98526">
        <ele>997.3</ele>
      </trkpt>
      <trkpt lat="60.94142" lon="8.985239">
        <ele>997.5</ele>
      </trkpt>
      <trkpt lat="60.9412" lon="8.98526">
        <ele>998.1</ele>
      </trkpt>
      <trkpt lat="60.9408" lon="8.98545">
        <ele>1000.9</ele>
      </trkpt>
      <trkpt lat="60.94067" lon="8.98556">
        <ele>1001.9</ele>
      </trkpt>
      <trkpt lat="60.94007" lon="8.98678">
        <ele>1008.0</ele>
      </trkpt>
      <trkpt lat="60.93966" lon="8.98806">
        <ele>1012.3</ele>
      </trkpt>
      <trkpt lat="60.93951" lon="8.98859">
        <ele>1013.7</ele>
      </trkpt>
      <trkpt lat="60.93919" lon="8.98985">
        <ele>1012.7</ele>
      </trkpt>
      <trkpt lat="60.93904" lon="8.99061">
        <ele>1011.2</ele>
      </trkpt>
      <trkpt lat="60.93895" lon="8.99099">
        <ele>1010.2</ele>
      </trkpt>
      <trkpt lat="60.93884" lon="8.99133">
        <ele>1008.8</ele>
      </trkpt>
      <trkpt lat="60.93845" lon="8.99224">
        <ele>1004.8</ele>
      </trkpt>
      <trkpt lat="60.93821" lon="8.99295">
        <ele>1002.8</ele>
      </trkpt>
      <trkpt lat="60.93795" lon="8.99382">
        <ele>998.2</ele>
      </trkpt>
      <trkpt lat="60.93756" lon="8.99494">
        <ele>996.1</ele>
      </trkpt>
      <trkpt lat="60.9374" lon="8.9953">
        <ele>995.6</ele>
      </trkpt>
      <trkpt lat="60.93714" lon="8.99577">
        <ele>994.1</ele>
      </trkpt>
      <trkpt lat="60.93683" lon="8.996219">
        <ele>991.2</ele>
      </trkpt>
      <trkpt lat="60.93655" lon="8.99668">
        <ele>990.3</ele>
      </trkpt>
      <trkpt lat="60.93637" lon="8.99713">
        <ele>990.7</ele>
      </trkpt>
      <trkpt lat="60.93596" lon="8.9985">
        <ele>988.1</ele>
      </trkpt>
      <trkpt lat="60.93587" lon="8.99881">
        <ele>988.3</ele>
      </trkpt>
      <trkpt lat="60.93557" lon="9.000019">
        <ele>988.1</ele>
      </trkpt>
      <trkpt lat="60.93528" lon="9.001239">
        <ele>990.5</ele>
      </trkpt>
      <trkpt lat="60.93498" lon="9.00245">
        <ele>991.5</ele>
      </trkpt>
      <trkpt lat="60.93477" lon="9.00319">
        <ele>991.3</ele>
      </trkpt>
      <trkpt lat="60.93469" lon="9.00335">
        <ele>990.8</ele>
      </trkpt>
      <trkpt lat="60.93449" lon="9.00355">
        <ele>989.9</ele>
      </trkpt>
      <trkpt lat="60.93414" lon="9.0038">
        <ele>989.2</ele>
      </trkpt>
      <trkpt lat="60.93358" lon="9.0043">
        <ele>994.4</ele>
      </trkpt>
      <trkpt lat="60.93302" lon="9.0048">
        <ele>999.9</ele>
      </trkpt>
      <trkpt lat="60.93245" lon="9.0053">
        <ele>998.3</ele>
      </trkpt>
      <trkpt lat="60.93202" lon="9.00578">
        <ele>1000.1</ele>
      </trkpt>
      <trkpt lat="60.93183" lon="9.00608">
        <ele>1000.9</ele>
      </trkpt>
      <trkpt lat="60.93158" lon="9.00654">
        <ele>1002.0</ele>
      </trkpt>
      <trkpt lat="60.93138" lon="9.007">
        <ele>1001.8</ele>
      </trkpt>
      <trkpt lat="60.9311" lon="9.00775">
        <ele>1001.0</ele>
      </trkpt>
      <trkpt lat="60.93085" lon="9.00855">
        <ele>1001.6</ele>
      </trkpt>
      <trkpt lat="60.93053" lon="9.0097">
        <ele>1004.0</ele>
      </trkpt>
      <trkpt lat="60.9302" lon="9.01084">
        <ele>1005.0</ele>
      </trkpt>
      <trkpt lat="60.92991" lon="9.01191">
        <ele>1003.2</ele>
      </trkpt>
      <trkpt lat="60.92976" lon="9.01277">
        <ele>1002.8</ele>
      </trkpt>
      <trkpt lat="60.92963" lon="9.01427">
        <ele>1006.9</ele>
      </trkpt>
      <trkpt lat="60.92953" lon="9.01521">
        <ele>1009.2</ele>
      </trkpt>
      <trkpt lat="60.92943" lon="9.01616">
        <ele>1010.0</ele>
      </trkpt>
      <trkpt lat="60.92925" lon="9.01739">
        <ele>1010.0</ele>
      </trkpt>
      <trkpt lat="60.92902" lon="9.018319">
        <ele>1010.4</ele>
      </trkpt>
      <trkpt lat="60.92878" lon="9.01913">
        <ele>1011.1</ele>
      </trkpt>
      <trkpt lat="60.92857" lon="9.01998">
        <ele>1011.0</ele>
      </trkpt>
      <trkpt lat="60.92837" lon="9.02082">
        <ele>1010.3</ele>
      </trkpt>
      <trkpt lat="60.92795" lon="9.02243">
        <ele>1009.1</ele>
      </trkpt>
      <trkpt lat="60.92753" lon="9.02404">
        <ele>1012.0</ele>
      </trkpt>
      <trkpt lat="60.92712" lon="9.02566">
        <ele>1016.0</ele>
      </trkpt>
      <trkpt lat="60.92677" lon="9.02703">
        <ele>1016.9</ele>
      </trkpt>
      <trkpt lat="60.92643" lon="9.028409">
        <ele>1015.1</ele>
      </trkpt>
      <trkpt lat="60.92611" lon="9.02973">
        <ele>1014.5</ele>
      </trkpt>
      <trkpt lat="60.92579" lon="9.03105">
        <ele>1016.3</ele>
      </trkpt>
      <trkpt lat="60.92555" lon="9.03194">
        <ele>1019.0</ele>
      </trkpt>
      <trkpt lat="60.92531" lon="9.03283">
        <ele>1022.1</ele>
      </trkpt>
      <trkpt lat="60.92512" lon="9.03345">
        <ele>1025.8</ele>
      </trkpt>
      <trkpt lat="60.92498" lon="9.0338">
        <ele>1027.8</ele>
      </trkpt>
      <trkpt lat="60.92468" lon="9.0344">
        <ele>1031.5</ele>
      </trkpt>
      <trkpt lat="60.92442" lon="9.03485">
        <ele>1032.4</ele>
      </trkpt>
      <trkpt lat="60.92412" lon="9.03518">
        <ele>1033.1</ele>
      </trkpt>
      <trkpt lat="60.92383" lon="9.03538">
        <ele>1033.9</ele>
      </trkpt>
      <trkpt lat="60.92344" lon="9.03555">
        <ele>1035.0</ele>
      </trkpt>
      <trkpt lat="60.92305" lon="9.03556">
        <ele>1035.5</ele>
      </trkpt>
      <trkpt lat="60.92265" lon="9.03548">
        <ele>1035.2</ele>
      </trkpt>
      <trkpt lat="60.9222" lon="9.03545">
        <ele>1032.6</ele>
      </trkpt>
      <trkpt lat="60.92175" lon="9.03542">
        <ele>1032.0</ele>
      </trkpt>
      <trkpt lat="60.92166" lon="9.03547">
        <ele>1032.2</ele>
      </trkpt>
      <trkpt lat="60.92157" lon="9.03568">
        <ele>1032.9</ele>
      </trkpt>
      <trkpt lat="60.92112" lon="9.03647">
        <ele>1033.4</ele>
      </trkpt>
      <trkpt lat="60.92052" lon="9.03735">
        <ele>1032.4</ele>
      </trkpt>
      <trkpt lat="60.92" lon="9.03801">
        <ele>1033.0</ele>
      </trkpt>
      <trkpt lat="60.91947" lon="9.038589">
        <ele>1031.6</ele>
      </trkpt>
      <trkpt lat="60.91894" lon="9.03917">
        <ele>1031.0</ele>
      </trkpt>
      <trkpt lat="60.91852" lon="9.03948">
        <ele>1030.2</ele>
      </trkpt>
      <trkpt lat="60.91831" lon="9.03956">
        <ele>1029.5</ele>
      </trkpt>
      <trkpt lat="60.91813" lon="9.03958">
        <ele>1029.0</ele>
      </trkpt>
      <trkpt lat="60.91735" lon="9.03952">
        <ele>1027.0</ele>
      </trkpt>
      <trkpt lat="60.91656" lon="9.03945">
        <ele>1024.5</ele>
      </trkpt>
      <trkpt lat="60.91598" lon="9.03961">
        <ele>1025.0</ele>
      </trkpt>
      <trkpt lat="60.91539" lon="9.03977">
        <ele>1026.0</ele>
      </trkpt>
      <trkpt lat="60.91505" lon="9.03992">
        <ele>1025.7</ele>
      </trkpt>
      <trkpt lat="60.91476" lon="9.04015">
        <ele>1024.6</ele>
      </trkpt>
      <trkpt lat="60.91408" lon="9.04084">
        <ele>1023.2</ele>
      </trkpt>
      <trkpt lat="60.91394" lon="9.04094">
        <ele>1022.4</ele>
      </trkpt>
      <trkpt lat="60.91377" lon="9.041029">
        <ele>1021.3</ele>
      </trkpt>
      <trkpt lat="60.91336" lon="9.04106">
        <ele>1018.8</ele>
      </trkpt>
      <trkpt lat="60.91293" lon="9.04114">
        <ele>1016.1</ele>
      </trkpt>
      <trkpt lat="60.91265" lon="9.0413">
        <ele>1014.1</ele>
      </trkpt>
      <trkpt lat="60.91239" lon="9.0416">
        <ele>1013.1</ele>
      </trkpt>
      <trkpt lat="60.9117" lon="9.04245">
        <ele>1010.2</ele>
      </trkpt>
      <trkpt lat="60.91118" lon="9.04287">
        <ele>1006.5</ele>
      </trkpt>
      <trkpt lat="60.91065" lon="9.04328">
        <ele>1003.7</ele>
      </trkpt>
      <trkpt lat="60.91005" lon="9.043799">
        <ele>1000.7</ele>
      </trkpt>
      <trkpt lat="60.90944" lon="9.04432">
        <ele>1000.0</ele>
      </trkpt>
      <trkpt lat="60.90915" lon="9.04453">
        <ele>999.2</ele>
      </trkpt>
      <trkpt lat="60.9087" lon="9.04468">
        <ele>998.8</ele>
      </trkpt>
      <trkpt lat="60.90825" lon="9.04483">
        <ele>997.2</ele>
      </trkpt>
      <trkpt lat="60.90764" lon="9.045">
        <ele>996.0</ele>
      </trkpt>
      <trkpt lat="60.90718" lon="9.04522">
        <ele>996.3</ele>
      </trkpt>
      <trkpt lat="60.90656" lon="9.04576">
        <ele>1001.0</ele>
      </trkpt>
      <trkpt lat="60.90593" lon="9.0463">
        <ele>1001.9</ele>
      </trkpt>
      <trkpt lat="60.9053" lon="9.04684">
        <ele>1000.5</ele>
      </trkpt>
      <trkpt lat="60.90446" lon="9.04742">
        <ele>996.7</ele>
      </trkpt>
      <trkpt lat="60.90363" lon="9.04799">
        <ele>993.7</ele>
      </trkpt>
      <trkpt lat="60.90325" lon="9.04827">
        <ele>992.2</ele>
      </trkpt>
      <trkpt lat="60.90302" lon="9.04847">
        <ele>992.0</ele>
      </trkpt>
      <trkpt lat="60.90289" lon="9.04862">
        <ele>991.9</ele>
      </trkpt>
      <trkpt lat="60.90225" lon="9.04951">
        <ele>989.6</ele>
      </trkpt>
      <trkpt lat="60.90161" lon="9.05039">
        <ele>988.2</ele>
      </trkpt>
      <trkpt lat="60.90142" lon="9.05062">
        <ele>987.6</ele>
      </trkpt>
      <trkpt lat="60.90127" lon="9.05073">
        <ele>987.2</ele>
      </trkpt>
      <trkpt lat="60.90102" lon="9.0508">
        <ele>986.6</ele>
      </trkpt>
      <trkpt lat="60.90077" lon="9.05081">
        <ele>985.7</ele>
      </trkpt>
      <trkpt lat="60.90027" lon="9.05074">
        <ele>984.5</ele>
      </trkpt>
      <trkpt lat="60.89977" lon="9.05068">
        <ele>982.4</ele>
      </trkpt>
      <trkpt lat="60.89916" lon="9.05054">
        <ele>978.7</ele>
      </trkpt>
      <trkpt lat="60.89854" lon="9.0504">
        <ele>976.7</ele>
      </trkpt>
      <trkpt lat="60.89792" lon="9.05026">
        <ele>980.0</ele>
      </trkpt>
      <trkpt lat="60.89773" lon="9.05019">
        <ele>980.1</ele>
      </trkpt>
      <trkpt lat="60.89713" lon="9.04983">
        <ele>976.3</ele>
      </trkpt>
      <trkpt lat="60.89654" lon="9.04947">
        <ele>975.0</ele>
      </trkpt>
      <trkpt lat="60.89594" lon="9.04911">
        <ele>976.7</ele>
      </trkpt>
      <trkpt lat="60.89574" lon="9.04905">
        <ele>977.0</ele>
      </trkpt>
      <trkpt lat="60.89555" lon="9.0491">
        <ele>977.0</ele>
      </trkpt>
      <trkpt lat="60.89535" lon="9.04926">
        <ele>976.8</ele>
      </trkpt>
      <trkpt lat="60.89482" lon="9.04988">
        <ele>973.5</ele>
      </trkpt>
      <trkpt lat="60.89428" lon="9.0505">
        <ele>968.5</ele>
      </trkpt>
      <trkpt lat="60.89361" lon="9.05138">
        <ele>964.0</ele>
      </trkpt>
      <trkpt lat="60.89314" lon="9.052">
        <ele>962.8</ele>
      </trkpt>
      <trkpt lat="60.89268" lon="9.05263">
        <ele>960.3</ele>
      </trkpt>
      <trkpt lat="60.89212" lon="9.05345">
        <ele>955.5</ele>
      </trkpt>
      <trkpt lat="60.89157" lon="9.05426">
        <ele>953.0</ele>
      </trkpt>
      <trkpt lat="60.89101" lon="9.05508">
        <ele>951.0</ele>
      </trkpt>
      <trkpt lat="60.89045" lon="9.0559">
        <ele>949.2</ele>
      </trkpt>
      <trkpt lat="60.89026" lon="9.05622">
        <ele>948.8</ele>
      </trkpt>
      <trkpt lat="60.89006" lon="9.05665">
        <ele>948.7</ele>
      </trkpt>
      <trkpt lat="60.88964" lon="9.05747">
        <ele>948.3</ele>
      </trkpt>
      <trkpt lat="60.88922" lon="9.05829">
        <ele>948.8</ele>
      </trkpt>
      <trkpt lat="60.88889" lon="9.05915">
        <ele>948.9</ele>
      </trkpt>
      <trkpt lat="60.88845" lon="9.06045">
        <ele>946.8</ele>
      </trkpt>
      <trkpt lat="60.88801" lon="9.06176">
        <ele>943.1</ele>
      </trkpt>
      <trkpt lat="60.88775" lon="9.06242">
        <ele>944.3</ele>
      </trkpt>
      <trkpt lat="60.88758" lon="9.06273">
        <ele>943.4</ele>
      </trkpt>
      <trkpt lat="60.88744" lon="9.06293">
        <ele>942.6</ele>
      </trkpt>
      <trkpt lat="60.88698" lon="9.06344">
        <ele>937.5</ele>
      </trkpt>
      <trkpt lat="60.88685" lon="9.06352">
        <ele>935.6</ele>
      </trkpt>
      <trkpt lat="60.88634" lon="9.06356">
        <ele>928.6</ele>
      </trkpt>
      <trkpt lat="60.886" lon="9.06356">
        <ele>923.4</ele>
      </trkpt>
      <trkpt lat="60.88591" lon="9.06352">
        <ele>922.1</ele>
      </trkpt>
      <trkpt lat="60.88566" lon="9.06338">
        <ele>918.5</ele>
      </trkpt>
      <trkpt lat="60.88537" lon="9.06311">
        <ele>914.7</ele>
      </trkpt>
      <trkpt lat="60.88506" lon="9.0627">
        <ele>913.0</ele>
      </trkpt>
      <trkpt lat="60.8848" lon="9.0624">
        <ele>907.9</ele>
      </trkpt>
      <trkpt lat="60.88462" lon="9.06209">
        <ele>901.6</ele>
      </trkpt>
      <trkpt lat="60.88451" lon="9.06195">
        <ele>898.2</ele>
      </trkpt>
      <trkpt lat="60.88431" lon="9.06185">
        <ele>892.4</ele>
      </trkpt>
      <trkpt lat="60.88362" lon="9.06172">
        <ele>880.1</ele>
      </trkpt>
      <trkpt lat="60.88339" lon="9.06165">
        <ele>877.5</ele>
      </trkpt>
      <trkpt lat="60.8829" lon="9.06145">
        <ele>875.0</ele>
      </trkpt>
      <trkpt lat="60.88277" lon="9.06146">
        <ele>875.0</ele>
      </trkpt>
      <trkpt lat="60.88254" lon="9.06179">
        <ele>875.9</ele>
      </trkpt>
      <trkpt lat="60.88233" lon="9.06203">
        <ele>877.6</ele>
      </trkpt>
      <trkpt lat="60.88224" lon="9.06211">
        <ele>878.1</ele>
      </trkpt>
      <trkpt lat="60.882" lon="9.06223">
        <ele>877.1</ele>
      </trkpt>
      <trkpt lat="60.88182" lon="9.06226">
        <ele>874.9</ele>
      </trkpt>
      <trkpt lat="60.88161" lon="9.06223">
        <ele>873.5</ele>
      </trkpt>
      <trkpt lat="60.88109" lon="9.062099">
        <ele>876.6</ele>
      </trkpt>
      <trkpt lat="60.88092" lon="9.06202">
        <ele>878.6</ele>
      </trkpt>
      <trkpt lat="60.88075" lon="9.06182">
        <ele>880.4</ele>
      </trkpt>
      <trkpt lat="60.88061" lon="9.06156">
        <ele>881.3</ele>
      </trkpt>
      <trkpt lat="60.88049" lon="9.06126">
        <ele>881.5</ele>
      </trkpt>
      <trkpt lat="60.88038" lon="9.06107">
        <ele>881.2</ele>
      </trkpt>
      <trkpt lat="60.88026" lon="9.06087">
        <ele>879.9</ele>
      </trkpt>
      <trkpt lat="60.88014" lon="9.06083">
        <ele>879.0</ele>
      </trkpt>
      <trkpt lat="60.88" lon="9.06084">
        <ele>878.0</ele>
      </trkpt>
      <trkpt lat="60.87985" lon="9.06101">
        <ele>878.2</ele>
      </trkpt>
      <trkpt lat="60.87967" lon="9.0614">
        <ele>880.2</ele>
      </trkpt>
      <trkpt lat="60.87932" lon="9.06228">
        <ele>877.3</ele>
      </trkpt>
      <trkpt lat="60.87897" lon="9.06315">
        <ele>875.2</ele>
      </trkpt>
      <trkpt lat="60.87887" lon="9.06334">
        <ele>874.8</ele>
      </trkpt>
      <trkpt lat="60.87876" lon="9.06344">
        <ele>874.0</ele>
      </trkpt>
      <trkpt lat="60.87864" lon="9.06344">
        <ele>873.5</ele>
      </trkpt>
      <trkpt lat="60.87842" lon="9.06336">
        <ele>873.6</ele>
      </trkpt>
      <trkpt lat="60.87773" lon="9.063">
        <ele>883.3</ele>
      </trkpt>
      <trkpt lat="60.87703" lon="9.06264">
        <ele>899.2</ele>
      </trkpt>
      <trkpt lat="60.87634" lon="9.06228">
        <ele>892.4</ele>
      </trkpt>
      <trkpt lat="60.87567" lon="9.062">
        <ele>880.7</ele>
      </trkpt>
      <trkpt lat="60.87504" lon="9.06181">
        <ele>878.4</ele>
      </trkpt>
      <trkpt lat="60.87447" lon="9.06179">
        <ele>882.3</ele>
      </trkpt>
      <trkpt lat="60.87425" lon="9.06175">
        <ele>884.6</ele>
      </trkpt>
      <trkpt lat="60.87345" lon="9.0612">
        <ele>888.3</ele>
      </trkpt>
      <trkpt lat="60.87314" lon="9.06106">
        <ele>888.7</ele>
      </trkpt>
      <trkpt lat="60.87297" lon="9.06105">
        <ele>888.7</ele>
      </trkpt>
      <trkpt lat="60.87274" lon="9.06114">
        <ele>889.0</ele>
      </trkpt>
      <trkpt lat="60.8723" lon="9.06138">
        <ele>891.1</ele>
      </trkpt>
      <trkpt lat="60.87218" lon="9.06141">
        <ele>892.1</ele>
      </trkpt>
      <trkpt lat="60.87207" lon="9.06141">
        <ele>893.1</ele>
      </trkpt>
      <trkpt lat="60.8716" lon="9.06126">
        <ele>899.0</ele>
      </trkpt>
      <trkpt lat="60.87135" lon="9.06109">
        <ele>903.1</ele>
      </trkpt>
      <trkpt lat="60.87123" lon="9.06092">
        <ele>905.4</ele>
      </trkpt>
      <trkpt lat="60.87112" lon="9.06073">
        <ele>907.3</ele>
      </trkpt>
      <trkpt lat="60.8707" lon="9.05972">
        <ele>910.0</ele>
      </trkpt>
      <trkpt lat="60.87055" lon="9.05953">
        <ele>909.5</ele>
      </trkpt>
      <trkpt lat="60.87039" lon="9.05948">
        <ele>908.8</ele>
      </trkpt>
      <trkpt lat="60.87005" lon="9.05961">
        <ele>906.4</ele>
      </trkpt>
      <trkpt lat="60.86984" lon="9.059799">
        <ele>904.9</ele>
      </trkpt>
      <trkpt lat="60.86936" lon="9.06031">
        <ele>902.2</ele>
      </trkpt>
      <trkpt lat="60.8689" lon="9.06068">
        <ele>901.0</ele>
      </trkpt>
      <trkpt lat="60.86844" lon="9.06106">
        <ele>903.4</ele>
      </trkpt>
      <trkpt lat="60.86819" lon="9.06119">
        <ele>906.9</ele>
      </trkpt>
      <trkpt lat="60.86784" lon="9.06122">
        <ele>911.9</ele>
      </trkpt>
      <trkpt lat="60.86761" lon="9.06119">
        <ele>914.4</ele>
      </trkpt>
      <trkpt lat="60.86713" lon="9.06105">
        <ele>917.0</ele>
      </trkpt>
      <trkpt lat="60.86665" lon="9.06092">
        <ele>920.5</ele>
      </trkpt>
      <trkpt lat="60.8659" lon="9.06078">
        <ele>928.1</ele>
      </trkpt>
      <trkpt lat="60.86515" lon="9.06063">
        <ele>933.4</ele>
      </trkpt>
      <trkpt lat="60.86497" lon="9.060549">
        <ele>935.3</ele>
      </trkpt>
      <trkpt lat="60.86441" lon="9.0601">
        <ele>938.5</ele>
      </trkpt>
      <trkpt lat="60.86419" lon="9.05999">
        <ele>937.9</ele>
      </trkpt>
      <trkpt lat="60.86395" lon="9.05998">
        <ele>936.6</ele>
      </trkpt>
      <trkpt lat="60.86342" lon="9.06009">
        <ele>935.5</ele>
      </trkpt>
      <trkpt lat="60.86322" lon="9.06005">
        <ele>937.4</ele>
      </trkpt>
      <trkpt lat="60.86276" lon="9.05972">
        <ele>941.2</ele>
      </trkpt>
      <trkpt lat="60.86231" lon="9.05938">
        <ele>944.6</ele>
      </trkpt>
      <trkpt lat="60.86201" lon="9.05911">
        <ele>945.8</ele>
      </trkpt>
      <trkpt lat="60.86177" lon="9.05878">
        <ele>945.3</ele>
      </trkpt>
      <trkpt lat="60.86143" lon="9.05792">
        <ele>940.4</ele>
      </trkpt>
      <trkpt lat="60.8613" lon="9.05752">
        <ele>940.5</ele>
      </trkpt>
      <trkpt lat="60.86116" lon="9.0569">
        <ele>939.2</ele>
      </trkpt>
      <trkpt lat="60.86106" lon="9.055669">
        <ele>936.9</ele>
      </trkpt>
      <trkpt lat="60.86094" lon="9.05461">
        <ele>934.0</ele>
      </trkpt>
      <trkpt lat="60.86082" lon="9.05355">
        <ele>931.3</ele>
      </trkpt>
      <trkpt lat="60.86074" lon="9.05316">
        <ele>931.0</ele>
      </trkpt>
      <trkpt lat="60.86065" lon="9.052809">
        <ele>931.2</ele>
      </trkpt>
      <trkpt lat="60.86043" lon="9.05223">
        <ele>931.0</ele>
      </trkpt>
      <trkpt lat="60.8603" lon="9.05195">
        <ele>931.6</ele>
      </trkpt>
      <trkpt lat="60.86005" lon="9.05152">
        <ele>932.6</ele>
      </trkpt>
      <trkpt lat="60.85968" lon="9.05096">
        <ele>933.2</ele>
      </trkpt>
      <trkpt lat="60.85919" lon="9.05014">
        <ele>932.3</ele>
      </trkpt>
      <trkpt lat="60.85871" lon="9.04932">
        <ele>931.4</ele>
      </trkpt>
      <trkpt lat="60.85863" lon="9.04914">
        <ele>929.7</ele>
      </trkpt>
      <trkpt lat="60.85839" lon="9.04826">
        <ele>926.1</ele>
      </trkpt>
      <trkpt lat="60.85813" lon="9.04745">
        <ele>921.9</ele>
      </trkpt>
      <trkpt lat="60.85799" lon="9.04681">
        <ele>916.8</ele>
      </trkpt>
      <trkpt lat="60.85792" lon="9.04631">
        <ele>911.7</ele>
      </trkpt>
      <trkpt lat="60.85777" lon="9.044879">
        <ele>907.5</ele>
      </trkpt>
      <trkpt lat="60.85763" lon="9.04344">
        <ele>905.3</ele>
      </trkpt>
      <trkpt lat="60.85759" lon="9.043189">
        <ele>907.1</ele>
      </trkpt>
      <trkpt lat="60.8575" lon="9.04296">
        <ele>910.3</ele>
      </trkpt>
      <trkpt lat="60.85737" lon="9.04273">
        <ele>912.9</ele>
      </trkpt>
      <trkpt lat="60.85696" lon="9.04218">
        <ele>915.1</ele>
      </trkpt>
      <trkpt lat="60.85639" lon="9.04151">
        <ele>906.0</ele>
      </trkpt>
      <trkpt lat="60.85581" lon="9.04084">
        <ele>898.3</ele>
      </trkpt>
      <trkpt lat="60.85523" lon="9.04017">
        <ele>890.8</ele>
      </trkpt>
      <trkpt lat="60.8547" lon="9.03952">
        <ele>889.0</ele>
      </trkpt>
      <trkpt lat="60.85416" lon="9.03888">
        <ele>889.8</ele>
      </trkpt>
      <trkpt lat="60.85363" lon="9.03823">
        <ele>889.5</ele>
      </trkpt>
      <trkpt lat="60.85322" lon="9.03781">
        <ele>876.2</ele>
      </trkpt>
      <trkpt lat="60.853" lon="9.03763">
        <ele>872.2</ele>
      </trkpt>
      <trkpt lat="60.8528" lon="9.03752">
        <ele>869.7</ele>
      </trkpt>
      <trkpt lat="60.85247" lon="9.03743">
        <ele>865.2</ele>
      </trkpt>
      <trkpt lat="60.8519" lon="9.03734">
        <ele>867.9</ele>
      </trkpt>
      <trkpt lat="60.85133" lon="9.03725">
        <ele>877.7</ele>
      </trkpt>
      <trkpt lat="60.85062" lon="9.037">
        <ele>873.9</ele>
      </trkpt>
      <trkpt lat="60.84999" lon="9.03656">
        <ele>870.6</ele>
      </trkpt>
      <trkpt lat="60.84959" lon="9.036199">
        <ele>868.9</ele>
      </trkpt>
      <trkpt lat="60.84887" lon="9.035589">
        <ele>863.4</ele>
      </trkpt>
      <trkpt lat="60.84814" lon="9.03499">
        <ele>864.9</ele>
      </trkpt>
      <trkpt lat="60.84742" lon="9.03438">
        <ele>861.5</ele>
      </trkpt>
      <trkpt lat="60.84706" lon="9.034039">
        <ele>859.0</ele>
      </trkpt>
      <trkpt lat="60.84644" lon="9.03327">
        <ele>856.4</ele>
      </trkpt>
      <trkpt lat="60.84605" lon="9.03274">
        <ele>853.4</ele>
      </trkpt>
      <trkpt lat="60.84539" lon="9.03162">
        <ele>848.9</ele>
      </trkpt>
      <trkpt lat="60.84481" lon="9.03059">
        <ele>842.5</ele>
      </trkpt>
      <trkpt lat="60.84423" lon="9.02955">
        <ele>841.3</ele>
      </trkpt>
      <trkpt lat="60.84403" lon="9.02925">
        <ele>841.8</ele>
      </trkpt>
      <trkpt lat="60.84366" lon="9.02885">
        <ele>839.5</ele>
      </trkpt>
      <trkpt lat="60.84338" lon="9.02848">
        <ele>837.3</ele>
      </trkpt>
      <trkpt lat="60.8432" lon="9.0282">
        <ele>841.9</ele>
      </trkpt>
      <trkpt lat="60.84303" lon="9.02785">
        <ele>837.1</ele>
      </trkpt>
      <trkpt lat="60.84268" lon="9.02687">
        <ele>822.4</ele>
      </trkpt>
      <trkpt lat="60.8422" lon="9.02547">
        <ele>821.6</ele>
      </trkpt>
      <trkpt lat="60.84173" lon="9.02407">
        <ele>820.7</ele>
      </trkpt>
      <trkpt lat="60.84155" lon="9.02335">
        <ele>819.3</ele>
      </trkpt>
      <trkpt lat="60.84149" lon="9.02275">
        <ele>818.5</ele>
      </trkpt>
      <trkpt lat="60.84147" lon="9.02228">
        <ele>818.7</ele>
      </trkpt>
      <trkpt lat="60.84148" lon="9.02183">
        <ele>818.5</ele>
      </trkpt>
      <trkpt lat="60.84155" lon="9.02084">
        <ele>819.8</ele>
      </trkpt>
      <trkpt lat="60.84168" lon="9.020149">
        <ele>824.2</ele>
      </trkpt>
      <trkpt lat="60.84171" lon="9.0197">
        <ele>825.9</ele>
      </trkpt>
      <trkpt lat="60.84169" lon="9.01906">
        <ele>825.9</ele>
      </trkpt>
      <trkpt lat="60.84164" lon="9.018789">
        <ele>825.5</ele>
      </trkpt>
      <trkpt lat="60.84153" lon="9.01841">
        <ele>825.2</ele>
      </trkpt>
      <trkpt lat="60.84137" lon="9.01831">
        <ele>823.5</ele>
      </trkpt>
      <trkpt lat="60.84051" lon="9.018039">
        <ele>811.7</ele>
      </trkpt>
      <trkpt lat="60.83965" lon="9.01776">
        <ele>808.4</ele>
      </trkpt>
      <trkpt lat="60.83907" lon="9.01758">
        <ele>812.2</ele>
      </trkpt>
      <trkpt lat="60.8389" lon="9.017429">
        <ele>813.4</ele>
      </trkpt>
      <trkpt lat="60.83876" lon="9.01724">
        <ele>814.9</ele>
      </trkpt>
      <trkpt lat="60.83843" lon="9.0165">
        <ele>818.6</ele>
      </trkpt>
      <trkpt lat="60.83831" lon="9.0162">
        <ele>818.4</ele>
      </trkpt>
      <trkpt lat="60.83818" lon="9.01584">
        <ele>817.8</ele>
      </trkpt>
      <trkpt lat="60.83795" lon="9.01445">
        <ele>816.5</ele>
      </trkpt>
      <trkpt lat="60.83771" lon="9.01306">
        <ele>820.3</ele>
      </trkpt>
      <trkpt lat="60.83748" lon="9.011659">
        <ele>822.0</ele>
      </trkpt>
      <trkpt lat="60.83724" lon="9.01027">
        <ele>822.1</ele>
      </trkpt>
      <trkpt lat="60.83701" lon="9.00888">
        <ele>822.0</ele>
      </trkpt>
      <trkpt lat="60.83695" lon="9.00876">
        <ele>822.0</ele>
      </trkpt>
      <trkpt lat="60.83692" lon="9.008609">
        <ele>822.6</ele>
      </trkpt>
      <trkpt lat="60.83676" lon="9.0082">
        <ele>825.0</ele>
      </trkpt>
      <trkpt lat="60.83669" lon="9.00805">
        <ele>826.3</ele>
      </trkpt>
      <trkpt lat="60.83615" lon="9.00702">
        <ele>826.6</ele>
      </trkpt>
      <trkpt lat="60.83561" lon="9.005979">
        <ele>828.6</ele>
      </trkpt>
      <trkpt lat="60.8351" lon="9.00512">
        <ele>828.3</ele>
      </trkpt>
      <trkpt lat="60.8346" lon="9.00425">
        <ele>826.5</ele>
      </trkpt>
      <trkpt lat="60.83444" lon="9.00391">
        <ele>824.7</ele>
      </trkpt>
      <trkpt lat="60.83399" lon="9.00337">
        <ele>821.3</ele>
      </trkpt>
      <trkpt lat="60.83365" lon="9.00315">
        <ele>821.3</ele>
      </trkpt>
      <trkpt lat="60.83354" lon="9.00302">
        <ele>821.6</ele>
      </trkpt>
      <trkpt lat="60.83334" lon="9.00267">
        <ele>821.5</ele>
      </trkpt>
      <trkpt lat="60.83312" lon="9.00219">
        <ele>822.0</ele>
      </trkpt>
      <trkpt lat="60.83289" lon="9.00151">
        <ele>822.0</ele>
      </trkpt>
      <trkpt lat="60.83281" lon="9.00112">
        <ele>822.4</ele>
      </trkpt>
      <trkpt lat="60.83275" lon="9.00071">
        <ele>822.8</ele>
      </trkpt>
      <trkpt lat="60.83266" lon="8.99978">
        <ele>826.4</ele>
      </trkpt>
      <trkpt lat="60.83256" lon="8.99884">
        <ele>829.4</ele>
      </trkpt>
      <trkpt lat="60.83248" lon="8.99762">
        <ele>832.0</ele>
      </trkpt>
      <trkpt lat="60.8324" lon="8.99661">
        <ele>833.0</ele>
      </trkpt>
      <trkpt lat="60.83233" lon="8.9956">
        <ele>835.1</ele>
      </trkpt>
      <trkpt lat="60.83208" lon="8.9941">
        <ele>839.0</ele>
      </trkpt>
      <trkpt lat="60.83179" lon="8.99322">
        <ele>842.2</ele>
      </trkpt>
      <trkpt lat="60.83154" lon="8.99281">
        <ele>844.8</ele>
      </trkpt>
      <trkpt lat="60.83137" lon="8.99259">
        <ele>846.2</ele>
      </trkpt>
      <trkpt lat="60.83122" lon="8.99247">
        <ele>847.6</ele>
      </trkpt>
      <trkpt lat="60.83064" lon="8.992139">
        <ele>847.0</ele>
      </trkpt>
      <trkpt lat="60.83006" lon="8.99182">
        <ele>844.0</ele>
      </trkpt>
      <trkpt lat="60.82932" lon="8.99146">
        <ele>847.1</ele>
      </trkpt>
      <trkpt lat="60.82881" lon="8.99112">
        <ele>852.9</ele>
      </trkpt>
      <trkpt lat="60.82835" lon="8.99069">
        <ele>856.9</ele>
      </trkpt>
      <trkpt lat="60.8279" lon="8.990259">
        <ele>859.0</ele>
      </trkpt>
      <trkpt lat="60.82731" lon="8.989839">
        <ele>859.1</ele>
      </trkpt>
      <trkpt lat="60.82707" lon="8.98972">
        <ele>859.4</ele>
      </trkpt>
      <trkpt lat="60.82641" lon="8.98946">
        <ele>858.7</ele>
      </trkpt>
      <trkpt lat="60.82555" lon="8.98901">
        <ele>863.7</ele>
      </trkpt>
      <trkpt lat="60.82534" lon="8.98895">
        <ele>863.4</ele>
      </trkpt>
      <trkpt lat="60.82447" lon="8.98895">
        <ele>856.8</ele>
      </trkpt>
      <trkpt lat="60.82361" lon="8.98896">
        <ele>865.4</ele>
      </trkpt>
      <trkpt lat="60.82333" lon="8.98907">
        <ele>870.8</ele>
      </trkpt>
      <trkpt lat="60.82322" lon="8.98917">
        <ele>872.9</ele>
      </trkpt>
      <trkpt lat="60.82314" lon="8.98925">
        <ele>874.8</ele>
      </trkpt>
      <trkpt lat="60.82305" lon="8.98939">
        <ele>876.7</ele>
      </trkpt>
      <trkpt lat="60.8228" lon="8.98991">
        <ele>880.1</ele>
      </trkpt>
      <trkpt lat="60.82242" lon="8.99091">
        <ele>881.0</ele>
      </trkpt>
      <trkpt lat="60.82227" lon="8.99122">
        <ele>882.1</ele>
      </trkpt>
      <trkpt lat="60.82181" lon="8.99202">
        <ele>884.2</ele>
      </trkpt>
      <trkpt lat="60.82161" lon="8.99251">
        <ele>884.9</ele>
      </trkpt>
      <trkpt lat="60.82141" lon="8.99314">
        <ele>885.9</ele>
      </trkpt>
      <trkpt lat="60.82126" lon="8.99354">
        <ele>885.7</ele>
      </trkpt>
      <trkpt lat="60.82116" lon="8.99374">
        <ele>885.7</ele>
      </trkpt>
      <trkpt lat="60.82116" lon="8.99354">
        <ele>886.4</ele>
      </trkpt>
      <trkpt lat="60.82109" lon="8.99358">
        <ele>886.8</ele>
      </trkpt>
      <trkpt lat="60.82062" lon="8.99409">
        <ele>888.3</ele>
      </trkpt>
      <trkpt lat="60.82014" lon="8.99441">
        <ele>890.6</ele>
      </trkpt>
      <trkpt lat="60.81966" lon="8.99473">
        <ele>892.4</ele>
      </trkpt>
      <trkpt lat="60.8196" lon="8.99474">
        <ele>892.8</ele>
      </trkpt>
      <trkpt lat="60.8195" lon="8.99466">
        <ele>894.0</ele>
      </trkpt>
      <trkpt lat="60.81942" lon="8.9945">
        <ele>895.5</ele>
      </trkpt>
      <trkpt lat="60.81938" lon="8.99423">
        <ele>896.7</ele>
      </trkpt>
      <trkpt lat="60.81928" lon="8.99325">
        <ele>900.1</ele>
      </trkpt>
      <trkpt lat="60.81922" lon="8.9922">
        <ele>897.6</ele>
      </trkpt>
      <trkpt lat="60.81915" lon="8.99145">
        <ele>903.3</ele>
      </trkpt>
      <trkpt lat="60.81903" lon="8.99019">
        <ele>909.8</ele>
      </trkpt>
      <trkpt lat="60.81892" lon="8.98928">
        <ele>909.9</ele>
      </trkpt>
      <trkpt lat="60.81882" lon="8.98837">
        <ele>921.9</ele>
      </trkpt>
      <trkpt lat="60.81876" lon="8.98793">
        <ele>922.2</ele>
      </trkpt>
      <trkpt lat="60.81863" lon="8.98723">
        <ele>920.7</ele>
      </trkpt>
      <trkpt lat="60.81861" lon="8.98699">
        <ele>920.7</ele>
      </trkpt>
      <trkpt lat="60.81862" lon="8.98657">
        <ele>921.1</ele>
      </trkpt>
      <trkpt lat="60.81858" lon="8.98603">
        <ele>921.3</ele>
      </trkpt>
      <trkpt lat="60.81845" lon="8.98495">
        <ele>919.9</ele>
      </trkpt>
      <trkpt lat="60.81842" lon="8.98477">
        <ele>919.5</ele>
      </trkpt>
      <trkpt lat="60.81813" lon="8.98423">
        <ele>917.7</ele>
      </trkpt>
      <trkpt lat="60.81788" lon="8.983879">
        <ele>916.5</ele>
      </trkpt>
      <trkpt lat="60.81774" lon="8.98376">
        <ele>916.0</ele>
      </trkpt>
      <trkpt lat="60.81729" lon="8.98356">
        <ele>916.0</ele>
      </trkpt>
      <trkpt lat="60.81679" lon="8.98345">
        <ele>916.1</ele>
      </trkpt>
      <trkpt lat="60.81638" lon="8.98331">
        <ele>915.2</ele>
      </trkpt>
      <trkpt lat="60.81564" lon="8.98314">
        <ele>916.4</ele>
      </trkpt>
      <trkpt lat="60.81491" lon="8.98296">
        <ele>918.8</ele>
      </trkpt>
      <trkpt lat="60.81433" lon="8.982799">
        <ele>921.8</ele>
      </trkpt>
      <trkpt lat="60.81376" lon="8.98264">
        <ele>924.0</ele>
      </trkpt>
      <trkpt lat="60.81321" lon="8.9825">
        <ele>926.9</ele>
      </trkpt>
      <trkpt lat="60.81266" lon="8.98237">
        <ele>932.7</ele>
      </trkpt>
      <trkpt lat="60.81254" lon="8.98231">
        <ele>933.3</ele>
      </trkpt>
      <trkpt lat="60.81252" lon="8.98227">
        <ele>933.3</ele>
      </trkpt>
      <trkpt lat="60.81239" lon="8.9823">
        <ele>933.7</ele>
      </trkpt>
      <trkpt lat="60.81177" lon="8.98213">
        <ele>935.9</ele>
      </trkpt>
      <trkpt lat="60.81158" lon="8.98211">
        <ele>936.6</ele>
      </trkpt>
      <trkpt lat="60.81119" lon="8.98197">
        <ele>936.1</ele>
      </trkpt>
      <trkpt lat="60.811" lon="8.98186">
        <ele>935.7</ele>
      </trkpt>
      <trkpt lat="60.81071" lon="8.98162">
        <ele>935.4</ele>
      </trkpt>
      <trkpt lat="60.81042" lon="8.98131">
        <ele>932.8</ele>
      </trkpt>
      <trkpt lat="60.81025" lon="8.981">
        <ele>933.6</ele>
      </trkpt>
      <trkpt lat="60.81018" lon="8.98078">
        <ele>934.1</ele>
      </trkpt>
      <trkpt lat="60.81006" lon="8.98017">
        <ele>936.6</ele>
      </trkpt>
      <trkpt lat="60.80993" lon="8.97885">
        <ele>938.5</ele>
      </trkpt>
      <trkpt lat="60.80976" lon="8.97745">
        <ele>935.2</ele>
      </trkpt>
      <trkpt lat="60.80961" lon="8.97693">
        <ele>933.3</ele>
      </trkpt>
      <trkpt lat="60.80952" lon="8.97681">
        <ele>932.5</ele>
      </trkpt>
      <trkpt lat="60.80942" lon="8.97682">
        <ele>931.8</ele>
      </trkpt>
      <trkpt lat="60.8093" lon="8.9769">
        <ele>931.0</ele>
      </trkpt>
      <trkpt lat="60.80929" lon="8.97685">
        <ele>931.0</ele>
      </trkpt>
      <trkpt lat="60.80923" lon="8.9768">
        <ele>931.0</ele>
      </trkpt>
      <trkpt lat="60.80859" lon="8.97648">
        <ele>935.7</ele>
      </trkpt>
      <trkpt lat="60.80794" lon="8.97615">
        <ele>940.3</ele>
      </trkpt>
      <trkpt lat="60.80728" lon="8.97568">
        <ele>939.2</ele>
      </trkpt>
      <trkpt lat="60.80728" lon="8.97569">
        <ele>939.1</ele>
      </trkpt>
      <trkpt lat="60.80683" lon="8.97543">
        <ele>937.1</ele>
      </trkpt>
      <trkpt lat="60.806797" lon="8.975285">
        <ele>937.9</ele>
      </trkpt>
      <trkpt lat="60.80678" lon="8.97477">
        <ele>940.3</ele>
      </trkpt>
      <trkpt lat="60.80686" lon="8.97357">
        <ele>942.1</ele>
      </trkpt>
      <trkpt lat="60.80682" lon="8.97298">
        <ele>944.5</ele>
      </trkpt>
      <trkpt lat="60.80683" lon="8.97274">
        <ele>947.4</ele>
      </trkpt>
      <trkpt lat="60.80688" lon="8.97241">
        <ele>952.6</ele>
      </trkpt>
      <trkpt lat="60.80698" lon="8.97192">
        <ele>956.9</ele>
      </trkpt>
      <trkpt lat="60.80701" lon="8.97174">
        <ele>957.8</ele>
      </trkpt>
      <trkpt lat="60.80709" lon="8.97151">
        <ele>957.9</ele>
      </trkpt>
      <trkpt lat="60.80715" lon="8.97141">
        <ele>957.1</ele>
      </trkpt>
      <trkpt lat="60.80735" lon="8.97124">
        <ele>956.1</ele>
      </trkpt>
      <trkpt lat="60.80786" lon="8.97092">
        <ele>962.0</ele>
      </trkpt>
      <trkpt lat="60.80837" lon="8.970599">
        <ele>966.3</ele>
      </trkpt>
      <trkpt lat="60.80854" lon="8.970459">
        <ele>967.6</ele>
      </trkpt>
      <trkpt lat="60.80862" lon="8.97034">
        <ele>968.6</ele>
      </trkpt>
      <trkpt lat="60.80871" lon="8.97012">
        <ele>970.1</ele>
      </trkpt>
      <trkpt lat="60.80875" lon="8.96982">
        <ele>972.3</ele>
      </trkpt>
      <trkpt lat="60.80874" lon="8.96939">
        <ele>975.4</ele>
      </trkpt>
      <trkpt lat="60.80872" lon="8.96916">
        <ele>976.5</ele>
      </trkpt>
      <trkpt lat="60.80857" lon="8.96806">
        <ele>981.2</ele>
      </trkpt>
      <trkpt lat="60.80843" lon="8.96688">
        <ele>986.0</ele>
      </trkpt>
      <trkpt lat="60.80827" lon="8.96582">
        <ele>993.7</ele>
      </trkpt>
      <trkpt lat="60.80826" lon="8.96546">
        <ele>997.5</ele>
      </trkpt>
      <trkpt lat="60.8083" lon="8.96507">
        <ele>1002.3</ele>
      </trkpt>
      <trkpt lat="60.8083" lon="8.96476">
        <ele>1005.6</ele>
      </trkpt>
      <trkpt lat="60.80825" lon="8.96337">
        <ele>1015.7</ele>
      </trkpt>
      <trkpt lat="60.80821" lon="8.96301">
        <ele>1016.9</ele>
      </trkpt>
      <trkpt lat="60.80807" lon="8.96243">
        <ele>1017.0</ele>
      </trkpt>
      <trkpt lat="60.80787" lon="8.96176">
        <ele>1016.7</ele>
      </trkpt>
      <trkpt lat="60.80767" lon="8.961169">
        <ele>1019.2</ele>
      </trkpt>
      <trkpt lat="60.80759" lon="8.961029">
        <ele>1019.7</ele>
      </trkpt>
      <trkpt lat="60.80751" lon="8.96095">
        <ele>1019.4</ele>
      </trkpt>
      <trkpt lat="60.80741" lon="8.9609">
        <ele>1018.7</ele>
      </trkpt>
      <trkpt lat="60.80731" lon="8.9609">
        <ele>1017.3</ele>
      </trkpt>
      <trkpt lat="60.80711" lon="8.96096">
        <ele>1013.5</ele>
      </trkpt>
      <trkpt lat="60.80707" lon="8.96094">
        <ele>1013.2</ele>
      </trkpt>
      <trkpt lat="60.80674" lon="8.96057">
        <ele>1013.0</ele>
      </trkpt>
      <trkpt lat="60.80646" lon="8.96043">
        <ele>1011.1</ele>
      </trkpt>
      <trkpt lat="60.80633" lon="8.96026">
        <ele>1011.6</ele>
      </trkpt>
      <trkpt lat="60.80578" lon="8.95894">
        <ele>1015.6</ele>
      </trkpt>
      <trkpt lat="60.80549" lon="8.95825">
        <ele>1022.1</ele>
      </trkpt>
      <trkpt lat="60.80587" lon="8.95795">
        <ele>1032.6</ele>
      </trkpt>
      <trkpt lat="60.80601" lon="8.9578">
        <ele>1036.1</ele>
      </trkpt>
      <trkpt lat="60.80617" lon="8.95773">
        <ele>1039.2</ele>
      </trkpt>
      <trkpt lat="60.80609" lon="8.95752">
        <ele>1037.9</ele>
      </trkpt>
      <trkpt lat="60.80595" lon="8.956619">
        <ele>1033.6</ele>
      </trkpt>
      <trkpt lat="60.80585" lon="8.95598">
        <ele>1031.3</ele>
      </trkpt>
      <trkpt lat="60.80585" lon="8.9552">
        <ele>1030.5</ele>
      </trkpt>
      <trkpt lat="60.80581" lon="8.9548">
        <ele>1029.5</ele>
      </trkpt>
      <trkpt lat="60.80567" lon="8.95489">
        <ele>1026.5</ele>
      </trkpt>
      <trkpt lat="60.80564" lon="8.95463">
        <ele>1025.7</ele>
      </trkpt>
      <trkpt lat="60.80565" lon="8.95287">
        <ele>1020.0</ele>
      </trkpt>
      <trkpt lat="60.80554" lon="8.95236">
        <ele>1018.2</ele>
      </trkpt>
      <trkpt lat="60.80547" lon="8.9521">
        <ele>1017.0</ele>
      </trkpt>
      <trkpt lat="60.80538" lon="8.95207">
        <ele>1015.3</ele>
      </trkpt>
      <trkpt lat="60.80526" lon="8.95209">
        <ele>1013.2</ele>
      </trkpt>
      <trkpt lat="60.80517" lon="8.95222">
        <ele>1011.1</ele>
      </trkpt>
      <trkpt lat="60.8049" lon="8.95239">
        <ele>1006.6</ele>
      </trkpt>
      <trkpt lat="60.80477" lon="8.95274">
        <ele>1004.4</ele>
      </trkpt>
      <trkpt lat="60.80464" lon="8.952959">
        <ele>1002.6</ele>
      </trkpt>
      <trkpt lat="60.80453" lon="8.95305">
        <ele>1001.4</ele>
      </trkpt>
      <trkpt lat="60.80444" lon="8.95293">
        <ele>1000.5</ele>
      </trkpt>
      <trkpt lat="60.80418" lon="8.95225">
        <ele>1000.7</ele>
      </trkpt>
      <trkpt lat="60.80413" lon="8.95223">
        <ele>1000.5</ele>
      </trkpt>
      <trkpt lat="60.80408" lon="8.95231">
        <ele>999.7</ele>
      </trkpt>
      <trkpt lat="60.80402" lon="8.95258">
        <ele>998.1</ele>
      </trkpt>
      <trkpt lat="60.80401" lon="8.95319">
        <ele>995.7</ele>
      </trkpt>
      <trkpt lat="60.80403" lon="8.95351">
        <ele>995.0</ele>
      </trkpt>
      <trkpt lat="60.804" lon="8.95472">
        <ele>994.8</ele>
      </trkpt>
      <trkpt lat="60.80392" lon="8.95472">
        <ele>993.0</ele>
      </trkpt>
      <trkpt lat="60.80387" lon="8.95456">
        <ele>991.6</ele>
      </trkpt>
      <trkpt lat="60.80382" lon="8.9543">
        <ele>990.5</ele>
      </trkpt>
      <trkpt lat="60.80379" lon="8.95373">
        <ele>989.9</ele>
      </trkpt>
      <trkpt lat="60.80376" lon="8.95355">
        <ele>989.9</ele>
      </trkpt>
      <trkpt lat="60.8037" lon="8.95347">
        <ele>988.9</ele>
      </trkpt>
      <trkpt lat="60.80363" lon="8.95348">
        <ele>987.4</ele>
      </trkpt>
      <trkpt lat="60.80356" lon="8.95355">
        <ele>985.4</ele>
      </trkpt>
      <trkpt lat="60.80339" lon="8.95388">
        <ele>979.2</ele>
      </trkpt>
      <trkpt lat="60.80327" lon="8.9541">
        <ele>975.0</ele>
      </trkpt>
      <trkpt lat="60.80299" lon="8.95469">
        <ele>966.3</ele>
      </trkpt>
      <trkpt lat="60.80242" lon="8.95565">
        <ele>958.4</ele>
      </trkpt>
      <trkpt lat="60.80218" lon="8.95621">
        <ele>953.9</ele>
      </trkpt>
      <trkpt lat="60.80204" lon="8.95574">
        <ele>954.7</ele>
      </trkpt>
      <trkpt lat="60.80195" lon="8.95557">
        <ele>955.0</ele>
      </trkpt>
      <trkpt lat="60.80191" lon="8.95552">
        <ele>955.0</ele>
      </trkpt>
      <trkpt lat="60.80136" lon="8.95536">
        <ele>954.1</ele>
      </trkpt>
      <trkpt lat="60.80121" lon="8.955209">
        <ele>954.1</ele>
      </trkpt>
      <trkpt lat="60.80108" lon="8.95499">
        <ele>953.7</ele>
      </trkpt>
      <trkpt lat="60.80096" lon="8.95471">
        <ele>953.9</ele>
      </trkpt>
      <trkpt lat="60.8007" lon="8.95403">
        <ele>951.1</ele>
      </trkpt>
      <trkpt lat="60.80066" lon="8.953849">
        <ele>949.7</ele>
      </trkpt>
      <trkpt lat="60.80061" lon="8.95315">
        <ele>952.2</ele>
      </trkpt>
      <trkpt lat="60.80054" lon="8.95271">
        <ele>956.3</ele>
      </trkpt>
      <trkpt lat="60.80043" lon="8.95236">
        <ele>958.1</ele>
      </trkpt>
      <trkpt lat="60.80023" lon="8.95199">
        <ele>959.0</ele>
      </trkpt>
      <trkpt lat="60.79998" lon="8.95199">
        <ele>957.8</ele>
      </trkpt>
      <trkpt lat="60.79958" lon="8.9512">
        <ele>958.2</ele>
      </trkpt>
      <trkpt lat="60.7994" lon="8.95068">
        <ele>959.8</ele>
      </trkpt>
      <trkpt lat="60.79934" lon="8.95034">
        <ele>963.0</ele>
      </trkpt>
      <trkpt lat="60.79913" lon="8.94923">
        <ele>977.5</ele>
      </trkpt>
      <trkpt lat="60.79899" lon="8.94811">
        <ele>982.3</ele>
      </trkpt>
      <trkpt lat="60.79862" lon="8.94691">
        <ele>979.1</ele>
      </trkpt>
      <trkpt lat="60.79825" lon="8.94572">
        <ele>975.0</ele>
      </trkpt>
      <trkpt lat="60.79788" lon="8.94453">
        <ele>970.7</ele>
      </trkpt>
      <trkpt lat="60.79782" lon="8.94424">
        <ele>971.2</ele>
      </trkpt>
      <trkpt lat="60.79783" lon="8.94377">
        <ele>974.4</ele>
      </trkpt>
      <trkpt lat="60.79773" lon="8.94356">
        <ele>972.8</ele>
      </trkpt>
      <trkpt lat="60.79759" lon="8.94338">
        <ele>971.7</ele>
      </trkpt>
      <trkpt lat="60.7974" lon="8.94263">
        <ele>976.3</ele>
      </trkpt>
      <trkpt lat="60.79729" lon="8.94193">
        <ele>975.9</ele>
      </trkpt>
      <trkpt lat="60.79727" lon="8.94141">
        <ele>978.3</ele>
      </trkpt>
      <trkpt lat="60.79723" lon="8.9412">
        <ele>979.9</ele>
      </trkpt>
      <trkpt lat="60.79709" lon="8.94092">
        <ele>980.6</ele>
      </trkpt>
      <trkpt lat="60.79679" lon="8.94012">
        <ele>983.9</ele>
      </trkpt>
      <trkpt lat="60.79663" lon="8.93946">
        <ele>985.3</ele>
      </trkpt>
      <trkpt lat="60.79652" lon="8.93938">
        <ele>983.6</ele>
      </trkpt>
      <trkpt lat="60.79643" lon="8.93894">
        <ele>984.7</ele>
      </trkpt>
      <trkpt lat="60.79641" lon="8.93888">
        <ele>984.6</ele>
      </trkpt>
      <trkpt lat="60.79629" lon="8.9387">
        <ele>983.9</ele>
      </trkpt>
      <trkpt lat="60.79596" lon="8.93791">
        <ele>988.1</ele>
      </trkpt>
      <trkpt lat="60.79596" lon="8.93777">
        <ele>989.7</ele>
      </trkpt>
      <trkpt lat="60.79588" lon="8.93744">
        <ele>994.1</ele>
      </trkpt>
      <trkpt lat="60.79582" lon="8.93709">
        <ele>998.1</ele>
      </trkpt>
      <trkpt lat="60.79567" lon="8.93685">
        <ele>1002.4</ele>
      </trkpt>
      <trkpt lat="60.79558" lon="8.93651">
        <ele>1004.7</ele>
      </trkpt>
      <trkpt lat="60.79552" lon="8.93642">
        <ele>1004.9</ele>
      </trkpt>
      <trkpt lat="60.79548" lon="8.93631">
        <ele>1005.2</ele>
      </trkpt>
      <trkpt lat="60.79538" lon="8.93584">
        <ele>1007.1</ele>
      </trkpt>
      <trkpt lat="60.79532" lon="8.93544">
        <ele>1007.9</ele>
      </trkpt>
      <trkpt lat="60.79526" lon="8.93533">
        <ele>1007.9</ele>
      </trkpt>
      <trkpt lat="60.79515" lon="8.93521">
        <ele>1007.6</ele>
      </trkpt>
      <trkpt lat="60.79505" lon="8.93493">
        <ele>1007.7</ele>
      </trkpt>
      <trkpt lat="60.79476" lon="8.934469">
        <ele>1006.8</ele>
      </trkpt>
      <trkpt lat="60.79471" lon="8.93425">
        <ele>1007.8</ele>
      </trkpt>
      <trkpt lat="60.7946" lon="8.93406">
        <ele>1007.9</ele>
      </trkpt>
      <trkpt lat="60.79443" lon="8.93385">
        <ele>1005.2</ele>
      </trkpt>
      <trkpt lat="60.79422" lon="8.93342">
        <ele>1002.8</ele>
      </trkpt>
      <trkpt lat="60.79415" lon="8.93322">
        <ele>1000.5</ele>
      </trkpt>
      <trkpt lat="60.79389" lon="8.93277">
        <ele>997.1</ele>
      </trkpt>
      <trkpt lat="60.79372" lon="8.93243">
        <ele>996.0</ele>
      </trkpt>
      <trkpt lat="60.79353" lon="8.931609">
        <ele>998.2</ele>
      </trkpt>
      <trkpt lat="60.79344" lon="8.931419">
        <ele>997.6</ele>
      </trkpt>
      <trkpt lat="60.79335" lon="8.9313">
        <ele>996.6</ele>
      </trkpt>
      <trkpt lat="60.79297" lon="8.930669">
        <ele>993.1</ele>
      </trkpt>
      <trkpt lat="60.79297" lon="8.9305">
        <ele>993.9</ele>
      </trkpt>
      <trkpt lat="60.79307" lon="8.93038">
        <ele>997.1</ele>
      </trkpt>
      <trkpt lat="60.79308" lon="8.93027">
        <ele>998.2</ele>
      </trkpt>
      <trkpt lat="60.79308" lon="8.93011">
        <ele>999.3</ele>
      </trkpt>
      <trkpt lat="60.79301" lon="8.92907">
        <ele>1005.9</ele>
      </trkpt>
      <trkpt lat="60.79296" lon="8.92874">
        <ele>1006.8</ele>
      </trkpt>
      <trkpt lat="60.79289" lon="8.92859">
        <ele>1005.2</ele>
      </trkpt>
      <trkpt lat="60.7928" lon="8.92783">
        <ele>1008.6</ele>
      </trkpt>
      <trkpt lat="60.79259" lon="8.9269">
        <ele>1007.6</ele>
      </trkpt>
      <trkpt lat="60.79257" lon="8.92646">
        <ele>1010.0</ele>
      </trkpt>
      <trkpt lat="60.79254" lon="8.9262">
        <ele>1010.6</ele>
      </trkpt>
      <trkpt lat="60.79238" lon="8.92524">
        <ele>1009.2</ele>
      </trkpt>
      <trkpt lat="60.79234" lon="8.92469">
        <ele>1010.0</ele>
      </trkpt>
      <trkpt lat="60.79229" lon="8.92445">
        <ele>1009.4</ele>
      </trkpt>
      <trkpt lat="60.79214" lon="8.92417">
        <ele>1005.6</ele>
      </trkpt>
      <trkpt lat="60.79207" lon="8.92393">
        <ele>1003.6</ele>
      </trkpt>
      <trkpt lat="60.79187" lon="8.923069">
        <ele>998.5</ele>
      </trkpt>
      <trkpt lat="60.79162" lon="8.92228">
        <ele>1002.9</ele>
      </trkpt>
      <trkpt lat="60.79146" lon="8.92194">
        <ele>1001.2</ele>
      </trkpt>
      <trkpt lat="60.79122" lon="8.92158">
        <ele>995.1</ele>
      </trkpt>
      <trkpt lat="60.79098" lon="8.92117">
        <ele>995.9</ele>
      </trkpt>
      <trkpt lat="60.79089" lon="8.92097">
        <ele>996.3</ele>
      </trkpt>
      <trkpt lat="60.79076" lon="8.92055">
        <ele>997.9</ele>
      </trkpt>
      <trkpt lat="60.79069" lon="8.92037">
        <ele>998.0</ele>
      </trkpt>
      <trkpt lat="60.7906" lon="8.92024">
        <ele>997.3</ele>
      </trkpt>
      <trkpt lat="60.7904" lon="8.92003">
        <ele>995.5</ele>
      </trkpt>
      <trkpt lat="60.79019" lon="8.919689">
        <ele>994.2</ele>
      </trkpt>
      <trkpt lat="60.78989" lon="8.91873">
        <ele>992.3</ele>
      </trkpt>
      <trkpt lat="60.78984" lon="8.91853">
        <ele>992.6</ele>
      </trkpt>
      <trkpt lat="60.78979" lon="8.91822">
        <ele>992.5</ele>
      </trkpt>
      <trkpt lat="60.78976" lon="8.91812">
        <ele>992.5</ele>
      </trkpt>
      <trkpt lat="60.78962" lon="8.917909">
        <ele>992.3</ele>
      </trkpt>
      <trkpt lat="60.78952" lon="8.9179">
        <ele>991.6</ele>
      </trkpt>
      <trkpt lat="60.78946" lon="8.91793">
        <ele>991.1</ele>
      </trkpt>
      <trkpt lat="60.78924" lon="8.91818">
        <ele>988.6</ele>
      </trkpt>
      <trkpt lat="60.78916" lon="8.918189">
        <ele>988.0</ele>
      </trkpt>
      <trkpt lat="60.78906" lon="8.91813">
        <ele>987.5</ele>
      </trkpt>
      <trkpt lat="60.78875" lon="8.91813">
        <ele>985.2</ele>
      </trkpt>
      <trkpt lat="60.7884" lon="8.91761">
        <ele>984.2</ele>
      </trkpt>
      <trkpt lat="60.788" lon="8.91727">
        <ele>981.2</ele>
      </trkpt>
      <trkpt lat="60.78782" lon="8.91718">
        <ele>979.6</ele>
      </trkpt>
      <trkpt lat="60.78774" lon="8.91718">
        <ele>978.7</ele>
      </trkpt>
      <trkpt lat="60.78765" lon="8.91712">
        <ele>978.0</ele>
      </trkpt>
      <trkpt lat="60.78729" lon="8.91709">
        <ele>978.0</ele>
      </trkpt>
      <trkpt lat="60.7872" lon="8.91723">
        <ele>977.5</ele>
      </trkpt>
      <trkpt lat="60.78707" lon="8.91733">
        <ele>977.0</ele>
      </trkpt>
      <trkpt lat="60.78699" lon="8.91742">
        <ele>976.0</ele>
      </trkpt>
      <trkpt lat="60.78695" lon="8.91752">
        <ele>975.4</ele>
      </trkpt>
      <trkpt lat="60.78682" lon="8.91807">
        <ele>973.9</ele>
      </trkpt>
      <trkpt lat="60.78649" lon="8.91889">
        <ele>969.7</ele>
      </trkpt>
      <trkpt lat="60.78622" lon="8.91945">
        <ele>969.4</ele>
      </trkpt>
      <trkpt lat="60.786" lon="8.91981">
        <ele>969.8</ele>
      </trkpt>
      <trkpt lat="60.78587" lon="8.92011">
        <ele>971.8</ele>
      </trkpt>
      <trkpt lat="60.78575" lon="8.92031">
        <ele>972.7</ele>
      </trkpt>
      <trkpt lat="60.78547" lon="8.9204">
        <ele>973.7</ele>
      </trkpt>
      <trkpt lat="60.78537" lon="8.9204">
        <ele>973.7</ele>
      </trkpt>
      <trkpt lat="60.78498" lon="8.92028">
        <ele>971.1</ele>
      </trkpt>
      <trkpt lat="60.78483" lon="8.92029">
        <ele>969.9</ele>
      </trkpt>
      <trkpt lat="60.78474" lon="8.92033">
        <ele>969.3</ele>
      </trkpt>
      <trkpt lat="60.78463" lon="8.92046">
        <ele>968.7</ele>
      </trkpt>
      <trkpt lat="60.78455" lon="8.9205">
        <ele>968.3</ele>
      </trkpt>
      <trkpt lat="60.78435" lon="8.92062">
        <ele>968.7</ele>
      </trkpt>
      <trkpt lat="60.78424" lon="8.920629">
        <ele>969.0</ele>
      </trkpt>
      <trkpt lat="60.78404" lon="8.92052">
        <ele>969.3</ele>
      </trkpt>
      <trkpt lat="60.78362" lon="8.92012">
        <ele>970.4</ele>
      </trkpt>
      <trkpt lat="60.78349" lon="8.92003">
        <ele>970.5</ele>
      </trkpt>
      <trkpt lat="60.78337" lon="8.91921">
        <ele>968.3</ele>
      </trkpt>
      <trkpt lat="60.78333" lon="8.918799">
        <ele>966.7</ele>
      </trkpt>
      <trkpt lat="60.78332" lon="8.91779">
        <ele>962.0</ele>
      </trkpt>
      <trkpt lat="60.78334" lon="8.91766">
        <ele>961.2</ele>
      </trkpt>
      <trkpt lat="60.78339" lon="8.9175">
        <ele>960.4</ele>
      </trkpt>
      <trkpt lat="60.78377" lon="8.91646">
        <ele>955.7</ele>
      </trkpt>
      <trkpt lat="60.78381" lon="8.91629">
        <ele>954.7</ele>
      </trkpt>
      <trkpt lat="60.78388" lon="8.91604">
        <ele>953.4</ele>
      </trkpt>
      <trkpt lat="60.7839" lon="8.91576">
        <ele>951.6</ele>
      </trkpt>
      <trkpt lat="60.78396" lon="8.91442">
        <ele>944.9</ele>
      </trkpt>
      <trkpt lat="60.78394" lon="8.91401">
        <ele>944.3</ele>
      </trkpt>
      <trkpt lat="60.78379" lon="8.91307">
        <ele>943.3</ele>
      </trkpt>
      <trkpt lat="60.78365" lon="8.91213">
        <ele>941.1</ele>
      </trkpt>
      <trkpt lat="60.78361" lon="8.91153">
        <ele>937.5</ele>
      </trkpt>
      <trkpt lat="60.78362" lon="8.9113">
        <ele>936.0</ele>
      </trkpt>
      <trkpt lat="60.78369" lon="8.91085">
        <ele>935.0</ele>
      </trkpt>
      <trkpt lat="60.78382" lon="8.91032">
        <ele>935.3</ele>
      </trkpt>
      <trkpt lat="60.78399" lon="8.90981">
        <ele>938.5</ele>
      </trkpt>
      <trkpt lat="60.78415" lon="8.90923">
        <ele>931.4</ele>
      </trkpt>
      <trkpt lat="60.78444" lon="8.90794">
        <ele>930.9</ele>
      </trkpt>
      <trkpt lat="60.78474" lon="8.90666">
        <ele>935.0</ele>
      </trkpt>
      <trkpt lat="60.78499" lon="8.90563">
        <ele>937.9</ele>
      </trkpt>
      <trkpt lat="60.78531" lon="8.90469">
        <ele>931.9</ele>
      </trkpt>
      <trkpt lat="60.78562" lon="8.90405">
        <ele>932.7</ele>
      </trkpt>
      <trkpt lat="60.78577" lon="8.90361">
        <ele>933.6</ele>
      </trkpt>
      <trkpt lat="60.78585" lon="8.90332">
        <ele>933.7</ele>
      </trkpt>
      <trkpt lat="60.78597" lon="8.90274">
        <ele>933.3</ele>
      </trkpt>
      <trkpt lat="60.78598" lon="8.90245">
        <ele>932.5</ele>
      </trkpt>
      <trkpt lat="60.78594" lon="8.90199">
        <ele>929.7</ele>
      </trkpt>
      <trkpt lat="60.78579" lon="8.90093">
        <ele>919.9</ele>
      </trkpt>
      <trkpt lat="60.78575" lon="8.90047">
        <ele>916.5</ele>
      </trkpt>
      <trkpt lat="60.78575" lon="8.89997">
        <ele>915.2</ele>
      </trkpt>
      <trkpt lat="60.78577" lon="8.89935">
        <ele>914.8</ele>
      </trkpt>
      <trkpt lat="60.78577" lon="8.89909">
        <ele>915.4</ele>
      </trkpt>
      <trkpt lat="60.78569" lon="8.89831">
        <ele>914.4</ele>
      </trkpt>
      <trkpt lat="60.78549" lon="8.89686">
        <ele>911.5</ele>
      </trkpt>
      <trkpt lat="60.78542" lon="8.89603">
        <ele>912.0</ele>
      </trkpt>
      <trkpt lat="60.7854" lon="8.89561">
        <ele>911.5</ele>
      </trkpt>
      <trkpt lat="60.78541" lon="8.8953">
        <ele>910.5</ele>
      </trkpt>
      <trkpt lat="60.78557" lon="8.89401">
        <ele>905.0</ele>
      </trkpt>
      <trkpt lat="60.78572" lon="8.89316">
        <ele>899.8</ele>
      </trkpt>
      <trkpt lat="60.78593" lon="8.89228">
        <ele>894.0</ele>
      </trkpt>
      <trkpt lat="60.78614" lon="8.8914">
        <ele>889.4</ele>
      </trkpt>
      <trkpt lat="60.78618" lon="8.89114">
        <ele>888.2</ele>
      </trkpt>
      <trkpt lat="60.78619" lon="8.89108">
        <ele>887.9</ele>
      </trkpt>
      <trkpt lat="60.78621" lon="8.89068">
        <ele>886.1</ele>
      </trkpt>
      <trkpt lat="60.78619" lon="8.890319">
        <ele>886.3</ele>
      </trkpt>
      <trkpt lat="60.78611" lon="8.88982">
        <ele>888.1</ele>
      </trkpt>
      <trkpt lat="60.78577" lon="8.8887">
        <ele>896.0</ele>
      </trkpt>
      <trkpt lat="60.78561" lon="8.88824">
        <ele>897.8</ele>
      </trkpt>
      <trkpt lat="60.7854" lon="8.8877">
        <ele>897.9</ele>
      </trkpt>
      <trkpt lat="60.78517" lon="8.88684">
        <ele>892.6</ele>
      </trkpt>
      <trkpt lat="60.78509" lon="8.88618">
        <ele>887.0</ele>
      </trkpt>
      <trkpt lat="60.78509" lon="8.8858">
        <ele>884.4</ele>
      </trkpt>
      <trkpt lat="60.78509" lon="8.88499">
        <ele>881.2</ele>
      </trkpt>
      <trkpt lat="60.78511" lon="8.88474">
        <ele>880.9</ele>
      </trkpt>
      <trkpt lat="60.78522" lon="8.88388">
        <ele>879.5</ele>
      </trkpt>
      <trkpt lat="60.78538" lon="8.88334">
        <ele>877.5</ele>
      </trkpt>
      <trkpt lat="60.78558" lon="8.88254">
        <ele>874.2</ele>
      </trkpt>
      <trkpt lat="60.78581" lon="8.88142">
        <ele>871.4</ele>
      </trkpt>
      <trkpt lat="60.78604" lon="8.88031">
        <ele>869.4</ele>
      </trkpt>
      <trkpt lat="60.78634" lon="8.87874">
        <ele>867.7</ele>
      </trkpt>
      <trkpt lat="60.78638" lon="8.87841">
        <ele>867.5</ele>
      </trkpt>
      <trkpt lat="60.78638" lon="8.87743">
        <ele>867.5</ele>
      </trkpt>
      <trkpt lat="60.78641" lon="8.87711">
        <ele>866.5</ele>
      </trkpt>
      <trkpt lat="60.78647" lon="8.8768">
        <ele>866.2</ele>
      </trkpt>
      <trkpt lat="60.78656" lon="8.87658">
        <ele>865.9</ele>
      </trkpt>
      <trkpt lat="60.78695" lon="8.87586">
        <ele>863.3</ele>
      </trkpt>
      <trkpt lat="60.78721" lon="8.875069">
        <ele>863.0</ele>
      </trkpt>
      <trkpt lat="60.78732" lon="8.87483">
        <ele>863.1</ele>
      </trkpt>
      <trkpt lat="60.78756" lon="8.87438">
        <ele>864.0</ele>
      </trkpt>
      <trkpt lat="60.78782" lon="8.873989">
        <ele>863.4</ele>
      </trkpt>
      <trkpt lat="60.78807" lon="8.87344">
        <ele>865.8</ele>
      </trkpt>
      <trkpt lat="60.78823" lon="8.872909">
        <ele>869.3</ele>
      </trkpt>
      <trkpt lat="60.78844" lon="8.87184">
        <ele>873.8</ele>
      </trkpt>
      <trkpt lat="60.78866" lon="8.87078">
        <ele>872.3</ele>
      </trkpt>
      <trkpt lat="60.78885" lon="8.86974">
        <ele>871.8</ele>
      </trkpt>
      <trkpt lat="60.78904" lon="8.8687">
        <ele>871.9</ele>
      </trkpt>
      <trkpt lat="60.78923" lon="8.86749">
        <ele>868.9</ele>
      </trkpt>
      <trkpt lat="60.78923" lon="8.86749">
        <ele>868.9</ele>
      </trkpt>
      <trkpt lat="60.7894" lon="8.86629">
        <ele>866.0</ele>
      </trkpt>
      <trkpt lat="60.78944" lon="8.86583">
        <ele>865.0</ele>
      </trkpt>
      <trkpt lat="60.78948" lon="8.86521">
        <ele>864.4</ele>
      </trkpt>
      <trkpt lat="60.78959" lon="8.86422">
        <ele>861.7</ele>
      </trkpt>
      <trkpt lat="60.78969" lon="8.86361">
        <ele>859.4</ele>
      </trkpt>
      <trkpt lat="60.78979" lon="8.86322">
        <ele>857.8</ele>
      </trkpt>
      <trkpt lat="60.7901" lon="8.86247">
        <ele>854.3</ele>
      </trkpt>
      <trkpt lat="60.79014" lon="8.86227">
        <ele>853.7</ele>
      </trkpt>
      <trkpt lat="60.79008" lon="8.86213">
        <ele>853.0</ele>
      </trkpt>
      <trkpt lat="60.78979" lon="8.86185">
        <ele>850.9</ele>
      </trkpt>
      <trkpt lat="60.7896" lon="8.86156">
        <ele>849.2</ele>
      </trkpt>
      <trkpt lat="60.78948" lon="8.86134">
        <ele>848.2</ele>
      </trkpt>
      <trkpt lat="60.78932" lon="8.86099">
        <ele>847.1</ele>
      </trkpt>
      <trkpt lat="60.78919" lon="8.86066">
        <ele>847.4</ele>
      </trkpt>
      <trkpt lat="60.78909" lon="8.8602">
        <ele>847.8</ele>
      </trkpt>
      <trkpt lat="60.78906" lon="8.85995">
        <ele>847.9</ele>
      </trkpt>
      <trkpt lat="60.78907" lon="8.85857">
        <ele>847.8</ele>
      </trkpt>
      <trkpt lat="60.78911" lon="8.85798">
        <ele>847.9</ele>
      </trkpt>
      <trkpt lat="60.7892" lon="8.85681">
        <ele>848.6</ele>
      </trkpt>
      <trkpt lat="60.78923" lon="8.85625">
        <ele>848.5</ele>
      </trkpt>
      <trkpt lat="60.78916" lon="8.85511">
        <ele>843.3</ele>
      </trkpt>
      <trkpt lat="60.78909" lon="8.85398">
        <ele>837.5</ele>
      </trkpt>
      <trkpt lat="60.78906" lon="8.85379">
        <ele>836.5</ele>
      </trkpt>
      <trkpt lat="60.78899" lon="8.8536">
        <ele>834.3</ele>
      </trkpt>
      <trkpt lat="60.78888" lon="8.85349">
        <ele>832.0</ele>
      </trkpt>
      <trkpt lat="60.78875" lon="8.85345">
        <ele>829.9</ele>
      </trkpt>
      <trkpt lat="60.78857" lon="8.85347">
        <ele>826.8</ele>
      </trkpt>
      <trkpt lat="60.78805" lon="8.85387">
        <ele>821.5</ele>
      </trkpt>
      <trkpt lat="60.78771" lon="8.85435">
        <ele>825.9</ele>
      </trkpt>
      <trkpt lat="60.78764" lon="8.8544">
        <ele>826.4</ele>
      </trkpt>
      <trkpt lat="60.78755" lon="8.8544">
        <ele>826.4</ele>
      </trkpt>
      <trkpt lat="60.78743" lon="8.85434">
        <ele>825.5</ele>
      </trkpt>
      <trkpt lat="60.78695" lon="8.853999">
        <ele>821.2</ele>
      </trkpt>
      <trkpt lat="60.78646" lon="8.85365">
        <ele>818.3</ele>
      </trkpt>
      <trkpt lat="60.78638" lon="8.85355">
        <ele>817.6</ele>
      </trkpt>
      <trkpt lat="60.7863" lon="8.85335">
        <ele>816.0</ele>
      </trkpt>
      <trkpt lat="60.78613" lon="8.85267">
        <ele>812.6</ele>
      </trkpt>
      <trkpt lat="60.78601" lon="8.85204">
        <ele>810.7</ele>
      </trkpt>
      <trkpt lat="60.78601" lon="8.85204">
        <ele>810.7</ele>
      </trkpt>
      <trkpt lat="60.78591" lon="8.85097">
        <ele>808.2</ele>
      </trkpt>
      <trkpt lat="60.78588" lon="8.84996">
        <ele>808.3</ele>
      </trkpt>
      <trkpt lat="60.78583" lon="8.84928">
        <ele>808.0</ele>
      </trkpt>
      <trkpt lat="60.78578" lon="8.84881">
        <ele>807.1</ele>
      </trkpt>
      <trkpt lat="60.78571" lon="8.84847">
        <ele>805.0</ele>
      </trkpt>
      <trkpt lat="60.78556" lon="8.84787">
        <ele>798.1</ele>
      </trkpt>
      <trkpt lat="60.78516" lon="8.84662">
        <ele>781.9</ele>
      </trkpt>
      <trkpt lat="60.78489" lon="8.845">
        <ele>781.4</ele>
      </trkpt>
      <trkpt lat="60.78486" lon="8.84475">
        <ele>780.6</ele>
      </trkpt>
      <trkpt lat="60.78486" lon="8.84451">
        <ele>779.7</ele>
      </trkpt>
      <trkpt lat="60.78511" lon="8.84282">
        <ele>779.1</ele>
      </trkpt>
      <trkpt lat="60.78522" lon="8.842269">
        <ele>780.1</ele>
      </trkpt>
      <trkpt lat="60.78527" lon="8.84189">
        <ele>779.7</ele>
      </trkpt>
      <trkpt lat="60.78529" lon="8.84158">
        <ele>779.2</ele>
      </trkpt>
      <trkpt lat="60.78519" lon="8.84034">
        <ele>776.9</ele>
      </trkpt>
      <trkpt lat="60.78518" lon="8.83984">
        <ele>775.6</ele>
      </trkpt>
      <trkpt lat="60.78518" lon="8.83941">
        <ele>774.1</ele>
      </trkpt>
      <trkpt lat="60.78522" lon="8.838609">
        <ele>772.4</ele>
      </trkpt>
      <trkpt lat="60.78525" lon="8.83746">
        <ele>770.0</ele>
      </trkpt>
      <trkpt lat="60.78527" lon="8.83716">
        <ele>769.5</ele>
      </trkpt>
      <trkpt lat="60.78539" lon="8.83637">
        <ele>767.5</ele>
      </trkpt>
      <trkpt lat="60.78561" lon="8.83526">
        <ele>765.8</ele>
      </trkpt>
      <trkpt lat="60.78576" lon="8.83466">
        <ele>765.1</ele>
      </trkpt>
      <trkpt lat="60.78604" lon="8.83374">
        <ele>764.3</ele>
      </trkpt>
      <trkpt lat="60.78632" lon="8.83282">
        <ele>763.2</ele>
      </trkpt>
      <trkpt lat="60.78643" lon="8.83229">
        <ele>762.9</ele>
      </trkpt>
      <trkpt lat="60.78651" lon="8.83183">
        <ele>763.1</ele>
      </trkpt>
      <trkpt lat="60.78608" lon="8.83168">
        <ele>764.3</ele>
      </trkpt>
      <trkpt lat="60.78522" lon="8.83159">
        <ele>767.5</ele>
      </trkpt>
      <trkpt lat="60.7849" lon="8.83151">
        <ele>774.6</ele>
      </trkpt>
      <trkpt lat="60.78452" lon="8.83132">
        <ele>779.7</ele>
      </trkpt>
      <trkpt lat="60.78452" lon="8.83132">
        <ele>779.7</ele>
      </trkpt>
      <trkpt lat="60.78408" lon="8.83099">
        <ele>782.6</ele>
      </trkpt>
      <trkpt lat="60.78349" lon="8.83064">
        <ele>773.2</ele>
      </trkpt>
      <trkpt lat="60.78291" lon="8.8303">
        <ele>759.6</ele>
      </trkpt>
      <trkpt lat="60.78219" lon="8.82981">
        <ele>743.1</ele>
      </trkpt>
      <trkpt lat="60.78202" lon="8.82977">
        <ele>739.1</ele>
      </trkpt>
      <trkpt lat="60.78173" lon="8.82981">
        <ele>731.9</ele>
      </trkpt>
      <trkpt lat="60.78159" lon="8.82978">
        <ele>728.3</ele>
      </trkpt>
      <trkpt lat="60.78155" lon="8.82974">
        <ele>727.1</ele>
      </trkpt>
      <trkpt lat="60.78152" lon="8.82966">
        <ele>726.1</ele>
      </trkpt>
      <trkpt lat="60.78147" lon="8.8294">
        <ele>725.5</ele>
      </trkpt>
      <trkpt lat="60.78114" lon="8.82948">
        <ele>719.6</ele>
      </trkpt>
      <trkpt lat="60.7804" lon="8.82949">
        <ele>712.6</ele>
      </trkpt>
      <trkpt lat="60.77966" lon="8.82951">
        <ele>708.9</ele>
      </trkpt>
      <trkpt lat="60.77892" lon="8.82952">
        <ele>717.2</ele>
      </trkpt>
      <trkpt lat="60.77861" lon="8.82956">
        <ele>718.9</ele>
      </trkpt>
      <trkpt lat="60.77843" lon="8.82967">
        <ele>720.3</ele>
      </trkpt>
      <trkpt lat="60.77765" lon="8.8303">
        <ele>712.1</ele>
      </trkpt>
      <trkpt lat="60.77688" lon="8.83092">
        <ele>711.1</ele>
      </trkpt>
      <trkpt lat="60.7765" lon="8.83132">
        <ele>717.2</ele>
      </trkpt>
      <trkpt lat="60.77636" lon="8.83149">
        <ele>717.7</ele>
      </trkpt>
      <trkpt lat="60.77583" lon="8.83228">
        <ele>719.7</ele>
      </trkpt>
      <trkpt lat="60.77548" lon="8.83287">
        <ele>721.1</ele>
      </trkpt>
      <trkpt lat="60.77495" lon="8.83409">
        <ele>723.9</ele>
      </trkpt>
      <trkpt lat="60.77449" lon="8.83511">
        <ele>726.0</ele>
      </trkpt>
      <trkpt lat="60.77435" lon="8.83533">
        <ele>724.6</ele>
      </trkpt>
      <trkpt lat="60.77417" lon="8.83557">
        <ele>723.4</ele>
      </trkpt>
      <trkpt lat="60.77392" lon="8.83577">
        <ele>719.8</ele>
      </trkpt>
      <trkpt lat="60.77377" lon="8.83585">
        <ele>716.3</ele>
      </trkpt>
      <trkpt lat="60.7736" lon="8.835889">
        <ele>713.1</ele>
      </trkpt>
      <trkpt lat="60.77343" lon="8.83586">
        <ele>711.0</ele>
      </trkpt>
      <trkpt lat="60.77317" lon="8.83577">
        <ele>711.0</ele>
      </trkpt>
      <trkpt lat="60.77304" lon="8.83571">
        <ele>711.0</ele>
      </trkpt>
      <trkpt lat="60.7722" lon="8.8353">
        <ele>711.3</ele>
      </trkpt>
      <trkpt lat="60.77175" lon="8.835229">
        <ele>703.0</ele>
      </trkpt>
      <trkpt lat="60.77152" lon="8.83526">
        <ele>698.1</ele>
      </trkpt>
      <trkpt lat="60.77127" lon="8.83545">
        <ele>693.8</ele>
      </trkpt>
      <trkpt lat="60.77093" lon="8.83585">
        <ele>688.2</ele>
      </trkpt>
      <trkpt lat="60.77056" lon="8.83636">
        <ele>685.9</ele>
      </trkpt>
      <trkpt lat="60.77011" lon="8.83696">
        <ele>686.4</ele>
      </trkpt>
      <trkpt lat="60.76966" lon="8.83755">
        <ele>688.0</ele>
      </trkpt>
      <trkpt lat="60.76936" lon="8.83784">
        <ele>685.6</ele>
      </trkpt>
      <trkpt lat="60.76905" lon="8.83806">
        <ele>679.2</ele>
      </trkpt>
      <trkpt lat="60.76851" lon="8.838329">
        <ele>663.7</ele>
      </trkpt>
      <trkpt lat="60.76796" lon="8.8386">
        <ele>653.5</ele>
      </trkpt>
      <trkpt lat="60.76741" lon="8.83891">
        <ele>656.8</ele>
      </trkpt>
      <trkpt lat="60.76722" lon="8.83899">
        <ele>658.4</ele>
      </trkpt>
      <trkpt lat="60.76649" lon="8.83961">
        <ele>659.4</ele>
      </trkpt>
      <trkpt lat="60.76608" lon="8.84002">
        <ele>653.5</ele>
      </trkpt>
      <trkpt lat="60.76569" lon="8.84048">
        <ele>651.3</ele>
      </trkpt>
      <trkpt lat="60.76525" lon="8.84112">
        <ele>640.9</ele>
      </trkpt>
      <trkpt lat="60.76498" lon="8.84159">
        <ele>639.6</ele>
      </trkpt>
      <trkpt lat="60.76471" lon="8.84218">
        <ele>640.0</ele>
      </trkpt>
      <trkpt lat="60.76451" lon="8.8425">
        <ele>638.3</ele>
      </trkpt>
      <trkpt lat="60.76381" lon="8.84336">
        <ele>627.1</ele>
      </trkpt>
      <trkpt lat="60.7637" lon="8.84355">
        <ele>625.6</ele>
      </trkpt>
      <trkpt lat="60.76351" lon="8.84401">
        <ele>625.1</ele>
      </trkpt>
      <trkpt lat="60.76336" lon="8.84454">
        <ele>625.4</ele>
      </trkpt>
      <trkpt lat="60.76325" lon="8.84516">
        <ele>626.5</ele>
      </trkpt>
      <trkpt lat="60.76311" lon="8.84569">
        <ele>627.1</ele>
      </trkpt>
      <trkpt lat="60.76299" lon="8.84601">
        <ele>625.8</ele>
      </trkpt>
      <trkpt lat="60.76285" lon="8.84629">
        <ele>623.8</ele>
      </trkpt>
      <trkpt lat="60.7625" lon="8.84709">
        <ele>617.5</ele>
      </trkpt>
      <trkpt lat="60.76219" lon="8.84793">
        <ele>616.2</ele>
      </trkpt>
      <trkpt lat="60.76188" lon="8.84878">
        <ele>615.4</ele>
      </trkpt>
      <trkpt lat="60.76154" lon="8.84978">
        <ele>607.6</ele>
      </trkpt>
      <trkpt lat="60.76126" lon="8.85071">
        <ele>601.3</ele>
      </trkpt>
      <trkpt lat="60.76104" lon="8.85125">
        <ele>597.7</ele>
      </trkpt>
      <trkpt lat="60.7609" lon="8.8515">
        <ele>595.4</ele>
      </trkpt>
      <trkpt lat="60.76061" lon="8.85193">
        <ele>591.2</ele>
      </trkpt>
      <trkpt lat="60.76043" lon="8.85225">
        <ele>587.3</ele>
      </trkpt>
      <trkpt lat="60.7602" lon="8.85273">
        <ele>581.5</ele>
      </trkpt>
      <trkpt lat="60.76006" lon="8.85294">
        <ele>578.3</ele>
      </trkpt>
      <trkpt lat="60.75943" lon="8.85346">
        <ele>568.3</ele>
      </trkpt>
      <trkpt lat="60.75911" lon="8.853719">
        <ele>567.2</ele>
      </trkpt>
      <trkpt lat="60.75862" lon="8.85401">
        <ele>563.6</ele>
      </trkpt>
      <trkpt lat="60.75824" lon="8.85416">
        <ele>557.4</ele>
      </trkpt>
      <trkpt lat="60.75795" lon="8.85434">
        <ele>552.7</ele>
      </trkpt>
      <trkpt lat="60.75781" lon="8.85452">
        <ele>551.9</ele>
      </trkpt>
      <trkpt lat="60.75716" lon="8.855549">
        <ele>553.8</ele>
      </trkpt>
      <trkpt lat="60.75711" lon="8.85572">
        <ele>554.5</ele>
      </trkpt>
      <trkpt lat="60.75703" lon="8.85603">
        <ele>555.6</ele>
      </trkpt>
      <trkpt lat="60.75699" lon="8.85637">
        <ele>555.9</ele>
      </trkpt>
      <trkpt lat="60.75696" lon="8.85665">
        <ele>555.8</ele>
      </trkpt>
      <trkpt lat="60.75693" lon="8.857519">
        <ele>554.8</ele>
      </trkpt>
      <trkpt lat="60.75689" lon="8.85782">
        <ele>553.7</ele>
      </trkpt>
      <trkpt lat="60.75684" lon="8.85805">
        <ele>552.1</ele>
      </trkpt>
      <trkpt lat="60.75664" lon="8.85852">
        <ele>546.3</ele>
      </trkpt>
      <trkpt lat="60.75657" lon="8.85876">
        <ele>544.0</ele>
      </trkpt>
      <trkpt lat="60.75599" lon="8.85859">
        <ele>535.4</ele>
      </trkpt>
      <trkpt lat="60.75574" lon="8.85857">
        <ele>532.0</ele>
      </trkpt>
      <trkpt lat="60.7556" lon="8.85861">
        <ele>530.0</ele>
      </trkpt>
      <trkpt lat="60.75544" lon="8.85877">
        <ele>527.1</ele>
      </trkpt>
      <trkpt lat="60.75511" lon="8.85924">
        <ele>522.4</ele>
      </trkpt>
      <trkpt lat="60.75489" lon="8.859629">
        <ele>518.6</ele>
      </trkpt>
      <trkpt lat="60.75478" lon="8.85978">
        <ele>517.2</ele>
      </trkpt>
      <trkpt lat="60.75459" lon="8.85998">
        <ele>515.7</ele>
      </trkpt>
      <trkpt lat="60.75436" lon="8.86011">
        <ele>514.4</ele>
      </trkpt>
      <trkpt lat="60.75398" lon="8.86018">
        <ele>512.0</ele>
      </trkpt>
      <trkpt lat="60.7537" lon="8.86029">
        <ele>507.7</ele>
      </trkpt>
      <trkpt lat="60.75362" lon="8.8604">
        <ele>506.2</ele>
      </trkpt>
      <trkpt lat="60.75357" lon="8.86055">
        <ele>504.3</ele>
      </trkpt>
      <trkpt lat="60.75342" lon="8.86116">
        <ele>491.7</ele>
      </trkpt>
      <trkpt lat="60.75333" lon="8.86145">
        <ele>485.9</ele>
      </trkpt>
      <trkpt lat="60.75285" lon="8.86213">
        <ele>473.6</ele>
      </trkpt>
      <trkpt lat="60.75217" lon="8.86274">
        <ele>468.4</ele>
      </trkpt>
      <trkpt lat="60.75207" lon="8.86286">
        <ele>467.7</ele>
      </trkpt>
      <trkpt lat="60.75199" lon="8.863">
        <ele>467.7</ele>
      </trkpt>
      <trkpt lat="60.75179" lon="8.86365">
        <ele>468.8</ele>
      </trkpt>
      <trkpt lat="60.75171" lon="8.86426">
        <ele>470.5</ele>
      </trkpt>
      <trkpt lat="60.75159" lon="8.86477">
        <ele>472.7</ele>
      </trkpt>
      <trkpt lat="60.75149" lon="8.86502">
        <ele>473.2</ele>
      </trkpt>
      <trkpt lat="60.75106" lon="8.865729">
        <ele>475.9</ele>
      </trkpt>
      <trkpt lat="60.75059" lon="8.86662">
        <ele>460.1</ele>
      </trkpt>
      <trkpt lat="60.75008" lon="8.867889">
        <ele>447.2</ele>
      </trkpt>
      <trkpt lat="60.74981" lon="8.86828">
        <ele>445.2</ele>
      </trkpt>
      <trkpt lat="60.74969" lon="8.8684">
        <ele>445.6</ele>
      </trkpt>
      <trkpt lat="60.74941" lon="8.86853">
        <ele>446.4</ele>
      </trkpt>
      <trkpt lat="60.74916" lon="8.868499">
        <ele>448.9</ele>
      </trkpt>
      <trkpt lat="60.74887" lon="8.86857">
        <ele>451.4</ele>
      </trkpt>
      <trkpt lat="60.74844" lon="8.86877">
        <ele>446.2</ele>
      </trkpt>
      <trkpt lat="60.74813" lon="8.86884">
        <ele>439.5</ele>
      </trkpt>
      <trkpt lat="60.74805" lon="8.86881">
        <ele>438.2</ele>
      </trkpt>
      <trkpt lat="60.74794" lon="8.86872">
        <ele>436.5</ele>
      </trkpt>
      <trkpt lat="60.74784" lon="8.86856">
        <ele>435.8</ele>
      </trkpt>
      <trkpt lat="60.74777" lon="8.868359">
        <ele>436.0</ele>
      </trkpt>
      <trkpt lat="60.74767" lon="8.86786">
        <ele>438.5</ele>
      </trkpt>
      <trkpt lat="60.74765" lon="8.86801">
        <ele>437.4</ele>
      </trkpt>
      <trkpt lat="60.74763" lon="8.86895">
        <ele>431.9</ele>
      </trkpt>
      <trkpt lat="60.74757" lon="8.87028">
        <ele>432.6</ele>
      </trkpt>
      <trkpt lat="60.74758" lon="8.87114">
        <ele>434.4</ele>
      </trkpt>
      <trkpt lat="60.74755" lon="8.87149">
        <ele>434.3</ele>
      </trkpt>
      <trkpt lat="60.74756" lon="8.87171">
        <ele>433.5</ele>
      </trkpt>
      <trkpt lat="60.7476" lon="8.87198">
        <ele>430.2</ele>
      </trkpt>
      <trkpt lat="60.7478" lon="8.87249">
        <ele>419.6</ele>
      </trkpt>
      <trkpt lat="60.74795" lon="8.87304">
        <ele>416.8</ele>
      </trkpt>
      <trkpt lat="60.7481" lon="8.87371">
        <ele>417.2</ele>
      </trkpt>
      <trkpt lat="60.7482" lon="8.87406">
        <ele>418.2</ele>
      </trkpt>
      <trkpt lat="60.74848" lon="8.87486">
        <ele>423.0</ele>
      </trkpt>
      <trkpt lat="60.74853" lon="8.875069">
        <ele>424.8</ele>
      </trkpt>
      <trkpt lat="60.74854" lon="8.87542">
        <ele>426.0</ele>
      </trkpt>
      <trkpt lat="60.7484" lon="8.8759">
        <ele>423.0</ele>
      </trkpt>
      <trkpt lat="60.7483" lon="8.87615">
        <ele>420.5</ele>
      </trkpt>
      <trkpt lat="60.74794" lon="8.87707">
        <ele>410.6</ele>
      </trkpt>
      <trkpt lat="60.74736" lon="8.8783">
        <ele>411.0</ele>
      </trkpt>
      <trkpt lat="60.74704" lon="8.87891">
        <ele>413.7</ele>
      </trkpt>
      <trkpt lat="60.74689" lon="8.87916">
        <ele>415.8</ele>
      </trkpt>
      <trkpt lat="60.74647" lon="8.87965">
        <ele>417.1</ele>
      </trkpt>
      <trkpt lat="60.74599" lon="8.88005">
        <ele>416.5</ele>
      </trkpt>
      <trkpt lat="60.74587" lon="8.88022">
        <ele>416.7</ele>
      </trkpt>
      <trkpt lat="60.74571" lon="8.8805">
        <ele>416.8</ele>
      </trkpt>
      <trkpt lat="60.74533" lon="8.88124">
        <ele>410.8</ele>
      </trkpt>
      <trkpt lat="60.74495" lon="8.88197">
        <ele>408.0</ele>
      </trkpt>
      <trkpt lat="60.7445" lon="8.88271">
        <ele>406.9</ele>
      </trkpt>
      <trkpt lat="60.74401" lon="8.88385">
        <ele>406.7</ele>
      </trkpt>
      <trkpt lat="60.74381" lon="8.88438">
        <ele>409.3</ele>
      </trkpt>
      <trkpt lat="60.74354" lon="8.88494">
        <ele>417.6</ele>
      </trkpt>
      <trkpt lat="60.74338" lon="8.88522">
        <ele>418.6</ele>
      </trkpt>
      <trkpt lat="60.7429" lon="8.88579">
        <ele>413.3</ele>
      </trkpt>
      <trkpt lat="60.74223" lon="8.88655">
        <ele>400.9</ele>
      </trkpt>
      <trkpt lat="60.74194" lon="8.88696">
        <ele>396.5</ele>
      </trkpt>
      <trkpt lat="60.74153" lon="8.88764">
        <ele>397.1</ele>
      </trkpt>
      <trkpt lat="60.74112" lon="8.88831">
        <ele>395.0</ele>
      </trkpt>
      <trkpt lat="60.74087" lon="8.88868">
        <ele>398.4</ele>
      </trkpt>
      <trkpt lat="60.74034" lon="8.8894">
        <ele>413.8</ele>
      </trkpt>
      <trkpt lat="60.74012" lon="8.88968">
        <ele>422.1</ele>
      </trkpt>
      <trkpt lat="60.74002" lon="8.88976">
        <ele>422.5</ele>
      </trkpt>
      <trkpt lat="60.73987" lon="8.88988">
        <ele>422.8</ele>
      </trkpt>
      <trkpt lat="60.73942" lon="8.89009">
        <ele>412.7</ele>
      </trkpt>
      <trkpt lat="60.73901" lon="8.89035">
        <ele>407.6</ele>
      </trkpt>
      <trkpt lat="60.73872" lon="8.8907">
        <ele>409.9</ele>
      </trkpt>
      <trkpt lat="60.7382" lon="8.89148">
        <ele>422.0</ele>
      </trkpt>
      <trkpt lat="60.7376" lon="8.89212">
        <ele>424.5</ele>
      </trkpt>
      <trkpt lat="60.73728" lon="8.89242">
        <ele>419.8</ele>
      </trkpt>
      <trkpt lat="60.73661" lon="8.89312">
        <ele>403.2</ele>
      </trkpt>
      <trkpt lat="60.73615" lon="8.89364">
        <ele>389.6</ele>
      </trkpt>
      <trkpt lat="60.73568" lon="8.89435">
        <ele>384.2</ele>
      </trkpt>
      <trkpt lat="60.73546" lon="8.89466">
        <ele>384.0</ele>
      </trkpt>
      <trkpt lat="60.73522" lon="8.89504">
        <ele>385.3</ele>
      </trkpt>
      <trkpt lat="60.73493" lon="8.89564">
        <ele>391.4</ele>
      </trkpt>
      <trkpt lat="60.73445" lon="8.896699">
        <ele>399.6</ele>
      </trkpt>
      <trkpt lat="60.7343" lon="8.89716">
        <ele>402.6</ele>
      </trkpt>
      <trkpt lat="60.73392" lon="8.89838">
        <ele>400.9</ele>
      </trkpt>
      <trkpt lat="60.7338" lon="8.89865">
        <ele>400.5</ele>
      </trkpt>
      <trkpt lat="60.7334" lon="8.899139">
        <ele>394.2</ele>
      </trkpt>
      <trkpt lat="60.73326" lon="8.89925">
        <ele>391.9</ele>
      </trkpt>
      <trkpt lat="60.73318" lon="8.8994">
        <ele>391.7</ele>
      </trkpt>
      <trkpt lat="60.73298" lon="8.89959">
        <ele>389.4</ele>
      </trkpt>
      <trkpt lat="60.73288" lon="8.899749">
        <ele>389.0</ele>
      </trkpt>
      <trkpt lat="60.7328" lon="8.89993">
        <ele>389.2</ele>
      </trkpt>
      <trkpt lat="60.73263" lon="8.90047">
        <ele>392.4</ele>
      </trkpt>
      <trkpt lat="60.73248" lon="8.90074">
        <ele>392.7</ele>
      </trkpt>
      <trkpt lat="60.73231" lon="8.901">
        <ele>393.5</ele>
      </trkpt>
      <trkpt lat="60.73216" lon="8.90117">
        <ele>393.7</ele>
      </trkpt>
      <trkpt lat="60.7319" lon="8.90152">
        <ele>395.2</ele>
      </trkpt>
      <trkpt lat="60.73165" lon="8.9019">
        <ele>397.6</ele>
      </trkpt>
      <trkpt lat="60.73153" lon="8.90218">
        <ele>399.1</ele>
      </trkpt>
      <trkpt lat="60.73127" lon="8.90306">
        <ele>399.1</ele>
      </trkpt>
      <trkpt lat="60.73118" lon="8.90342">
        <ele>397.1</ele>
      </trkpt>
      <trkpt lat="60.73103" lon="8.90421">
        <ele>392.5</ele>
      </trkpt>
      <trkpt lat="60.73088" lon="8.90484">
        <ele>386.9</ele>
      </trkpt>
      <trkpt lat="60.73066" lon="8.90531">
        <ele>379.8</ele>
      </trkpt>
      <trkpt lat="60.73052" lon="8.905659">
        <ele>376.2</ele>
      </trkpt>
      <trkpt lat="60.73042" lon="8.90583">
        <ele>373.6</ele>
      </trkpt>
      <trkpt lat="60.73031" lon="8.90596">
        <ele>370.3</ele>
      </trkpt>
      <trkpt lat="60.73004" lon="8.90616">
        <ele>362.7</ele>
      </trkpt>
      <trkpt lat="60.72981" lon="8.90629">
        <ele>356.2</ele>
      </trkpt>
      <trkpt lat="60.72939" lon="8.90649">
        <ele>349.0</ele>
      </trkpt>
      <trkpt lat="60.7285" lon="8.90647">
        <ele>348.1</ele>
      </trkpt>
      <trkpt lat="60.72815" lon="8.90659">
        <ele>354.8</ele>
      </trkpt>
      <trkpt lat="60.72757" lon="8.90655">
        <ele>362.5</ele>
      </trkpt>
      <trkpt lat="60.72728" lon="8.90661">
        <ele>363.2</ele>
      </trkpt>
      <trkpt lat="60.72718" lon="8.90666">
        <ele>363.0</ele>
      </trkpt>
      <trkpt lat="60.72707" lon="8.90683">
        <ele>363.0</ele>
      </trkpt>
      <trkpt lat="60.72696" lon="8.907069">
        <ele>363.2</ele>
      </trkpt>
      <trkpt lat="60.72664" lon="8.90802">
        <ele>363.7</ele>
      </trkpt>
      <trkpt lat="60.7266" lon="8.90806">
        <ele>363.0</ele>
      </trkpt>
      <trkpt lat="60.72651" lon="8.90826">
        <ele>362.2</ele>
      </trkpt>
      <trkpt lat="60.72599" lon="8.90967">
        <ele>367.3</ele>
      </trkpt>
      <trkpt lat="60.72569" lon="8.9103">
        <ele>364.4</ele>
      </trkpt>
      <trkpt lat="60.72531" lon="8.91092">
        <ele>356.1</ele>
      </trkpt>
      <trkpt lat="60.72506" lon="8.91114">
        <ele>351.3</ele>
      </trkpt>
      <trkpt lat="60.72437" lon="8.91146">
        <ele>345.7</ele>
      </trkpt>
      <trkpt lat="60.72388" lon="8.91159">
        <ele>348.7</ele>
      </trkpt>
      <trkpt lat="60.72339" lon="8.91173">
        <ele>353.7</ele>
      </trkpt>
      <trkpt lat="60.7232" lon="8.91183">
        <ele>356.5</ele>
      </trkpt>
      <trkpt lat="60.72275" lon="8.91197">
        <ele>358.0</ele>
      </trkpt>
      <trkpt lat="60.72229" lon="8.91212">
        <ele>352.7</ele>
      </trkpt>
      <trkpt lat="60.72201" lon="8.91216">
        <ele>348.0</ele>
      </trkpt>
      <trkpt lat="60.72126" lon="8.912">
        <ele>345.1</ele>
      </trkpt>
      <trkpt lat="60.72106" lon="8.912">
        <ele>345.3</ele>
      </trkpt>
      <trkpt lat="60.72096" lon="8.91203">
        <ele>345.5</ele>
      </trkpt>
      <trkpt lat="60.72086" lon="8.91212">
        <ele>345.5</ele>
      </trkpt>
      <trkpt lat="60.72078" lon="8.91229">
        <ele>346.6</ele>
      </trkpt>
      <trkpt lat="60.72061" lon="8.91279">
        <ele>350.7</ele>
      </trkpt>
      <trkpt lat="60.72058" lon="8.91299">
        <ele>352.6</ele>
      </trkpt>
      <trkpt lat="60.72058" lon="8.91299">
        <ele>352.6</ele>
      </trkpt>
      <trkpt lat="60.72041" lon="8.91389">
        <ele>359.9</ele>
      </trkpt>
      <trkpt lat="60.72032" lon="8.914199">
        <ele>360.5</ele>
      </trkpt>
      <trkpt lat="60.72022" lon="8.9144">
        <ele>360.1</ele>
      </trkpt>
      <trkpt lat="60.72012" lon="8.914529">
        <ele>359.2</ele>
      </trkpt>
      <trkpt lat="60.71987" lon="8.914999">
        <ele>355.7</ele>
      </trkpt>
      <trkpt lat="60.71975" lon="8.9153">
        <ele>352.2</ele>
      </trkpt>
      <trkpt lat="60.71954" lon="8.91601">
        <ele>347.8</ele>
      </trkpt>
      <trkpt lat="60.71948" lon="8.91633">
        <ele>347.5</ele>
      </trkpt>
      <trkpt lat="60.71931" lon="8.91741">
        <ele>350.7</ele>
      </trkpt>
      <trkpt lat="60.71908" lon="8.91911">
        <ele>356.0</ele>
      </trkpt>
      <trkpt lat="60.71885" lon="8.9208">
        <ele>357.9</ele>
      </trkpt>
      <trkpt lat="60.71862" lon="8.92214">
        <ele>357.4</ele>
      </trkpt>
      <trkpt lat="60.71856" lon="8.92238">
        <ele>357.0</ele>
      </trkpt>
      <trkpt lat="60.71845" lon="8.92267">
        <ele>355.7</ele>
      </trkpt>
      <trkpt lat="60.71834" lon="8.92304">
        <ele>355.8</ele>
      </trkpt>
      <trkpt lat="60.71814" lon="8.92377">
        <ele>357.6</ele>
      </trkpt>
      <trkpt lat="60.71796" lon="8.9248">
        <ele>359.6</ele>
      </trkpt>
      <trkpt lat="60.71789" lon="8.92511">
        <ele>360.9</ele>
      </trkpt>
      <trkpt lat="60.71779" lon="8.92539">
        <ele>360.7</ele>
      </trkpt>
      <trkpt lat="60.71743" lon="8.92608">
        <ele>358.4</ele>
      </trkpt>
      <trkpt lat="60.71735" lon="8.92632">
        <ele>359.4</ele>
      </trkpt>
      <trkpt lat="60.71705" lon="8.92707">
        <ele>355.7</ele>
      </trkpt>
      <trkpt lat="60.71699" lon="8.92727">
        <ele>355.7</ele>
      </trkpt>
      <trkpt lat="60.7169" lon="8.92728">
        <ele>352.5</ele>
      </trkpt>
      <trkpt lat="60.71683" lon="8.92735">
        <ele>350.8</ele>
      </trkpt>
      <trkpt lat="60.71658" lon="8.9279">
        <ele>351.2</ele>
      </trkpt>
      <trkpt lat="60.71616" lon="8.92866">
        <ele>355.8</ele>
      </trkpt>
      <trkpt lat="60.71596" lon="8.92896">
        <ele>358.7</ele>
      </trkpt>
      <trkpt lat="60.7155" lon="8.92961">
        <ele>360.2</ele>
      </trkpt>
      <trkpt lat="60.71519" lon="8.92996">
        <ele>358.1</ele>
      </trkpt>
      <trkpt lat="60.71504" lon="8.9301">
        <ele>356.4</ele>
      </trkpt>
      <trkpt lat="60.71488" lon="8.93019">
        <ele>353.8</ele>
      </trkpt>
      <trkpt lat="60.71439" lon="8.93034">
        <ele>343.7</ele>
      </trkpt>
      <trkpt lat="60.71426" lon="8.9304">
        <ele>342.3</ele>
      </trkpt>
      <trkpt lat="60.71411" lon="8.93052">
        <ele>341.6</ele>
      </trkpt>
      <trkpt lat="60.71372" lon="8.9309">
        <ele>341.5</ele>
      </trkpt>
      <trkpt lat="60.71359" lon="8.93099">
        <ele>342.1</ele>
      </trkpt>
      <trkpt lat="60.71338" lon="8.93104">
        <ele>342.2</ele>
      </trkpt>
      <trkpt lat="60.7133" lon="8.93102">
        <ele>341.7</ele>
      </trkpt>
      <trkpt lat="60.7132" lon="8.93095">
        <ele>340.9</ele>
      </trkpt>
      <trkpt lat="60.71313" lon="8.93079">
        <ele>338.8</ele>
      </trkpt>
      <trkpt lat="60.7131" lon="8.93066">
        <ele>337.8</ele>
      </trkpt>
      <trkpt lat="60.7131" lon="8.93052">
        <ele>336.9</ele>
      </trkpt>
      <trkpt lat="60.71314" lon="8.92995">
        <ele>333.4</ele>
      </trkpt>
      <trkpt lat="60.71314" lon="8.92965">
        <ele>331.3</ele>
      </trkpt>
      <trkpt lat="60.71311" lon="8.92938">
        <ele>329.2</ele>
      </trkpt>
      <trkpt lat="60.71305" lon="8.92913">
        <ele>326.6</ele>
      </trkpt>
      <trkpt lat="60.71301" lon="8.92902">
        <ele>325.3</ele>
      </trkpt>
      <trkpt lat="60.71285" lon="8.92878">
        <ele>322.5</ele>
      </trkpt>
      <trkpt lat="60.71272" lon="8.92869">
        <ele>320.6</ele>
      </trkpt>
      <trkpt lat="60.71247" lon="8.92866">
        <ele>317.0</ele>
      </trkpt>
      <trkpt lat="60.71232" lon="8.92871">
        <ele>314.8</ele>
      </trkpt>
      <trkpt lat="60.71216" lon="8.9288">
        <ele>312.0</ele>
      </trkpt>
      <trkpt lat="60.71197" lon="8.92901">
        <ele>309.4</ele>
      </trkpt>
      <trkpt lat="60.71135" lon="8.92985">
        <ele>301.1</ele>
      </trkpt>
      <trkpt lat="60.71126" lon="8.93008">
        <ele>300.0</ele>
      </trkpt>
      <trkpt lat="60.71122" lon="8.93023">
        <ele>299.9</ele>
      </trkpt>
      <trkpt lat="60.71114" lon="8.93091">
        <ele>300.8</ele>
      </trkpt>
      <trkpt lat="60.71107" lon="8.93115">
        <ele>300.4</ele>
      </trkpt>
      <trkpt lat="60.71101" lon="8.93125">
        <ele>299.7</ele>
      </trkpt>
      <trkpt lat="60.71089" lon="8.93139">
        <ele>298.3</ele>
      </trkpt>
      <trkpt lat="60.71076" lon="8.93146">
        <ele>296.7</ele>
      </trkpt>
      <trkpt lat="60.71061" lon="8.93146">
        <ele>294.8</ele>
      </trkpt>
      <trkpt lat="60.71032" lon="8.9314">
        <ele>291.7</ele>
      </trkpt>
      <trkpt lat="60.7098" lon="8.93137">
        <ele>286.0</ele>
      </trkpt>
      <trkpt lat="60.70933" lon="8.9313">
        <ele>275.8</ele>
      </trkpt>
      <trkpt lat="60.70934" lon="8.93184">
        <ele>278.1</ele>
      </trkpt>
      <trkpt lat="60.70936" lon="8.93199">
        <ele>278.8</ele>
      </trkpt>
      <trkpt lat="60.70955" lon="8.93268">
        <ele>286.4</ele>
      </trkpt>
      <trkpt lat="60.70957" lon="8.93281">
        <ele>287.9</ele>
      </trkpt>
      <trkpt lat="60.70957" lon="8.93305">
        <ele>289.2</ele>
      </trkpt>
      <trkpt lat="60.70951" lon="8.93324">
        <ele>288.6</ele>
      </trkpt>
      <trkpt lat="60.70946" lon="8.93337">
        <ele>288.2</ele>
      </trkpt>
      <trkpt lat="60.70937" lon="8.93351">
        <ele>287.3</ele>
      </trkpt>
      <trkpt lat="60.70922" lon="8.93362">
        <ele>285.0</ele>
      </trkpt>
      <trkpt lat="60.70866" lon="8.93418">
        <ele>279.6</ele>
      </trkpt>
      <trkpt lat="60.70849" lon="8.93446">
        <ele>278.7</ele>
      </trkpt>
      <trkpt lat="60.70816" lon="8.93516">
        <ele>275.8</ele>
      </trkpt>
      <trkpt lat="60.70832" lon="8.93547">
        <ele>277.2</ele>
      </trkpt>
      <trkpt lat="60.70835" lon="8.93558">
        <ele>277.1</ele>
      </trkpt>
      <trkpt lat="60.70835" lon="8.93558">
        <ele>277.1</ele>
      </trkpt>
      <trkpt lat="60.7085" lon="8.93617">
        <ele>278.4</ele>
      </trkpt>
      <trkpt lat="60.70852" lon="8.93633">
        <ele>278.5</ele>
      </trkpt>
      <trkpt lat="60.7085" lon="8.93681">
        <ele>277.5</ele>
      </trkpt>
      <trkpt lat="60.70842" lon="8.93709">
        <ele>276.5</ele>
      </trkpt>
      <trkpt lat="60.70835" lon="8.93723">
        <ele>276.0</ele>
      </trkpt>
      <trkpt lat="60.70824" lon="8.93732">
        <ele>274.6</ele>
      </trkpt>
      <trkpt lat="60.70777" lon="8.93726">
        <ele>272.1</ele>
      </trkpt>
      <trkpt lat="60.70755" lon="8.93733">
        <ele>270.5</ele>
      </trkpt>
      <trkpt lat="60.70684" lon="8.937989">
        <ele>261.5</ele>
      </trkpt>
      <trkpt lat="60.70684" lon="8.938">
        <ele>261.5</ele>
      </trkpt>
      <trkpt lat="60.70645" lon="8.93835">
        <ele>257.7</ele>
      </trkpt>
      <trkpt lat="60.70631" lon="8.93844">
        <ele>257.2</ele>
      </trkpt>
      <trkpt lat="60.70601" lon="8.93847">
        <ele>256.4</ele>
      </trkpt>
      <trkpt lat="60.70593" lon="8.938459">
        <ele>256.2</ele>
      </trkpt>
      <trkpt lat="60.70586" lon="8.93847">
        <ele>256.1</ele>
      </trkpt>
      <trkpt lat="60.70584" lon="8.93884">
        <ele>255.7</ele>
      </trkpt>
      <trkpt lat="60.70532" lon="8.93929">
        <ele>253.7</ele>
      </trkpt>
      <trkpt lat="60.70512" lon="8.939539">
        <ele>252.1</ele>
      </trkpt>
      <trkpt lat="60.70508" lon="8.939539">
        <ele>251.9</ele>
      </trkpt>
      <trkpt lat="60.70458" lon="8.93947">
        <ele>250.4</ele>
      </trkpt>
      <trkpt lat="60.70423" lon="8.93956">
        <ele>246.4</ele>
      </trkpt>
      <trkpt lat="60.70365" lon="8.94013">
        <ele>238.6</ele>
      </trkpt>
      <trkpt lat="60.70339" lon="8.94028">
        <ele>235.1</ele>
      </trkpt>
      <trkpt lat="60.70325" lon="8.94028">
        <ele>233.6</ele>
      </trkpt>
      <trkpt lat="60.70309" lon="8.94028">
        <ele>231.7</ele>
      </trkpt>
      <trkpt lat="60.70286" lon="8.94018">
        <ele>229.1</ele>
      </trkpt>
      <trkpt lat="60.70211" lon="8.93963">
        <ele>227.0</ele>
      </trkpt>
      <trkpt lat="60.70207" lon="8.93958">
        <ele>226.9</ele>
      </trkpt>
      <trkpt lat="60.70204" lon="8.93971">
        <ele>226.8</ele>
      </trkpt>
      <trkpt lat="60.70196" lon="8.93965">
        <ele>226.2</ele>
      </trkpt>
      <trkpt lat="60.70205" lon="8.93914">
        <ele>226.3</ele>
      </trkpt>
      <trkpt lat="60.70225" lon="8.9383">
        <ele>226.2</ele>
      </trkpt>
      <trkpt lat="60.70233" lon="8.93781">
        <ele>228.6</ele>
      </trkpt>
      <trkpt lat="60.70256" lon="8.93682">
        <ele>229.2</ele>
      </trkpt>
      <trkpt lat="60.70258" lon="8.93659">
        <ele>229.4</ele>
      </trkpt>
      <trkpt lat="60.70257" lon="8.93648">
        <ele>229.1</ele>
      </trkpt>
      <trkpt lat="60.70265" lon="8.93642">
        <ele>229.7</ele>
      </trkpt>
      <trkpt lat="60.70274" lon="8.93627">
        <ele>230.2</ele>
      </trkpt>
      <trkpt lat="60.70282" lon="8.93605">
        <ele>231.0</ele>
      </trkpt>
      <trkpt lat="60.70298" lon="8.93519">
        <ele>230.5</ele>
      </trkpt>
      <trkpt lat="60.70305" lon="8.9346">
        <ele>231.6</ele>
      </trkpt>
      <trkpt lat="60.70302" lon="8.93442">
        <ele>231.9</ele>
      </trkpt>
      <trkpt lat="60.70293" lon="8.93365">
        <ele>233.4</ele>
      </trkpt>
      <trkpt lat="60.70294" lon="8.93356">
        <ele>233.6</ele>
      </trkpt>
      <trkpt lat="60.70288" lon="8.9336">
        <ele>233.8</ele>
      </trkpt>
      <trkpt lat="60.70281" lon="8.93341">
        <ele>234.3</ele>
      </trkpt>
      <trkpt lat="60.70271" lon="8.93324">
        <ele>234.4</ele>
      </trkpt>
      <trkpt lat="60.70252" lon="8.93298">
        <ele>235.5</ele>
      </trkpt>
      <trkpt lat="60.70245" lon="8.93294">
        <ele>235.0</ele>
      </trkpt>
      <trkpt lat="60.70189" lon="8.93237">
        <ele>235.1</ele>
      </trkpt>
      <trkpt lat="60.70145" lon="8.93197">
        <ele>232.8</ele>
      </trkpt>
      <trkpt lat="60.70068" lon="8.93136">
        <ele>227.1</ele>
      </trkpt>
      <trkpt lat="60.6999" lon="8.93075">
        <ele>222.3</ele>
      </trkpt>
      <trkpt lat="60.69913" lon="8.93014">
        <ele>220.7</ele>
      </trkpt>
      <trkpt lat="60.69836" lon="8.92954">
        <ele>221.2</ele>
      </trkpt>
      <trkpt lat="60.69758" lon="8.92893">
        <ele>222.0</ele>
      </trkpt>
      <trkpt lat="60.69685" lon="8.92836">
        <ele>223.8</ele>
      </trkpt>
      <trkpt lat="60.69613" lon="8.92779">
        <ele>228.9</ele>
      </trkpt>
      <trkpt lat="60.6954" lon="8.92723">
        <ele>225.9</ele>
      </trkpt>
      <trkpt lat="60.69528" lon="8.92733">
        <ele>225.2</ele>
      </trkpt>
      <trkpt lat="60.6952" lon="8.92732">
        <ele>225.2</ele>
      </trkpt>
      <trkpt lat="60.69496" lon="8.92718">
        <ele>225.7</ele>
      </trkpt>
      <trkpt lat="60.69491" lon="8.92712">
        <ele>225.8</ele>
      </trkpt>
      <trkpt lat="60.69486" lon="8.92694">
        <ele>226.0</ele>
      </trkpt>
      <trkpt lat="60.6947" lon="8.92675">
        <ele>226.4</ele>
      </trkpt>
      <trkpt lat="60.69425" lon="8.92607">
        <ele>219.6</ele>
      </trkpt>
      <trkpt lat="60.69414" lon="8.92571">
        <ele>217.8</ele>
      </trkpt>
      <trkpt lat="60.69415" lon="8.92555">
        <ele>218.1</ele>
      </trkpt>
      <trkpt lat="60.69389" lon="8.925">
        <ele>218.3</ele>
      </trkpt>
      <trkpt lat="60.69352" lon="8.923959">
        <ele>222.8</ele>
      </trkpt>
      <trkpt lat="60.69315" lon="8.92292">
        <ele>229.3</ele>
      </trkpt>
      <trkpt lat="60.6927" lon="8.92143">
        <ele>233.1</ele>
      </trkpt>
      <trkpt lat="60.69225" lon="8.91994">
        <ele>231.5</ele>
      </trkpt>
      <trkpt lat="60.6918" lon="8.91844">
        <ele>232.1</ele>
      </trkpt>
      <trkpt lat="60.69155" lon="8.91741">
        <ele>233.1</ele>
      </trkpt>
      <trkpt lat="60.6914" lon="8.91658">
        <ele>234.5</ele>
      </trkpt>
      <trkpt lat="60.6914" lon="8.91658">
        <ele>234.5</ele>
      </trkpt>
      <trkpt lat="60.69114" lon="8.9152">
        <ele>235.6</ele>
      </trkpt>
      <trkpt lat="60.69088" lon="8.91382">
        <ele>239.2</ele>
      </trkpt>
      <trkpt lat="60.69072" lon="8.91318">
        <ele>241.6</ele>
      </trkpt>
      <trkpt lat="60.69025" lon="8.91173">
        <ele>241.3</ele>
      </trkpt>
      <trkpt lat="60.68978" lon="8.91029">
        <ele>240.0</ele>
      </trkpt>
      <trkpt lat="60.6896" lon="8.90968">
        <ele>238.3</ele>
      </trkpt>
      <trkpt lat="60.68952" lon="8.90936">
        <ele>237.9</ele>
      </trkpt>
      <trkpt lat="60.68924" lon="8.90791">
        <ele>237.3</ele>
      </trkpt>
      <trkpt lat="60.68897" lon="8.90647">
        <ele>241.6</ele>
      </trkpt>
      <trkpt lat="60.6887" lon="8.90502">
        <ele>246.6</ele>
      </trkpt>
      <trkpt lat="60.68842" lon="8.90357">
        <ele>249.8</ele>
      </trkpt>
      <trkpt lat="60.68815" lon="8.90212">
        <ele>247.5</ele>
      </trkpt>
      <trkpt lat="60.68781" lon="8.90043">
        <ele>243.7</ele>
      </trkpt>
      <trkpt lat="60.68748" lon="8.89874">
        <ele>245.0</ele>
      </trkpt>
      <trkpt lat="60.68724" lon="8.89744">
        <ele>246.5</ele>
      </trkpt>
      <trkpt lat="60.687" lon="8.89615">
        <ele>246.9</ele>
      </trkpt>
      <trkpt lat="60.68676" lon="8.89485">
        <ele>246.2</ele>
      </trkpt>
      <trkpt lat="60.68652" lon="8.89356">
        <ele>248.3</ele>
      </trkpt>
      <trkpt lat="60.68628" lon="8.89217">
        <ele>249.3</ele>
      </trkpt>
      <trkpt lat="60.68614" lon="8.891489">
        <ele>250.2</ele>
      </trkpt>
      <trkpt lat="60.68585" lon="8.89029">
        <ele>252.5</ele>
      </trkpt>
      <trkpt lat="60.68557" lon="8.88909">
        <ele>253.0</ele>
      </trkpt>
      <trkpt lat="60.68532" lon="8.88814">
        <ele>253.3</ele>
      </trkpt>
      <trkpt lat="60.68501" lon="8.88681">
        <ele>258.1</ele>
      </trkpt>
      <trkpt lat="60.6847" lon="8.88547">
        <ele>256.7</ele>
      </trkpt>
      <trkpt lat="60.68438" lon="8.88414">
        <ele>255.2</ele>
      </trkpt>
      <trkpt lat="60.68427" lon="8.88358">
        <ele>255.2</ele>
      </trkpt>
      <trkpt lat="60.68421" lon="8.8832">
        <ele>256.3</ele>
      </trkpt>
      <trkpt lat="60.68406" lon="8.88193">
        <ele>258.3</ele>
      </trkpt>
      <trkpt lat="60.68391" lon="8.88065">
        <ele>255.0</ele>
      </trkpt>
      <trkpt lat="60.68377" lon="8.87927">
        <ele>254.6</ele>
      </trkpt>
      <trkpt lat="60.68362" lon="8.8779">
        <ele>250.1</ele>
      </trkpt>
      <trkpt lat="60.68356" lon="8.87666">
        <ele>248.9</ele>
      </trkpt>
      <trkpt lat="60.68356" lon="8.87524">
        <ele>248.6</ele>
      </trkpt>
      <trkpt lat="60.68356" lon="8.87382">
        <ele>246.6</ele>
      </trkpt>
      <trkpt lat="60.68359" lon="8.87255">
        <ele>249.9</ele>
      </trkpt>
      <trkpt lat="60.68361" lon="8.87099">
        <ele>257.4</ele>
      </trkpt>
      <trkpt lat="60.68363" lon="8.86943">
        <ele>258.6</ele>
      </trkpt>
      <trkpt lat="60.68364" lon="8.86787">
        <ele>259.9</ele>
      </trkpt>
      <trkpt lat="60.68363" lon="8.86708">
        <ele>259.7</ele>
      </trkpt>
      <trkpt lat="60.68352" lon="8.8657">
        <ele>257.5</ele>
      </trkpt>
      <trkpt lat="60.68342" lon="8.86432">
        <ele>257.6</ele>
      </trkpt>
      <trkpt lat="60.68331" lon="8.86294">
        <ele>256.8</ele>
      </trkpt>
      <trkpt lat="60.68329" lon="8.8622">
        <ele>255.5</ele>
      </trkpt>
      <trkpt lat="60.68329" lon="8.86175">
        <ele>255.1</ele>
      </trkpt>
      <trkpt lat="60.68333" lon="8.86128">
        <ele>254.5</ele>
      </trkpt>
      <trkpt lat="60.68352" lon="8.85956">
        <ele>253.4</ele>
      </trkpt>
      <trkpt lat="60.68352" lon="8.85956">
        <ele>253.4</ele>
      </trkpt>
      <trkpt lat="60.68362" lon="8.85863">
        <ele>253.1</ele>
      </trkpt>
      <trkpt lat="60.68367" lon="8.85778">
        <ele>254.8</ele>
      </trkpt>
      <trkpt lat="60.68367" lon="8.85706">
        <ele>256.2</ele>
      </trkpt>
      <trkpt lat="60.68365" lon="8.85619">
        <ele>257.9</ele>
      </trkpt>
      <trkpt lat="60.68362" lon="8.855829">
        <ele>258.8</ele>
      </trkpt>
      <trkpt lat="60.68342" lon="8.85427">
        <ele>260.0</ele>
      </trkpt>
      <trkpt lat="60.68336" lon="8.8537">
        <ele>258.4</ele>
      </trkpt>
      <trkpt lat="60.68332" lon="8.85289">
        <ele>255.4</ele>
      </trkpt>
      <trkpt lat="60.68333" lon="8.8522">
        <ele>252.9</ele>
      </trkpt>
      <trkpt lat="60.6835" lon="8.85083">
        <ele>250.1</ele>
      </trkpt>
      <trkpt lat="60.68367" lon="8.849449">
        <ele>252.2</ele>
      </trkpt>
      <trkpt lat="60.68383" lon="8.84808">
        <ele>256.6</ele>
      </trkpt>
      <trkpt lat="60.6839" lon="8.84702">
        <ele>258.3</ele>
      </trkpt>
      <trkpt lat="60.68391" lon="8.84656">
        <ele>259.2</ele>
      </trkpt>
      <trkpt lat="60.68389" lon="8.84624">
        <ele>259.0</ele>
      </trkpt>
      <trkpt lat="60.68374" lon="8.84472">
        <ele>260.0</ele>
      </trkpt>
      <trkpt lat="60.68372" lon="8.844239">
        <ele>260.8</ele>
      </trkpt>
      <trkpt lat="60.68353" lon="8.8429">
        <ele>260.4</ele>
      </trkpt>
      <trkpt lat="60.68334" lon="8.84155">
        <ele>263.0</ele>
      </trkpt>
      <trkpt lat="60.68311" lon="8.84026">
        <ele>266.0</ele>
      </trkpt>
      <trkpt lat="60.68289" lon="8.83896">
        <ele>268.2</ele>
      </trkpt>
      <trkpt lat="60.68262" lon="8.83755">
        <ele>271.2</ele>
      </trkpt>
      <trkpt lat="60.68235" lon="8.83614">
        <ele>272.0</ele>
      </trkpt>
      <trkpt lat="60.68205" lon="8.83454">
        <ele>274.9</ele>
      </trkpt>
      <trkpt lat="60.68174" lon="8.83295">
        <ele>276.0</ele>
      </trkpt>
      <trkpt lat="60.68144" lon="8.83136">
        <ele>274.1</ele>
      </trkpt>
      <trkpt lat="60.68114" lon="8.82977">
        <ele>275.5</ele>
      </trkpt>
      <trkpt lat="60.68113" lon="8.82971">
        <ele>275.6</ele>
      </trkpt>
      <trkpt lat="60.68089" lon="8.82858">
        <ele>276.7</ele>
      </trkpt>
      <trkpt lat="60.68086" lon="8.82875">
        <ele>275.8</ele>
      </trkpt>
      <trkpt lat="60.68063" lon="8.82771">
        <ele>276.5</ele>
      </trkpt>
      <trkpt lat="60.68035" lon="8.82662">
        <ele>275.3</ele>
      </trkpt>
      <trkpt lat="60.67993" lon="8.82719">
        <ele>273.7</ele>
      </trkpt>
      <trkpt lat="60.67963" lon="8.82764">
        <ele>272.6</ele>
      </trkpt>
      <trkpt lat="60.67949" lon="8.82784">
        <ele>272.1</ele>
      </trkpt>
      <trkpt lat="60.67939" lon="8.8279">
        <ele>271.8</ele>
      </trkpt>
      <trkpt lat="60.6793" lon="8.82791">
        <ele>272.1</ele>
      </trkpt>
      <trkpt lat="60.67896" lon="8.82771">
        <ele>275.7</ele>
      </trkpt>
      <trkpt lat="60.67877" lon="8.8278">
        <ele>277.3</ele>
      </trkpt>
      <trkpt lat="60.67868" lon="8.82792">
        <ele>278.2</ele>
      </trkpt>
      <trkpt lat="60.67859" lon="8.82799">
        <ele>279.0</ele>
      </trkpt>
      <trkpt lat="60.67849" lon="8.82803">
        <ele>279.9</ele>
      </trkpt>
      <trkpt lat="60.67837" lon="8.82795">
        <ele>280.4</ele>
      </trkpt>
      <trkpt lat="60.67824" lon="8.82771">
        <ele>280.8</ele>
      </trkpt>
      <trkpt lat="60.67807" lon="8.82708">
        <ele>280.0</ele>
      </trkpt>
      <trkpt lat="60.67785" lon="8.82595">
        <ele>277.7</ele>
      </trkpt>
      <trkpt lat="60.67785" lon="8.82595">
        <ele>277.7</ele>
      </trkpt>
      <trkpt lat="60.67772" lon="8.82515">
        <ele>276.3</ele>
      </trkpt>
      <trkpt lat="60.67759" lon="8.82462">
        <ele>277.0</ele>
      </trkpt>
      <trkpt lat="60.67725" lon="8.82367">
        <ele>279.2</ele>
      </trkpt>
      <trkpt lat="60.67706" lon="8.823079">
        <ele>280.4</ele>
      </trkpt>
      <trkpt lat="60.67693" lon="8.82253">
        <ele>281.6</ele>
      </trkpt>
      <trkpt lat="60.67675" lon="8.82191">
        <ele>283.4</ele>
      </trkpt>
      <trkpt lat="60.67658" lon="8.8214">
        <ele>284.5</ele>
      </trkpt>
      <trkpt lat="60.67602" lon="8.82033">
        <ele>289.5</ele>
      </trkpt>
      <trkpt lat="60.67546" lon="8.81927">
        <ele>297.7</ele>
      </trkpt>
      <trkpt lat="60.67485" lon="8.81843">
        <ele>300.7</ele>
      </trkpt>
      <trkpt lat="60.67451" lon="8.818009">
        <ele>299.6</ele>
      </trkpt>
      <trkpt lat="60.67421" lon="8.81755">
        <ele>298.4</ele>
      </trkpt>
      <trkpt lat="60.6736" lon="8.81655">
        <ele>298.0</ele>
      </trkpt>
      <trkpt lat="60.6735" lon="8.816179">
        <ele>295.7</ele>
      </trkpt>
      <trkpt lat="60.67331" lon="8.81575">
        <ele>295.1</ele>
      </trkpt>
      <trkpt lat="60.67314" lon="8.81523">
        <ele>292.8</ele>
      </trkpt>
      <trkpt lat="60.67302" lon="8.8148">
        <ele>290.9</ele>
      </trkpt>
      <trkpt lat="60.67261" lon="8.81438">
        <ele>291.6</ele>
      </trkpt>
      <trkpt lat="60.67221" lon="8.81396">
        <ele>290.8</ele>
      </trkpt>
      <trkpt lat="60.67189" lon="8.81396">
        <ele>292.2</ele>
      </trkpt>
      <trkpt lat="60.6714" lon="8.81412">
        <ele>297.5</ele>
      </trkpt>
      <trkpt lat="60.67091" lon="8.81428">
        <ele>305.7</ele>
      </trkpt>
      <trkpt lat="60.67036" lon="8.81428">
        <ele>312.6</ele>
      </trkpt>
      <trkpt lat="60.67004" lon="8.81436">
        <ele>317.8</ele>
      </trkpt>
      <trkpt lat="60.6699" lon="8.81428">
        <ele>319.3</ele>
      </trkpt>
      <trkpt lat="60.66986" lon="8.81423">
        <ele>319.7</ele>
      </trkpt>
      <trkpt lat="60.66955" lon="8.8135">
        <ele>324.6</ele>
      </trkpt>
      <trkpt lat="60.66924" lon="8.81278">
        <ele>330.9</ele>
      </trkpt>
      <trkpt lat="60.6689" lon="8.81209">
        <ele>335.4</ele>
      </trkpt>
      <trkpt lat="60.66856" lon="8.8114">
        <ele>330.8</ele>
      </trkpt>
      <trkpt lat="60.66838" lon="8.81094">
        <ele>325.7</ele>
      </trkpt>
      <trkpt lat="60.66818" lon="8.8106">
        <ele>322.9</ele>
      </trkpt>
      <trkpt lat="60.66799" lon="8.81033">
        <ele>319.8</ele>
      </trkpt>
      <trkpt lat="60.6678" lon="8.81016">
        <ele>316.9</ele>
      </trkpt>
      <trkpt lat="60.66766" lon="8.81014">
        <ele>316.1</ele>
      </trkpt>
      <trkpt lat="60.66752" lon="8.810269">
        <ele>316.6</ele>
      </trkpt>
      <trkpt lat="60.66735" lon="8.81047">
        <ele>317.3</ele>
      </trkpt>
      <trkpt lat="60.66715" lon="8.81059">
        <ele>317.5</ele>
      </trkpt>
      <trkpt lat="60.66691" lon="8.81064">
        <ele>318.2</ele>
      </trkpt>
      <trkpt lat="60.66672" lon="8.81062">
        <ele>318.8</ele>
      </trkpt>
      <trkpt lat="60.66632" lon="8.81045">
        <ele>319.1</ele>
      </trkpt>
      <trkpt lat="60.66585" lon="8.81017">
        <ele>317.4</ele>
      </trkpt>
      <trkpt lat="60.66526" lon="8.80961">
        <ele>313.4</ele>
      </trkpt>
      <trkpt lat="60.66477" lon="8.80898">
        <ele>312.8</ele>
      </trkpt>
      <trkpt lat="60.66466" lon="8.80878">
        <ele>312.2</ele>
      </trkpt>
      <trkpt lat="60.66457" lon="8.80845">
        <ele>311.0</ele>
      </trkpt>
      <trkpt lat="60.66451" lon="8.80805">
        <ele>309.0</ele>
      </trkpt>
      <trkpt lat="60.66442" lon="8.8077">
        <ele>307.8</ele>
      </trkpt>
      <trkpt lat="60.66431" lon="8.807359">
        <ele>306.9</ele>
      </trkpt>
      <trkpt lat="60.66414" lon="8.80705">
        <ele>306.6</ele>
      </trkpt>
      <trkpt lat="60.66408" lon="8.80686">
        <ele>306.0</ele>
      </trkpt>
      <trkpt lat="60.66385" lon="8.80632">
        <ele>307.0</ele>
      </trkpt>
      <trkpt lat="60.66348" lon="8.80551">
        <ele>310.9</ele>
      </trkpt>
      <trkpt lat="60.66311" lon="8.8047">
        <ele>322.2</ele>
      </trkpt>
      <trkpt lat="60.66272" lon="8.80369">
        <ele>314.8</ele>
      </trkpt>
      <trkpt lat="60.66234" lon="8.80267">
        <ele>305.3</ele>
      </trkpt>
      <trkpt lat="60.66211" lon="8.80242">
        <ele>302.5</ele>
      </trkpt>
      <trkpt lat="60.66203" lon="8.80237">
        <ele>302.1</ele>
      </trkpt>
      <trkpt lat="60.6619" lon="8.80229">
        <ele>301.2</ele>
      </trkpt>
      <trkpt lat="60.66163" lon="8.80207">
        <ele>299.6</ele>
      </trkpt>
      <trkpt lat="60.66142" lon="8.8018">
        <ele>299.7</ele>
      </trkpt>
      <trkpt lat="60.66121" lon="8.80109">
        <ele>299.0</ele>
      </trkpt>
      <trkpt lat="60.66118" lon="8.80038">
        <ele>296.9</ele>
      </trkpt>
      <trkpt lat="60.66123" lon="8.79959">
        <ele>294.4</ele>
      </trkpt>
      <trkpt lat="60.66133" lon="8.79871">
        <ele>292.1</ele>
      </trkpt>
      <trkpt lat="60.66141" lon="8.7982">
        <ele>291.3</ele>
      </trkpt>
      <trkpt lat="60.66138" lon="8.79765">
        <ele>292.6</ele>
      </trkpt>
      <trkpt lat="60.66125" lon="8.79717">
        <ele>295.7</ele>
      </trkpt>
      <trkpt lat="60.66107" lon="8.79666">
        <ele>299.1</ele>
      </trkpt>
      <trkpt lat="60.66088" lon="8.79602">
        <ele>303.3</ele>
      </trkpt>
      <trkpt lat="60.66073" lon="8.79544">
        <ele>306.5</ele>
      </trkpt>
      <trkpt lat="60.66047" lon="8.79434">
        <ele>306.1</ele>
      </trkpt>
      <trkpt lat="60.66032" lon="8.79312">
        <ele>300.7</ele>
      </trkpt>
      <trkpt lat="60.66036" lon="8.79266">
        <ele>299.5</ele>
      </trkpt>
      <trkpt lat="60.66095" lon="8.79145">
        <ele>301.6</ele>
      </trkpt>
      <trkpt lat="60.66162" lon="8.79027">
        <ele>307.7</ele>
      </trkpt>
      <trkpt lat="60.66182" lon="8.789809">
        <ele>309.2</ele>
      </trkpt>
      <trkpt lat="60.66208" lon="8.78937">
        <ele>310.0</ele>
      </trkpt>
      <trkpt lat="60.66232" lon="8.7891">
        <ele>310.0</ele>
      </trkpt>
      <trkpt lat="60.66248" lon="8.78882">
        <ele>309.6</ele>
      </trkpt>
      <trkpt lat="60.6625" lon="8.78847">
        <ele>308.0</ele>
      </trkpt>
      <trkpt lat="60.66236" lon="8.78811">
        <ele>305.7</ele>
      </trkpt>
      <trkpt lat="60.66213" lon="8.78782">
        <ele>304.2</ele>
      </trkpt>
      <trkpt lat="60.66163" lon="8.7874">
        <ele>306.7</ele>
      </trkpt>
      <trkpt lat="60.6614" lon="8.78734">
        <ele>310.1</ele>
      </trkpt>
      <trkpt lat="60.66124" lon="8.787369">
        <ele>313.2</ele>
      </trkpt>
      <trkpt lat="60.66076" lon="8.78761">
        <ele>320.3</ele>
      </trkpt>
      <trkpt lat="60.66058" lon="8.78762">
        <ele>322.2</ele>
      </trkpt>
      <trkpt lat="60.66047" lon="8.78741">
        <ele>322.8</ele>
      </trkpt>
      <trkpt lat="60.66023" lon="8.78668">
        <ele>323.0</ele>
      </trkpt>
      <trkpt lat="60.66" lon="8.78606">
        <ele>323.3</ele>
      </trkpt>
      <trkpt lat="60.66" lon="8.78566">
        <ele>323.6</ele>
      </trkpt>
      <trkpt lat="60.66006" lon="8.78542">
        <ele>324.3</ele>
      </trkpt>
      <trkpt lat="60.66053" lon="8.78487">
        <ele>320.9</ele>
      </trkpt>
      <trkpt lat="60.66086" lon="8.78458">
        <ele>315.0</ele>
      </trkpt>
      <trkpt lat="60.66142" lon="8.78423">
        <ele>305.6</ele>
      </trkpt>
      <trkpt lat="60.66218" lon="8.78387">
        <ele>297.5</ele>
      </trkpt>
      <trkpt lat="60.66223" lon="8.78382">
        <ele>297.2</ele>
      </trkpt>
      <trkpt lat="60.66233" lon="8.78364">
        <ele>296.7</ele>
      </trkpt>
      <trkpt lat="60.66237" lon="8.78346">
        <ele>296.9</ele>
      </trkpt>
      <trkpt lat="60.66238" lon="8.78334">
        <ele>296.7</ele>
      </trkpt>
      <trkpt lat="60.66238" lon="8.78325">
        <ele>296.7</ele>
      </trkpt>
      <trkpt lat="60.66233" lon="8.78306">
        <ele>297.9</ele>
      </trkpt>
      <trkpt lat="60.66224" lon="8.78292">
        <ele>299.3</ele>
      </trkpt>
      <trkpt lat="60.66198" lon="8.78287">
        <ele>302.2</ele>
      </trkpt>
      <trkpt lat="60.66191" lon="8.78284">
        <ele>303.0</ele>
      </trkpt>
      <trkpt lat="60.66186" lon="8.78273">
        <ele>303.5</ele>
      </trkpt>
      <trkpt lat="60.6618" lon="8.782539">
        <ele>304.0</ele>
      </trkpt>
      <trkpt lat="60.66177" lon="8.78231">
        <ele>304.1</ele>
      </trkpt>
      <trkpt lat="60.66173" lon="8.781459">
        <ele>304.3</ele>
      </trkpt>
      <trkpt lat="60.66175" lon="8.78118">
        <ele>304.5</ele>
      </trkpt>
      <trkpt lat="60.66189" lon="8.78048">
        <ele>305.3</ele>
      </trkpt>
      <trkpt lat="60.66226" lon="8.77934">
        <ele>305.0</ele>
      </trkpt>
      <trkpt lat="60.66238" lon="8.77863">
        <ele>305.8</ele>
      </trkpt>
      <trkpt lat="60.6624" lon="8.77805">
        <ele>307.1</ele>
      </trkpt>
      <trkpt lat="60.66243" lon="8.77788">
        <ele>307.4</ele>
      </trkpt>
      <trkpt lat="60.66273" lon="8.77708">
        <ele>305.7</ele>
      </trkpt>
      <trkpt lat="60.66299" lon="8.7763">
        <ele>301.9</ele>
      </trkpt>
      <trkpt lat="60.66325" lon="8.77553">
        <ele>298.4</ele>
      </trkpt>
      <trkpt lat="60.66335" lon="8.77507">
        <ele>297.5</ele>
      </trkpt>
      <trkpt lat="60.66339" lon="8.77436">
        <ele>298.2</ele>
      </trkpt>
      <trkpt lat="60.66348" lon="8.77347">
        <ele>300.9</ele>
      </trkpt>
      <trkpt lat="60.66361" lon="8.7726">
        <ele>302.6</ele>
      </trkpt>
      <trkpt lat="60.66378" lon="8.77134">
        <ele>302.4</ele>
      </trkpt>
      <trkpt lat="60.66404" lon="8.76995">
        <ele>301.9</ele>
      </trkpt>
      <trkpt lat="60.66406" lon="8.76966">
        <ele>302.5</ele>
      </trkpt>
      <trkpt lat="60.66401" lon="8.7688">
        <ele>304.9</ele>
      </trkpt>
      <trkpt lat="60.66389" lon="8.76799">
        <ele>308.7</ele>
      </trkpt>
      <trkpt lat="60.66391" lon="8.76706">
        <ele>311.3</ele>
      </trkpt>
      <trkpt lat="60.66399" lon="8.76576">
        <ele>313.1</ele>
      </trkpt>
      <trkpt lat="60.66403" lon="8.76453">
        <ele>317.0</ele>
      </trkpt>
      <trkpt lat="60.66404" lon="8.76376">
        <ele>316.9</ele>
      </trkpt>
      <trkpt lat="60.6641" lon="8.762829">
        <ele>313.9</ele>
      </trkpt>
      <trkpt lat="60.66415" lon="8.76246">
        <ele>311.4</ele>
      </trkpt>
      <trkpt lat="60.66416" lon="8.7623">
        <ele>310.4</ele>
      </trkpt>
      <trkpt lat="60.66435" lon="8.76168">
        <ele>305.2</ele>
      </trkpt>
      <trkpt lat="60.66452" lon="8.760999">
        <ele>302.5</ele>
      </trkpt>
      <trkpt lat="60.66459" lon="8.76048">
        <ele>301.7</ele>
      </trkpt>
      <trkpt lat="60.66464" lon="8.75981">
        <ele>304.2</ele>
      </trkpt>
      <trkpt lat="60.66454" lon="8.75904">
        <ele>310.1</ele>
      </trkpt>
      <trkpt lat="60.66445" lon="8.75855">
        <ele>311.9</ele>
      </trkpt>
      <trkpt lat="60.66432" lon="8.75801">
        <ele>313.0</ele>
      </trkpt>
      <trkpt lat="60.66431" lon="8.75787">
        <ele>313.0</ele>
      </trkpt>
      <trkpt lat="60.66441" lon="8.75765">
        <ele>313.0</ele>
      </trkpt>
      <trkpt lat="60.66459" lon="8.75736">
        <ele>313.0</ele>
      </trkpt>
      <trkpt lat="60.66494" lon="8.75691">
        <ele>311.1</ele>
      </trkpt>
      <trkpt lat="60.66548" lon="8.75651">
        <ele>305.1</ele>
      </trkpt>
      <trkpt lat="60.66557" lon="8.75647">
        <ele>304.2</ele>
      </trkpt>
      <trkpt lat="60.66575" lon="8.75635">
        <ele>302.3</ele>
      </trkpt>
      <trkpt lat="60.66582" lon="8.75623">
        <ele>302.2</ele>
      </trkpt>
      <trkpt lat="60.66586" lon="8.75599">
        <ele>302.7</ele>
      </trkpt>
      <trkpt lat="60.66585" lon="8.75588">
        <ele>303.1</ele>
      </trkpt>
      <trkpt lat="60.66576" lon="8.7556">
        <ele>304.0</ele>
      </trkpt>
      <trkpt lat="60.66568" lon="8.75546">
        <ele>305.0</ele>
      </trkpt>
      <trkpt lat="60.66542" lon="8.75508">
        <ele>307.2</ele>
      </trkpt>
      <trkpt lat="60.66531" lon="8.75487">
        <ele>308.4</ele>
      </trkpt>
      <trkpt lat="60.66515" lon="8.75444">
        <ele>309.0</ele>
      </trkpt>
      <trkpt lat="60.66491" lon="8.75391">
        <ele>310.2</ele>
      </trkpt>
      <trkpt lat="60.66481" lon="8.75375">
        <ele>310.8</ele>
      </trkpt>
      <trkpt lat="60.6641" lon="8.7529">
        <ele>307.5</ele>
      </trkpt>
      <trkpt lat="60.66361" lon="8.75253">
        <ele>303.0</ele>
      </trkpt>
      <trkpt lat="60.6629" lon="8.75205">
        <ele>300.9</ele>
      </trkpt>
      <trkpt lat="60.66256" lon="8.75167">
        <ele>301.6</ele>
      </trkpt>
      <trkpt lat="60.66243" lon="8.75145">
        <ele>302.3</ele>
      </trkpt>
      <trkpt lat="60.66202" lon="8.7509">
        <ele>304.0</ele>
      </trkpt>
      <trkpt lat="60.66163" lon="8.75015">
        <ele>305.3</ele>
      </trkpt>
      <trkpt lat="60.66156" lon="8.74993">
        <ele>305.8</ele>
      </trkpt>
      <trkpt lat="60.66145" lon="8.74912">
        <ele>305.6</ele>
      </trkpt>
      <trkpt lat="60.66126" lon="8.74807">
        <ele>303.5</ele>
      </trkpt>
      <trkpt lat="60.66118" lon="8.74724">
        <ele>300.6</ele>
      </trkpt>
      <trkpt lat="60.66111" lon="8.74688">
        <ele>300.6</ele>
      </trkpt>
      <trkpt lat="60.66103" lon="8.74658">
        <ele>300.6</ele>
      </trkpt>
      <trkpt lat="60.66095" lon="8.74639">
        <ele>301.4</ele>
      </trkpt>
      <trkpt lat="60.66092" lon="8.746219">
        <ele>301.9</ele>
      </trkpt>
      <trkpt lat="60.66089" lon="8.74551">
        <ele>302.2</ele>
      </trkpt>
      <trkpt lat="60.66085" lon="8.74512">
        <ele>302.8</ele>
      </trkpt>
      <trkpt lat="60.66074" lon="8.74483">
        <ele>303.7</ele>
      </trkpt>
      <trkpt lat="60.66066" lon="8.74451">
        <ele>304.6</ele>
      </trkpt>
      <trkpt lat="60.66063" lon="8.744249">
        <ele>304.5</ele>
      </trkpt>
      <trkpt lat="60.66062" lon="8.743919">
        <ele>303.7</ele>
      </trkpt>
      <trkpt lat="60.66067" lon="8.74353">
        <ele>303.2</ele>
      </trkpt>
      <trkpt lat="60.66088" lon="8.74276">
        <ele>303.7</ele>
      </trkpt>
      <trkpt lat="60.66094" lon="8.74238">
        <ele>303.9</ele>
      </trkpt>
      <trkpt lat="60.66096" lon="8.74201">
        <ele>303.7</ele>
      </trkpt>
      <trkpt lat="60.66093" lon="8.74143">
        <ele>303.2</ele>
      </trkpt>
      <trkpt lat="60.66082" lon="8.74057">
        <ele>307.0</ele>
      </trkpt>
      <trkpt lat="60.66081" lon="8.74038">
        <ele>308.7</ele>
      </trkpt>
      <trkpt lat="60.66083" lon="8.74009">
        <ele>311.2</ele>
      </trkpt>
      <trkpt lat="60.66104" lon="8.73913">
        <ele>304.1</ele>
      </trkpt>
      <trkpt lat="60.66114" lon="8.73814">
        <ele>301.9</ele>
      </trkpt>
      <trkpt lat="60.66124" lon="8.73716">
        <ele>300.9</ele>
      </trkpt>
      <trkpt lat="60.66128" lon="8.73695">
        <ele>300.7</ele>
      </trkpt>
      <trkpt lat="60.6615" lon="8.736039">
        <ele>301.7</ele>
      </trkpt>
      <trkpt lat="60.66173" lon="8.73513">
        <ele>302.5</ele>
      </trkpt>
      <trkpt lat="60.66189" lon="8.73436">
        <ele>303.1</ele>
      </trkpt>
      <trkpt lat="60.66201" lon="8.73355">
        <ele>303.0</ele>
      </trkpt>
      <trkpt lat="60.66216" lon="8.7323">
        <ele>303.3</ele>
      </trkpt>
      <trkpt lat="60.6623" lon="8.73105">
        <ele>305.7</ele>
      </trkpt>
      <trkpt lat="60.66242" lon="8.72981">
        <ele>302.5</ele>
      </trkpt>
      <trkpt lat="60.66253" lon="8.728579">
        <ele>302.0</ele>
      </trkpt>
      <trkpt lat="60.66265" lon="8.72735">
        <ele>303.0</ele>
      </trkpt>
      <trkpt lat="60.66267" lon="8.727">
        <ele>303.0</ele>
      </trkpt>
      <trkpt lat="60.66265" lon="8.72657">
        <ele>303.8</ele>
      </trkpt>
      <trkpt lat="60.66255" lon="8.72559">
        <ele>305.6</ele>
      </trkpt>
      <trkpt lat="60.66246" lon="8.72499">
        <ele>307.3</ele>
      </trkpt>
      <trkpt lat="60.66236" lon="8.72456">
        <ele>308.1</ele>
      </trkpt>
      <trkpt lat="60.66206" lon="8.72347">
        <ele>310.1</ele>
      </trkpt>
      <trkpt lat="60.66175" lon="8.72214">
        <ele>311.0</ele>
      </trkpt>
      <trkpt lat="60.66159" lon="8.72136">
        <ele>310.0</ele>
      </trkpt>
      <trkpt lat="60.66139" lon="8.71964">
        <ele>307.5</ele>
      </trkpt>
      <trkpt lat="60.66135" lon="8.71876">
        <ele>307.0</ele>
      </trkpt>
      <trkpt lat="60.66122" lon="8.71867">
        <ele>306.9</ele>
      </trkpt>
      <trkpt lat="60.66064" lon="8.717739">
        <ele>308.8</ele>
      </trkpt>
      <trkpt lat="60.66061" lon="8.71786">
        <ele>308.5</ele>
      </trkpt>
      <trkpt lat="60.66027" lon="8.71884">
        <ele>306.7</ele>
      </trkpt>
      <trkpt lat="60.66016" lon="8.71898">
        <ele>307.4</ele>
      </trkpt>
      <trkpt lat="60.66004" lon="8.71904">
        <ele>308.1</ele>
      </trkpt>
      <trkpt lat="60.65993" lon="8.71908">
        <ele>308.7</ele>
      </trkpt>
      <trkpt lat="60.65983" lon="8.71905">
        <ele>309.3</ele>
      </trkpt>
      <trkpt lat="60.65978" lon="8.71897">
        <ele>309.6</ele>
      </trkpt>
      <trkpt lat="60.65964" lon="8.71834">
        <ele>311.6</ele>
      </trkpt>
      <trkpt lat="60.65956" lon="8.71787">
        <ele>312.4</ele>
      </trkpt>
      <trkpt lat="60.6594" lon="8.71629">
        <ele>316.0</ele>
      </trkpt>
      <trkpt lat="60.65935" lon="8.71573">
        <ele>316.7</ele>
      </trkpt>
      <trkpt lat="60.65927" lon="8.71467">
        <ele>315.9</ele>
      </trkpt>
      <trkpt lat="60.6593" lon="8.713609">
        <ele>315.0</ele>
      </trkpt>
      <trkpt lat="60.65924" lon="8.71258">
        <ele>314.5</ele>
      </trkpt>
      <trkpt lat="60.65917" lon="8.71155">
        <ele>315.0</ele>
      </trkpt>
      <trkpt lat="60.6591" lon="8.71086">
        <ele>315.7</ele>
      </trkpt>
      <trkpt lat="60.659" lon="8.71033">
        <ele>316.6</ele>
      </trkpt>
      <trkpt lat="60.65873" lon="8.70912">
        <ele>322.3</ele>
      </trkpt>
      <trkpt lat="60.65857" lon="8.70837">
        <ele>325.7</ele>
      </trkpt>
      <trkpt lat="60.65843" lon="8.70752">
        <ele>328.0</ele>
      </trkpt>
      <trkpt lat="60.65829" lon="8.70581">
        <ele>332.2</ele>
      </trkpt>
      <trkpt lat="60.6582" lon="8.70539">
        <ele>334.9</ele>
      </trkpt>
      <trkpt lat="60.65808" lon="8.705069">
        <ele>336.5</ele>
      </trkpt>
      <trkpt lat="60.65755" lon="8.70421">
        <ele>343.3</ele>
      </trkpt>
      <trkpt lat="60.65721" lon="8.70377">
        <ele>348.2</ele>
      </trkpt>
      <trkpt lat="60.65693" lon="8.70362">
        <ele>350.8</ele>
      </trkpt>
      <trkpt lat="60.65648" lon="8.70345">
        <ele>351.4</ele>
      </trkpt>
      <trkpt lat="60.65604" lon="8.70328">
        <ele>355.2</ele>
      </trkpt>
      <trkpt lat="60.65582" lon="8.70313">
        <ele>357.7</ele>
      </trkpt>
      <trkpt lat="60.65564" lon="8.70293">
        <ele>359.6</ele>
      </trkpt>
      <trkpt lat="60.6554" lon="8.70257">
        <ele>362.4</ele>
      </trkpt>
      <trkpt lat="60.65531" lon="8.70238">
        <ele>363.4</ele>
      </trkpt>
      <trkpt lat="60.65518" lon="8.70196">
        <ele>364.1</ele>
      </trkpt>
      <trkpt lat="60.65483" lon="8.70057">
        <ele>358.6</ele>
      </trkpt>
      <trkpt lat="60.65467" lon="8.69999">
        <ele>354.9</ele>
      </trkpt>
      <trkpt lat="60.65459" lon="8.69979">
        <ele>353.5</ele>
      </trkpt>
      <trkpt lat="60.65426" lon="8.69915">
        <ele>351.4</ele>
      </trkpt>
      <trkpt lat="60.65375" lon="8.69843">
        <ele>349.4</ele>
      </trkpt>
      <trkpt lat="60.65324" lon="8.69771">
        <ele>349.6</ele>
      </trkpt>
      <trkpt lat="60.65272" lon="8.69699">
        <ele>356.6</ele>
      </trkpt>
      <trkpt lat="60.65226" lon="8.69642">
        <ele>362.8</ele>
      </trkpt>
      <trkpt lat="60.65179" lon="8.69591">
        <ele>370.1</ele>
      </trkpt>
      <trkpt lat="60.65165" lon="8.69571">
        <ele>371.9</ele>
      </trkpt>
      <trkpt lat="60.65118" lon="8.69493">
        <ele>368.6</ele>
      </trkpt>
      <trkpt lat="60.65102" lon="8.6948">
        <ele>370.5</ele>
      </trkpt>
      <trkpt lat="60.65062" lon="8.69459">
        <ele>372.8</ele>
      </trkpt>
      <trkpt lat="60.65047" lon="8.69433">
        <ele>371.3</ele>
      </trkpt>
      <trkpt lat="60.64991" lon="8.69382">
        <ele>368.4</ele>
      </trkpt>
      <trkpt lat="60.64966" lon="8.69318">
        <ele>365.9</ele>
      </trkpt>
      <trkpt lat="60.64933" lon="8.69257">
        <ele>363.8</ele>
      </trkpt>
      <trkpt lat="60.64895" lon="8.69215">
        <ele>361.2</ele>
      </trkpt>
      <trkpt lat="60.64872" lon="8.691789">
        <ele>358.8</ele>
      </trkpt>
      <trkpt lat="60.64865" lon="8.69159">
        <ele>357.6</ele>
      </trkpt>
      <trkpt lat="60.64862" lon="8.69142">
        <ele>356.3</ele>
      </trkpt>
      <trkpt lat="60.64866" lon="8.69079">
        <ele>352.6</ele>
      </trkpt>
      <trkpt lat="60.64871" lon="8.69067">
        <ele>351.7</ele>
      </trkpt>
      <trkpt lat="60.64876" lon="8.69058">
        <ele>350.9</ele>
      </trkpt>
      <trkpt lat="60.64879" lon="8.69053">
        <ele>350.5</ele>
      </trkpt>
      <trkpt lat="60.6488" lon="8.69042">
        <ele>349.8</ele>
      </trkpt>
      <trkpt lat="60.6487" lon="8.6901">
        <ele>347.7</ele>
      </trkpt>
      <trkpt lat="60.64854" lon="8.68969">
        <ele>345.5</ele>
      </trkpt>
      <trkpt lat="60.64842" lon="8.68927">
        <ele>343.9</ele>
      </trkpt>
      <trkpt lat="60.64805" lon="8.6878">
        <ele>343.7</ele>
      </trkpt>
      <trkpt lat="60.648" lon="8.68751">
        <ele>344.5</ele>
      </trkpt>
      <trkpt lat="60.64796" lon="8.68727">
        <ele>345.2</ele>
      </trkpt>
      <trkpt lat="60.64793" lon="8.68671">
        <ele>347.3</ele>
      </trkpt>
      <trkpt lat="60.6479" lon="8.68642">
        <ele>348.4</ele>
      </trkpt>
      <trkpt lat="60.64779" lon="8.68585">
        <ele>349.5</ele>
      </trkpt>
      <trkpt lat="60.64763" lon="8.68523">
        <ele>349.4</ele>
      </trkpt>
      <trkpt lat="60.64743" lon="8.68402">
        <ele>346.5</ele>
      </trkpt>
      <trkpt lat="60.64723" lon="8.68281">
        <ele>342.3</ele>
      </trkpt>
      <trkpt lat="60.64719" lon="8.68219">
        <ele>340.4</ele>
      </trkpt>
      <trkpt lat="60.64711" lon="8.68172">
        <ele>338.7</ele>
      </trkpt>
      <trkpt lat="60.64696" lon="8.680389">
        <ele>340.3</ele>
      </trkpt>
      <trkpt lat="60.64691" lon="8.68011">
        <ele>340.9</ele>
      </trkpt>
      <trkpt lat="60.64666" lon="8.67925">
        <ele>344.6</ele>
      </trkpt>
      <trkpt lat="60.64656" lon="8.67868">
        <ele>344.5</ele>
      </trkpt>
      <trkpt lat="60.64648" lon="8.67835">
        <ele>344.5</ele>
      </trkpt>
      <trkpt lat="60.64642" lon="8.67798">
        <ele>344.0</ele>
      </trkpt>
      <trkpt lat="60.64634" lon="8.67753">
        <ele>342.3</ele>
      </trkpt>
      <trkpt lat="60.64622" lon="8.67665">
        <ele>340.3</ele>
      </trkpt>
      <trkpt lat="60.64625" lon="8.67617">
        <ele>343.2</ele>
      </trkpt>
      <trkpt lat="60.64641" lon="8.67555">
        <ele>347.4</ele>
      </trkpt>
      <trkpt lat="60.64654" lon="8.67467">
        <ele>347.5</ele>
      </trkpt>
      <trkpt lat="60.64668" lon="8.67352">
        <ele>345.3</ele>
      </trkpt>
      <trkpt lat="60.64677" lon="8.67251">
        <ele>342.7</ele>
      </trkpt>
      <trkpt lat="60.64678" lon="8.67158">
        <ele>343.1</ele>
      </trkpt>
      <trkpt lat="60.6467" lon="8.67074">
        <ele>345.8</ele>
      </trkpt>
      <trkpt lat="60.64634" lon="8.66936">
        <ele>346.8</ele>
      </trkpt>
      <trkpt lat="60.64615" lon="8.66875">
        <ele>347.7</ele>
      </trkpt>
      <trkpt lat="60.64593" lon="8.66784">
        <ele>348.9</ele>
      </trkpt>
      <trkpt lat="60.64567" lon="8.66662">
        <ele>362.2</ele>
      </trkpt>
      <trkpt lat="60.64546" lon="8.66604">
        <ele>365.6</ele>
      </trkpt>
      <trkpt lat="60.6453" lon="8.66546">
        <ele>364.2</ele>
      </trkpt>
      <trkpt lat="60.64509" lon="8.66459">
        <ele>356.4</ele>
      </trkpt>
      <trkpt lat="60.64489" lon="8.66372">
        <ele>358.9</ele>
      </trkpt>
      <trkpt lat="60.64482" lon="8.66293">
        <ele>359.5</ele>
      </trkpt>
      <trkpt lat="60.64482" lon="8.66265">
        <ele>359.4</ele>
      </trkpt>
      <trkpt lat="60.6449" lon="8.66159">
        <ele>364.3</ele>
      </trkpt>
      <trkpt lat="60.64489" lon="8.66013">
        <ele>369.5</ele>
      </trkpt>
      <trkpt lat="60.6449" lon="8.65889">
        <ele>369.9</ele>
      </trkpt>
      <trkpt lat="60.64488" lon="8.6584">
        <ele>370.6</ele>
      </trkpt>
      <trkpt lat="60.64482" lon="8.6577">
        <ele>370.9</ele>
      </trkpt>
      <trkpt lat="60.64481" lon="8.6574">
        <ele>370.4</ele>
      </trkpt>
      <trkpt lat="60.64483" lon="8.65708">
        <ele>368.7</ele>
      </trkpt>
      <trkpt lat="60.64501" lon="8.65557">
        <ele>353.5</ele>
      </trkpt>
      <trkpt lat="60.64509" lon="8.65464">
        <ele>352.4</ele>
      </trkpt>
      <trkpt lat="60.64518" lon="8.6537">
        <ele>351.6</ele>
      </trkpt>
      <trkpt lat="60.64517" lon="8.65349">
        <ele>350.9</ele>
      </trkpt>
      <trkpt lat="60.64515" lon="8.653409">
        <ele>351.0</ele>
      </trkpt>
      <trkpt lat="60.64506" lon="8.65318">
        <ele>351.9</ele>
      </trkpt>
      <trkpt lat="60.64488" lon="8.65287">
        <ele>354.0</ele>
      </trkpt>
      <trkpt lat="60.64484" lon="8.65272">
        <ele>355.0</ele>
      </trkpt>
      <trkpt lat="60.64484" lon="8.65246">
        <ele>355.4</ele>
      </trkpt>
      <trkpt lat="60.64488" lon="8.65222">
        <ele>355.3</ele>
      </trkpt>
      <trkpt lat="60.64499" lon="8.65176">
        <ele>355.2</ele>
      </trkpt>
      <trkpt lat="60.64501" lon="8.65154">
        <ele>355.3</ele>
      </trkpt>
      <trkpt lat="60.64498" lon="8.65059">
        <ele>359.2</ele>
      </trkpt>
      <trkpt lat="60.64498" lon="8.65059">
        <ele>359.2</ele>
      </trkpt>
      <trkpt lat="60.64497" lon="8.65004">
        <ele>361.0</ele>
      </trkpt>
      <trkpt lat="60.64499" lon="8.649749">
        <ele>361.1</ele>
      </trkpt>
      <trkpt lat="60.64507" lon="8.64925">
        <ele>360.2</ele>
      </trkpt>
      <trkpt lat="60.64508" lon="8.64907">
        <ele>360.1</ele>
      </trkpt>
      <trkpt lat="60.64508" lon="8.64891">
        <ele>360.5</ele>
      </trkpt>
      <trkpt lat="60.64498" lon="8.64845">
        <ele>364.7</ele>
      </trkpt>
      <trkpt lat="60.64496" lon="8.64817">
        <ele>368.8</ele>
      </trkpt>
      <trkpt lat="60.64505" lon="8.64793">
        <ele>369.7</ele>
      </trkpt>
      <trkpt lat="60.64516" lon="8.647729">
        <ele>370.1</ele>
      </trkpt>
      <trkpt lat="60.64529" lon="8.64757">
        <ele>368.3</ele>
      </trkpt>
      <trkpt lat="60.64541" lon="8.64736">
        <ele>367.2</ele>
      </trkpt>
      <trkpt lat="60.6457" lon="8.64635">
        <ele>362.2</ele>
      </trkpt>
      <trkpt lat="60.64578" lon="8.64614">
        <ele>360.1</ele>
      </trkpt>
      <trkpt lat="60.64587" lon="8.64598">
        <ele>358.8</ele>
      </trkpt>
      <trkpt lat="60.64598" lon="8.64583">
        <ele>358.9</ele>
      </trkpt>
      <trkpt lat="60.64664" lon="8.64537">
        <ele>351.1</ele>
      </trkpt>
      <trkpt lat="60.64731" lon="8.64491">
        <ele>349.7</ele>
      </trkpt>
      <trkpt lat="60.64757" lon="8.64465">
        <ele>350.6</ele>
      </trkpt>
      <trkpt lat="60.64765" lon="8.6445">
        <ele>351.3</ele>
      </trkpt>
      <trkpt lat="60.64785" lon="8.64392">
        <ele>353.2</ele>
      </trkpt>
      <trkpt lat="60.64817" lon="8.64283">
        <ele>357.5</ele>
      </trkpt>
      <trkpt lat="60.64849" lon="8.64175">
        <ele>357.8</ele>
      </trkpt>
      <trkpt lat="60.6488" lon="8.64066">
        <ele>354.6</ele>
      </trkpt>
      <trkpt lat="60.64907" lon="8.6396">
        <ele>354.8</ele>
      </trkpt>
      <trkpt lat="60.64942" lon="8.63841">
        <ele>357.1</ele>
      </trkpt>
      <trkpt lat="60.64977" lon="8.63723">
        <ele>358.5</ele>
      </trkpt>
      <trkpt lat="60.65012" lon="8.63604">
        <ele>359.0</ele>
      </trkpt>
      <trkpt lat="60.65026" lon="8.63537">
        <ele>358.0</ele>
      </trkpt>
      <trkpt lat="60.65041" lon="8.63476">
        <ele>357.6</ele>
      </trkpt>
      <trkpt lat="60.65081" lon="8.63363">
        <ele>355.6</ele>
      </trkpt>
      <trkpt lat="60.65122" lon="8.6325">
        <ele>355.1</ele>
      </trkpt>
      <trkpt lat="60.6513" lon="8.63222">
        <ele>355.4</ele>
      </trkpt>
      <trkpt lat="60.65138" lon="8.63181">
        <ele>356.0</ele>
      </trkpt>
      <trkpt lat="60.65141" lon="8.63158">
        <ele>356.3</ele>
      </trkpt>
      <trkpt lat="60.65144" lon="8.63088">
        <ele>358.3</ele>
      </trkpt>
      <trkpt lat="60.65144" lon="8.6305">
        <ele>359.0</ele>
      </trkpt>
      <trkpt lat="60.6514" lon="8.62956">
        <ele>362.5</ele>
      </trkpt>
      <trkpt lat="60.65139" lon="8.62818">
        <ele>365.5</ele>
      </trkpt>
      <trkpt lat="60.65145" lon="8.62754">
        <ele>365.3</ele>
      </trkpt>
      <trkpt lat="60.65153" lon="8.62716">
        <ele>365.0</ele>
      </trkpt>
      <trkpt lat="60.65164" lon="8.62689">
        <ele>364.6</ele>
      </trkpt>
      <trkpt lat="60.65174" lon="8.626709">
        <ele>364.2</ele>
      </trkpt>
      <trkpt lat="60.65206" lon="8.6263">
        <ele>363.1</ele>
      </trkpt>
      <trkpt lat="60.65248" lon="8.62589">
        <ele>362.2</ele>
      </trkpt>
      <trkpt lat="60.65283" lon="8.62551">
        <ele>362.0</ele>
      </trkpt>
      <trkpt lat="60.65283" lon="8.62551">
        <ele>362.0</ele>
      </trkpt>
      <trkpt lat="60.65291" lon="8.62543">
        <ele>362.0</ele>
      </trkpt>
      <trkpt lat="60.65248" lon="8.62469">
        <ele>364.8</ele>
      </trkpt>
      <trkpt lat="60.65234" lon="8.62435">
        <ele>365.8</ele>
      </trkpt>
      <trkpt lat="60.65224" lon="8.62433">
        <ele>365.9</ele>
      </trkpt>
      <trkpt lat="60.65219" lon="8.624269">
        <ele>366.0</ele>
      </trkpt>
      <trkpt lat="60.65197" lon="8.62417">
        <ele>365.6</ele>
      </trkpt>
      <trkpt lat="60.65168" lon="8.62408">
        <ele>365.0</ele>
      </trkpt>
      <trkpt lat="60.65155" lon="8.623989">
        <ele>365.0</ele>
      </trkpt>
      <trkpt lat="60.65143" lon="8.62382">
        <ele>365.0</ele>
      </trkpt>
      <trkpt lat="60.65132" lon="8.62349">
        <ele>365.9</ele>
      </trkpt>
      <trkpt lat="60.65118" lon="8.62276">
        <ele>366.9</ele>
      </trkpt>
      <trkpt lat="60.65105" lon="8.62176">
        <ele>367.7</ele>
      </trkpt>
      <trkpt lat="60.65105" lon="8.62148">
        <ele>368.3</ele>
      </trkpt>
      <trkpt lat="60.65114" lon="8.6207">
        <ele>369.8</ele>
      </trkpt>
      <trkpt lat="60.65115" lon="8.62043">
        <ele>370.3</ele>
      </trkpt>
      <trkpt lat="60.65114" lon="8.62015">
        <ele>371.2</ele>
      </trkpt>
      <trkpt lat="60.65111" lon="8.61997">
        <ele>371.9</ele>
      </trkpt>
      <trkpt lat="60.65105" lon="8.61974">
        <ele>372.3</ele>
      </trkpt>
      <trkpt lat="60.65098" lon="8.619579">
        <ele>372.1</ele>
      </trkpt>
      <trkpt lat="60.65081" lon="8.61937">
        <ele>372.4</ele>
      </trkpt>
      <trkpt lat="60.65067" lon="8.61906">
        <ele>372.9</ele>
      </trkpt>
      <trkpt lat="60.65055" lon="8.61861">
        <ele>374.7</ele>
      </trkpt>
      <trkpt lat="60.65048" lon="8.61811">
        <ele>378.5</ele>
      </trkpt>
      <trkpt lat="60.65042" lon="8.61792">
        <ele>380.0</ele>
      </trkpt>
      <trkpt lat="60.6503" lon="8.61772">
        <ele>382.8</ele>
      </trkpt>
      <trkpt lat="60.64993" lon="8.61735">
        <ele>390.8</ele>
      </trkpt>
      <trkpt lat="60.64968" lon="8.616949">
        <ele>394.3</ele>
      </trkpt>
      <trkpt lat="60.64948" lon="8.6165">
        <ele>394.5</ele>
      </trkpt>
      <trkpt lat="60.64931" lon="8.61603">
        <ele>392.4</ele>
      </trkpt>
      <trkpt lat="60.64917" lon="8.61578">
        <ele>388.4</ele>
      </trkpt>
      <trkpt lat="60.649" lon="8.6157">
        <ele>387.2</ele>
      </trkpt>
      <trkpt lat="60.649" lon="8.6157">
        <ele>387.2</ele>
      </trkpt>
      <trkpt lat="60.64886" lon="8.61572">
        <ele>387.9</ele>
      </trkpt>
      <trkpt lat="60.64869" lon="8.61581">
        <ele>389.6</ele>
      </trkpt>
      <trkpt lat="60.64852" lon="8.61554">
        <ele>388.9</ele>
      </trkpt>
      <trkpt lat="60.64848" lon="8.61543">
        <ele>388.9</ele>
      </trkpt>
      <trkpt lat="60.6484" lon="8.614649">
        <ele>387.4</ele>
      </trkpt>
      <trkpt lat="60.64842" lon="8.6142">
        <ele>386.1</ele>
      </trkpt>
      <trkpt lat="60.64848" lon="8.61336">
        <ele>385.9</ele>
      </trkpt>
      <trkpt lat="60.64858" lon="8.61295">
        <ele>384.9</ele>
      </trkpt>
      <trkpt lat="60.6487" lon="8.612819">
        <ele>383.3</ele>
      </trkpt>
      <trkpt lat="60.64892" lon="8.61264">
        <ele>380.5</ele>
      </trkpt>
      <trkpt lat="60.64899" lon="8.61252">
        <ele>380.0</ele>
      </trkpt>
      <trkpt lat="60.64908" lon="8.61217">
        <ele>380.5</ele>
      </trkpt>
      <trkpt lat="60.64912" lon="8.61185">
        <ele>382.1</ele>
      </trkpt>
      <trkpt lat="60.64912" lon="8.61155">
        <ele>383.6</ele>
      </trkpt>
      <trkpt lat="60.64909" lon="8.61129">
        <ele>384.6</ele>
      </trkpt>
      <trkpt lat="60.64895" lon="8.610429">
        <ele>388.5</ele>
      </trkpt>
      <trkpt lat="60.64876" lon="8.6099">
        <ele>390.8</ele>
      </trkpt>
      <trkpt lat="60.64847" lon="8.60899">
        <ele>392.9</ele>
      </trkpt>
      <trkpt lat="60.6482" lon="8.60837">
        <ele>394.0</ele>
      </trkpt>
      <trkpt lat="60.64798" lon="8.60765">
        <ele>394.6</ele>
      </trkpt>
      <trkpt lat="60.64777" lon="8.6073">
        <ele>396.1</ele>
      </trkpt>
      <trkpt lat="60.64752" lon="8.60667">
        <ele>398.6</ele>
      </trkpt>
      <trkpt lat="60.64739" lon="8.60639">
        <ele>399.3</ele>
      </trkpt>
      <trkpt lat="60.64723" lon="8.60613">
        <ele>399.9</ele>
      </trkpt>
      <trkpt lat="60.64716" lon="8.60595">
        <ele>400.5</ele>
      </trkpt>
      <trkpt lat="60.64716" lon="8.60578">
        <ele>400.6</ele>
      </trkpt>
      <trkpt lat="60.64724" lon="8.605359">
        <ele>400.4</ele>
      </trkpt>
      <trkpt lat="60.64725" lon="8.60517">
        <ele>400.4</ele>
      </trkpt>
      <trkpt lat="60.64719" lon="8.60388">
        <ele>402.9</ele>
      </trkpt>
      <trkpt lat="60.64725" lon="8.60375">
        <ele>402.6</ele>
      </trkpt>
      <trkpt lat="60.64742" lon="8.60356">
        <ele>403.0</ele>
      </trkpt>
      <trkpt lat="60.64747" lon="8.6034">
        <ele>403.9</ele>
      </trkpt>
      <trkpt lat="60.64751" lon="8.602639">
        <ele>412.4</ele>
      </trkpt>
      <trkpt lat="60.6475" lon="8.60228">
        <ele>412.4</ele>
      </trkpt>
      <trkpt lat="60.64746" lon="8.60208">
        <ele>413.7</ele>
      </trkpt>
      <trkpt lat="60.64728" lon="8.60135">
        <ele>418.5</ele>
      </trkpt>
      <trkpt lat="60.64717" lon="8.60116">
        <ele>419.5</ele>
      </trkpt>
      <trkpt lat="60.64701" lon="8.60076">
        <ele>422.3</ele>
      </trkpt>
      <trkpt lat="60.64692" lon="8.60069">
        <ele>423.2</ele>
      </trkpt>
      <trkpt lat="60.64665" lon="8.60058">
        <ele>424.2</ele>
      </trkpt>
      <trkpt lat="60.6466" lon="8.60049">
        <ele>424.2</ele>
      </trkpt>
      <trkpt lat="60.64657" lon="8.60031">
        <ele>424.2</ele>
      </trkpt>
      <trkpt lat="60.64652" lon="8.60018">
        <ele>423.9</ele>
      </trkpt>
      <trkpt lat="60.64649" lon="8.60014">
        <ele>423.7</ele>
      </trkpt>
      <trkpt lat="60.64628" lon="8.60005">
        <ele>423.7</ele>
      </trkpt>
      <trkpt lat="60.64633" lon="8.59993">
        <ele>423.8</ele>
      </trkpt>
      <trkpt lat="60.64637" lon="8.59977">
        <ele>423.8</ele>
      </trkpt>
      <trkpt lat="60.64647" lon="8.59902">
        <ele>423.9</ele>
      </trkpt>
      <trkpt lat="60.64652" lon="8.59885">
        <ele>424.0</ele>
      </trkpt>
      <trkpt lat="60.64658" lon="8.5988">
        <ele>424.0</ele>
      </trkpt>
      <trkpt lat="60.64672" lon="8.59877">
        <ele>424.1</ele>
      </trkpt>
      <trkpt lat="60.64716" lon="8.59863">
        <ele>426.2</ele>
      </trkpt>
      <trkpt lat="60.64731" lon="8.59862">
        <ele>425.7</ele>
      </trkpt>
      <trkpt lat="60.64752" lon="8.598699">
        <ele>424.0</ele>
      </trkpt>
      <trkpt lat="60.64779" lon="8.59888">
        <ele>421.4</ele>
      </trkpt>
      <trkpt lat="60.6479" lon="8.59892">
        <ele>420.5</ele>
      </trkpt>
      <trkpt lat="60.6481" lon="8.59891">
        <ele>419.8</ele>
      </trkpt>
      <trkpt lat="60.64822" lon="8.59886">
        <ele>419.5</ele>
      </trkpt>
      <trkpt lat="60.64836" lon="8.59876">
        <ele>419.0</ele>
      </trkpt>
      <trkpt lat="60.6485" lon="8.59869">
        <ele>418.6</ele>
      </trkpt>
      <trkpt lat="60.6487" lon="8.59874">
        <ele>418.0</ele>
      </trkpt>
      <trkpt lat="60.64879" lon="8.59868">
        <ele>418.0</ele>
      </trkpt>
      <trkpt lat="60.64881" lon="8.5986">
        <ele>418.0</ele>
      </trkpt>
      <trkpt lat="60.64871" lon="8.59846">
        <ele>418.1</ele>
      </trkpt>
      <trkpt lat="60.64874" lon="8.59838">
        <ele>418.0</ele>
      </trkpt>
      <trkpt lat="60.64864" lon="8.59824">
        <ele>418.4</ele>
      </trkpt>
      <trkpt lat="60.64838" lon="8.59758">
        <ele>422.1</ele>
      </trkpt>
      <trkpt lat="60.64787" lon="8.59606">
        <ele>429.5</ele>
      </trkpt>
      <trkpt lat="60.64768" lon="8.59559">
        <ele>428.8</ele>
      </trkpt>
      <trkpt lat="60.64741" lon="8.59503">
        <ele>427.2</ele>
      </trkpt>
      <trkpt lat="60.64705" lon="8.5944">
        <ele>427.2</ele>
      </trkpt>
      <trkpt lat="60.64668" lon="8.59383">
        <ele>431.3</ele>
      </trkpt>
      <trkpt lat="60.64631" lon="8.59326">
        <ele>433.0</ele>
      </trkpt>
      <trkpt lat="60.64576" lon="8.592409">
        <ele>434.0</ele>
      </trkpt>
      <trkpt lat="60.6452" lon="8.59157">
        <ele>439.5</ele>
      </trkpt>
      <trkpt lat="60.64465" lon="8.590719">
        <ele>442.0</ele>
      </trkpt>
      <trkpt lat="60.64426" lon="8.59018">
        <ele>437.4</ele>
      </trkpt>
      <trkpt lat="60.64385" lon="8.58968">
        <ele>433.6</ele>
      </trkpt>
      <trkpt lat="60.64344" lon="8.58917">
        <ele>430.5</ele>
      </trkpt>
      <trkpt lat="60.64303" lon="8.58871">
        <ele>428.6</ele>
      </trkpt>
      <trkpt lat="60.64262" lon="8.58825">
        <ele>428.7</ele>
      </trkpt>
      <trkpt lat="60.64217" lon="8.58779">
        <ele>429.2</ele>
      </trkpt>
      <trkpt lat="60.64197" lon="8.58761">
        <ele>429.4</ele>
      </trkpt>
      <trkpt lat="60.64181" lon="8.58752">
        <ele>428.9</ele>
      </trkpt>
      <trkpt lat="60.64157" lon="8.58748">
        <ele>426.6</ele>
      </trkpt>
      <trkpt lat="60.64111" lon="8.58748">
        <ele>421.1</ele>
      </trkpt>
      <trkpt lat="60.64064" lon="8.58736">
        <ele>423.8</ele>
      </trkpt>
      <trkpt lat="60.6404" lon="8.5872">
        <ele>428.4</ele>
      </trkpt>
      <trkpt lat="60.63993" lon="8.58673">
        <ele>439.1</ele>
      </trkpt>
      <trkpt lat="60.63928" lon="8.5861">
        <ele>447.6</ele>
      </trkpt>
      <trkpt lat="60.63863" lon="8.58547">
        <ele>452.5</ele>
      </trkpt>
      <trkpt lat="60.63799" lon="8.58483">
        <ele>454.8</ele>
      </trkpt>
      <trkpt lat="60.63785" lon="8.58466">
        <ele>454.7</ele>
      </trkpt>
      <trkpt lat="60.6377" lon="8.58436">
        <ele>455.4</ele>
      </trkpt>
      <trkpt lat="60.63755" lon="8.58372">
        <ele>459.3</ele>
      </trkpt>
      <trkpt lat="60.63745" lon="8.58343">
        <ele>460.2</ele>
      </trkpt>
      <trkpt lat="60.63734" lon="8.58317">
        <ele>459.6</ele>
      </trkpt>
      <trkpt lat="60.63704" lon="8.58274">
        <ele>453.5</ele>
      </trkpt>
      <trkpt lat="60.63672" lon="8.58217">
        <ele>448.9</ele>
      </trkpt>
      <trkpt lat="60.63664" lon="8.58206">
        <ele>448.2</ele>
      </trkpt>
      <trkpt lat="60.63657" lon="8.58189">
        <ele>448.0</ele>
      </trkpt>
      <trkpt lat="60.63651" lon="8.581619">
        <ele>448.5</ele>
      </trkpt>
      <trkpt lat="60.63644" lon="8.5812">
        <ele>449.3</ele>
      </trkpt>
      <trkpt lat="60.63638" lon="8.581">
        <ele>449.8</ele>
      </trkpt>
      <trkpt lat="60.63626" lon="8.58028">
        <ele>450.5</ele>
      </trkpt>
      <trkpt lat="60.63605" lon="8.57923">
        <ele>451.5</ele>
      </trkpt>
      <trkpt lat="60.63581" lon="8.57844">
        <ele>455.2</ele>
      </trkpt>
      <trkpt lat="60.63536" lon="8.57729">
        <ele>458.6</ele>
      </trkpt>
      <trkpt lat="60.63529" lon="8.57706">
        <ele>458.7</ele>
      </trkpt>
      <trkpt lat="60.63504" lon="8.57614">
        <ele>460.7</ele>
      </trkpt>
      <trkpt lat="60.635" lon="8.57602">
        <ele>461.2</ele>
      </trkpt>
      <trkpt lat="60.63495" lon="8.57589">
        <ele>461.3</ele>
      </trkpt>
      <trkpt lat="60.63483" lon="8.57561">
        <ele>461.0</ele>
      </trkpt>
      <trkpt lat="60.63466" lon="8.5753">
        <ele>460.2</ele>
      </trkpt>
      <trkpt lat="60.63419" lon="8.57455">
        <ele>458.9</ele>
      </trkpt>
      <trkpt lat="60.63408" lon="8.57432">
        <ele>458.5</ele>
      </trkpt>
      <trkpt lat="60.63378" lon="8.57365">
        <ele>459.9</ele>
      </trkpt>
      <trkpt lat="60.63338" lon="8.57256">
        <ele>465.9</ele>
      </trkpt>
      <trkpt lat="60.63296" lon="8.57173">
        <ele>471.2</ele>
      </trkpt>
      <trkpt lat="60.63254" lon="8.57089">
        <ele>460.1</ele>
      </trkpt>
      <trkpt lat="60.63239" lon="8.570499">
        <ele>459.8</ele>
      </trkpt>
      <trkpt lat="60.63227" lon="8.57005">
        <ele>461.0</ele>
      </trkpt>
      <trkpt lat="60.6321" lon="8.56924">
        <ele>463.8</ele>
      </trkpt>
      <trkpt lat="60.63189" lon="8.56817">
        <ele>465.7</ele>
      </trkpt>
      <trkpt lat="60.63185" lon="8.56776">
        <ele>466.7</ele>
      </trkpt>
      <trkpt lat="60.63179" lon="8.56775">
        <ele>465.8</ele>
      </trkpt>
      <trkpt lat="60.63173" lon="8.56688">
        <ele>466.9</ele>
      </trkpt>
      <trkpt lat="60.63166" lon="8.565429">
        <ele>477.4</ele>
      </trkpt>
      <trkpt lat="60.6316" lon="8.56499">
        <ele>477.4</ele>
      </trkpt>
      <trkpt lat="60.63152" lon="8.56455">
        <ele>477.1</ele>
      </trkpt>
      <trkpt lat="60.63119" lon="8.5634">
        <ele>475.0</ele>
      </trkpt>
      <trkpt lat="60.63086" lon="8.562239">
        <ele>475.9</ele>
      </trkpt>
      <trkpt lat="60.63042" lon="8.5611">
        <ele>475.1</ele>
      </trkpt>
      <trkpt lat="60.62998" lon="8.55995">
        <ele>473.4</ele>
      </trkpt>
      <trkpt lat="60.6297" lon="8.55904">
        <ele>473.7</ele>
      </trkpt>
      <trkpt lat="60.62967" lon="8.55908">
        <ele>473.2</ele>
      </trkpt>
      <trkpt lat="60.62951" lon="8.55836">
        <ele>472.9</ele>
      </trkpt>
      <trkpt lat="60.62932" lon="8.55731">
        <ele>471.4</ele>
      </trkpt>
      <trkpt lat="60.62917" lon="8.5562">
        <ele>473.3</ele>
      </trkpt>
      <trkpt lat="60.62905" lon="8.55485">
        <ele>478.5</ele>
      </trkpt>
      <trkpt lat="60.62894" lon="8.55351">
        <ele>482.0</ele>
      </trkpt>
      <trkpt lat="60.62875" lon="8.55238">
        <ele>481.9</ele>
      </trkpt>
      <trkpt lat="60.62878" lon="8.552339">
        <ele>482.6</ele>
      </trkpt>
      <trkpt lat="60.62881" lon="8.55227">
        <ele>483.4</ele>
      </trkpt>
      <trkpt lat="60.6288" lon="8.55219">
        <ele>483.5</ele>
      </trkpt>
      <trkpt lat="60.62881" lon="8.552009">
        <ele>484.3</ele>
      </trkpt>
      <trkpt lat="60.62886" lon="8.55186">
        <ele>485.8</ele>
      </trkpt>
      <trkpt lat="60.62881" lon="8.55168">
        <ele>486.0</ele>
      </trkpt>
      <trkpt lat="60.62874" lon="8.551729">
        <ele>484.4</ele>
      </trkpt>
      <trkpt lat="60.62869" lon="8.55171">
        <ele>483.8</ele>
      </trkpt>
      <trkpt lat="60.62828" lon="8.55068">
        <ele>482.2</ele>
      </trkpt>
      <trkpt lat="60.62816" lon="8.55019">
        <ele>481.2</ele>
      </trkpt>
      <trkpt lat="60.6279" lon="8.54902">
        <ele>479.8</ele>
      </trkpt>
      <trkpt lat="60.62779" lon="8.54881">
        <ele>478.6</ele>
      </trkpt>
      <trkpt lat="60.62743" lon="8.54734">
        <ele>475.7</ele>
      </trkpt>
      <trkpt lat="60.62723" lon="8.54628">
        <ele>475.0</ele>
      </trkpt>
      <trkpt lat="60.62699" lon="8.5449">
        <ele>477.8</ele>
      </trkpt>
      <trkpt lat="60.62675" lon="8.543519">
        <ele>472.8</ele>
      </trkpt>
      <trkpt lat="60.62635" lon="8.54201">
        <ele>469.8</ele>
      </trkpt>
      <trkpt lat="60.62623" lon="8.54117">
        <ele>467.8</ele>
      </trkpt>
      <trkpt lat="60.62612" lon="8.54024">
        <ele>470.1</ele>
      </trkpt>
      <trkpt lat="60.62592" lon="8.53852">
        <ele>471.1</ele>
      </trkpt>
      <trkpt lat="60.62584" lon="8.53811">
        <ele>471.4</ele>
      </trkpt>
      <trkpt lat="60.62569" lon="8.53764">
        <ele>470.9</ele>
      </trkpt>
      <trkpt lat="60.62556" lon="8.53731">
        <ele>470.7</ele>
      </trkpt>
      <trkpt lat="60.62502" lon="8.53611">
        <ele>482.2</ele>
      </trkpt>
      <trkpt lat="60.62476" lon="8.53561">
        <ele>483.9</ele>
      </trkpt>
      <trkpt lat="60.62458" lon="8.53532">
        <ele>484.3</ele>
      </trkpt>
      <trkpt lat="60.62431" lon="8.53505">
        <ele>481.1</ele>
      </trkpt>
      <trkpt lat="60.62364" lon="8.53455">
        <ele>479.4</ele>
      </trkpt>
      <trkpt lat="60.62311" lon="8.53424">
        <ele>460.8</ele>
      </trkpt>
      <trkpt lat="60.62259" lon="8.53393">
        <ele>455.3</ele>
      </trkpt>
      <trkpt lat="60.62224" lon="8.53375">
        <ele>458.6</ele>
      </trkpt>
      <trkpt lat="60.62186" lon="8.53368">
        <ele>465.1</ele>
      </trkpt>
      <trkpt lat="60.62174" lon="8.53365">
        <ele>467.2</ele>
      </trkpt>
      <trkpt lat="60.62173" lon="8.53359">
        <ele>467.8</ele>
      </trkpt>
      <trkpt lat="60.62175" lon="8.53353">
        <ele>468.4</ele>
      </trkpt>
      <trkpt lat="60.62166" lon="8.53341">
        <ele>470.2</ele>
      </trkpt>
      <trkpt lat="60.6216" lon="8.53354">
        <ele>471.8</ele>
      </trkpt>
      <trkpt lat="60.62154" lon="8.53361">
        <ele>471.1</ele>
      </trkpt>
      <trkpt lat="60.62146" lon="8.53366">
        <ele>468.1</ele>
      </trkpt>
      <trkpt lat="60.62134" lon="8.53365">
        <ele>463.7</ele>
      </trkpt>
      <trkpt lat="60.62124" lon="8.533569">
        <ele>460.4</ele>
      </trkpt>
      <trkpt lat="60.62094" lon="8.53313">
        <ele>456.4</ele>
      </trkpt>
      <trkpt lat="60.6209" lon="8.533099">
        <ele>456.5</ele>
      </trkpt>
      <trkpt lat="60.6208" lon="8.53304">
        <ele>456.8</ele>
      </trkpt>
      <trkpt lat="60.62071" lon="8.53306">
        <ele>456.5</ele>
      </trkpt>
      <trkpt lat="60.6205" lon="8.53327">
        <ele>453.6</ele>
      </trkpt>
      <trkpt lat="60.62044" lon="8.5333">
        <ele>453.0</ele>
      </trkpt>
      <trkpt lat="60.62036" lon="8.53336">
        <ele>451.7</ele>
      </trkpt>
      <trkpt lat="60.61992" lon="8.53445">
        <ele>447.8</ele>
      </trkpt>
      <trkpt lat="60.61973" lon="8.53483">
        <ele>446.9</ele>
      </trkpt>
      <trkpt lat="60.61958" lon="8.5351">
        <ele>448.3</ele>
      </trkpt>
      <trkpt lat="60.61915" lon="8.5358">
        <ele>452.4</ele>
      </trkpt>
      <trkpt lat="60.61907" lon="8.53592">
        <ele>453.1</ele>
      </trkpt>
      <trkpt lat="60.61899" lon="8.53605">
        <ele>453.8</ele>
      </trkpt>
      <trkpt lat="60.61894" lon="8.53625">
        <ele>454.7</ele>
      </trkpt>
      <trkpt lat="60.61867" lon="8.536">
        <ele>451.9</ele>
      </trkpt>
      <trkpt lat="60.61848" lon="8.53576">
        <ele>450.8</ele>
      </trkpt>
      <trkpt lat="60.61844" lon="8.53571">
        <ele>450.6</ele>
      </trkpt>
      <trkpt lat="60.61834" lon="8.53561">
        <ele>450.1</ele>
      </trkpt>
      <trkpt lat="60.61792" lon="8.53503">
        <ele>447.8</ele>
      </trkpt>
      <trkpt lat="60.6175" lon="8.53462">
        <ele>453.3</ele>
      </trkpt>
      <trkpt lat="60.61709" lon="8.53422">
        <ele>456.3</ele>
      </trkpt>
      <trkpt lat="60.61683" lon="8.53382">
        <ele>453.9</ele>
      </trkpt>
      <trkpt lat="60.61656" lon="8.53334">
        <ele>449.2</ele>
      </trkpt>
      <trkpt lat="60.61639" lon="8.5332">
        <ele>447.5</ele>
      </trkpt>
      <trkpt lat="60.61629" lon="8.53316">
        <ele>446.4</ele>
      </trkpt>
      <trkpt lat="60.61599" lon="8.53312">
        <ele>446.0</ele>
      </trkpt>
      <trkpt lat="60.61589" lon="8.53306">
        <ele>446.3</ele>
      </trkpt>
      <trkpt lat="60.61567" lon="8.53276">
        <ele>446.5</ele>
      </trkpt>
      <trkpt lat="60.61555" lon="8.53263">
        <ele>446.5</ele>
      </trkpt>
      <trkpt lat="60.61498" lon="8.53229">
        <ele>448.4</ele>
      </trkpt>
      <trkpt lat="60.61474" lon="8.5321">
        <ele>448.5</ele>
      </trkpt>
      <trkpt lat="60.61427" lon="8.5315">
        <ele>447.1</ele>
      </trkpt>
      <trkpt lat="60.61386" lon="8.53112">
        <ele>449.3</ele>
      </trkpt>
      <trkpt lat="60.61378" lon="8.530989">
        <ele>449.7</ele>
      </trkpt>
      <trkpt lat="60.61343" lon="8.53019">
        <ele>452.9</ele>
      </trkpt>
      <trkpt lat="60.61319" lon="8.52939">
        <ele>455.6</ele>
      </trkpt>
      <trkpt lat="60.61313" lon="8.52911">
        <ele>454.1</ele>
      </trkpt>
      <trkpt lat="60.61309" lon="8.52874">
        <ele>452.8</ele>
      </trkpt>
      <trkpt lat="60.61301" lon="8.52829">
        <ele>453.3</ele>
      </trkpt>
      <trkpt lat="60.61286" lon="8.52787">
        <ele>453.0</ele>
      </trkpt>
      <trkpt lat="60.61264" lon="8.52739">
        <ele>452.1</ele>
      </trkpt>
      <trkpt lat="60.61237" lon="8.5263">
        <ele>450.2</ele>
      </trkpt>
      <trkpt lat="60.61193" lon="8.52474">
        <ele>449.9</ele>
      </trkpt>
      <trkpt lat="60.61175" lon="8.5239">
        <ele>449.6</ele>
      </trkpt>
      <trkpt lat="60.61163" lon="8.52345">
        <ele>450.2</ele>
      </trkpt>
      <trkpt lat="60.61155" lon="8.52304">
        <ele>449.9</ele>
      </trkpt>
      <trkpt lat="60.61139" lon="8.52187">
        <ele>449.5</ele>
      </trkpt>
      <trkpt lat="60.61135" lon="8.521699">
        <ele>449.5</ele>
      </trkpt>
      <trkpt lat="60.61117" lon="8.52114">
        <ele>450.4</ele>
      </trkpt>
      <trkpt lat="60.61103" lon="8.52043">
        <ele>451.6</ele>
      </trkpt>
      <trkpt lat="60.61098" lon="8.52026">
        <ele>452.0</ele>
      </trkpt>
      <trkpt lat="60.61053" lon="8.51909">
        <ele>454.2</ele>
      </trkpt>
      <trkpt lat="60.61035" lon="8.51871">
        <ele>454.7</ele>
      </trkpt>
      <trkpt lat="60.60998" lon="8.5182">
        <ele>457.7</ele>
      </trkpt>
      <trkpt lat="60.60982" lon="8.51794">
        <ele>460.2</ele>
      </trkpt>
      <trkpt lat="60.60956" lon="8.51716">
        <ele>464.3</ele>
      </trkpt>
      <trkpt lat="60.60929" lon="8.51638">
        <ele>459.0</ele>
      </trkpt>
      <trkpt lat="60.60904" lon="8.51557">
        <ele>455.0</ele>
      </trkpt>
      <trkpt lat="60.60887" lon="8.51521">
        <ele>452.7</ele>
      </trkpt>
      <trkpt lat="60.60876" lon="8.51506">
        <ele>451.7</ele>
      </trkpt>
      <trkpt lat="60.60862" lon="8.51487">
        <ele>450.1</ele>
      </trkpt>
      <trkpt lat="60.6079" lon="8.51419">
        <ele>447.8</ele>
      </trkpt>
      <trkpt lat="60.60757" lon="8.51384">
        <ele>449.4</ele>
      </trkpt>
      <trkpt lat="60.60741" lon="8.51373">
        <ele>450.4</ele>
      </trkpt>
      <trkpt lat="60.60716" lon="8.51368">
        <ele>453.5</ele>
      </trkpt>
      <trkpt lat="60.60706" lon="8.51357">
        <ele>454.1</ele>
      </trkpt>
      <trkpt lat="60.60702" lon="8.5135">
        <ele>454.1</ele>
      </trkpt>
      <trkpt lat="60.60694" lon="8.51314">
        <ele>453.1</ele>
      </trkpt>
      <trkpt lat="60.60677" lon="8.5122">
        <ele>456.3</ele>
      </trkpt>
      <trkpt lat="60.60662" lon="8.51121">
        <ele>454.9</ele>
      </trkpt>
      <trkpt lat="60.60647" lon="8.51023">
        <ele>454.7</ele>
      </trkpt>
      <trkpt lat="60.60633" lon="8.509639">
        <ele>456.1</ele>
      </trkpt>
      <trkpt lat="60.60625" lon="8.50937">
        <ele>457.0</ele>
      </trkpt>
      <trkpt lat="60.60618" lon="8.50921">
        <ele>457.5</ele>
      </trkpt>
      <trkpt lat="60.60603" lon="8.50902">
        <ele>459.1</ele>
      </trkpt>
      <trkpt lat="60.60585" lon="8.50868">
        <ele>460.9</ele>
      </trkpt>
      <trkpt lat="60.60573" lon="8.50839">
        <ele>462.1</ele>
      </trkpt>
      <trkpt lat="60.60553" lon="8.50775">
        <ele>462.8</ele>
      </trkpt>
      <trkpt lat="60.60527" lon="8.507199">
        <ele>463.8</ele>
      </trkpt>
      <trkpt lat="60.60497" lon="8.50646">
        <ele>463.0</ele>
      </trkpt>
      <trkpt lat="60.6048" lon="8.506">
        <ele>461.9</ele>
      </trkpt>
      <trkpt lat="60.60438" lon="8.50514">
        <ele>459.5</ele>
      </trkpt>
      <trkpt lat="60.6042" lon="8.50472">
        <ele>457.7</ele>
      </trkpt>
      <trkpt lat="60.60389" lon="8.50393">
        <ele>455.8</ele>
      </trkpt>
      <trkpt lat="60.60358" lon="8.50315">
        <ele>455.5</ele>
      </trkpt>
      <trkpt lat="60.60336" lon="8.50266">
        <ele>455.4</ele>
      </trkpt>
      <trkpt lat="60.60292" lon="8.50181">
        <ele>456.0</ele>
      </trkpt>
      <trkpt lat="60.60236" lon="8.50051">
        <ele>459.0</ele>
      </trkpt>
      <trkpt lat="60.60181" lon="8.49922">
        <ele>457.7</ele>
      </trkpt>
      <trkpt lat="60.60123" lon="8.4981">
        <ele>457.8</ele>
      </trkpt>
      <trkpt lat="60.60099" lon="8.49747">
        <ele>455.8</ele>
      </trkpt>
      <trkpt lat="60.60055" lon="8.49619">
        <ele>453.4</ele>
      </trkpt>
      <trkpt lat="60.6001" lon="8.49516">
        <ele>455.6</ele>
      </trkpt>
      <trkpt lat="60.59965" lon="8.49414">
        <ele>460.3</ele>
      </trkpt>
      <trkpt lat="60.59907" lon="8.49276">
        <ele>460.9</ele>
      </trkpt>
      <trkpt lat="60.59882" lon="8.49225">
        <ele>460.6</ele>
      </trkpt>
      <trkpt lat="60.59858" lon="8.49189">
        <ele>458.8</ele>
      </trkpt>
      <trkpt lat="60.59802" lon="8.49113">
        <ele>457.0</ele>
      </trkpt>
      <trkpt lat="60.59746" lon="8.49036">
        <ele>456.3</ele>
      </trkpt>
      <trkpt lat="60.5973" lon="8.4901">
        <ele>455.3</ele>
      </trkpt>
      <trkpt lat="60.5968" lon="8.489089">
        <ele>455.3</ele>
      </trkpt>
      <trkpt lat="60.59631" lon="8.48808">
        <ele>455.4</ele>
      </trkpt>
      <trkpt lat="60.59601" lon="8.48758">
        <ele>454.7</ele>
      </trkpt>
      <trkpt lat="60.59586" lon="8.48727">
        <ele>453.7</ele>
      </trkpt>
      <trkpt lat="60.59559" lon="8.48659">
        <ele>451.2</ele>
      </trkpt>
      <trkpt lat="60.59543" lon="8.48613">
        <ele>450.1</ele>
      </trkpt>
      <trkpt lat="60.59533" lon="8.48577">
        <ele>449.0</ele>
      </trkpt>
      <trkpt lat="60.59512" lon="8.48486">
        <ele>447.1</ele>
      </trkpt>
      <trkpt lat="60.59491" lon="8.48416">
        <ele>446.8</ele>
      </trkpt>
      <trkpt lat="60.59475" lon="8.48372">
        <ele>447.8</ele>
      </trkpt>
      <trkpt lat="60.59458" lon="8.48335">
        <ele>449.0</ele>
      </trkpt>
      <trkpt lat="60.5944" lon="8.48298">
        <ele>451.6</ele>
      </trkpt>
      <trkpt lat="60.59422" lon="8.48269">
        <ele>453.9</ele>
      </trkpt>
      <trkpt lat="60.59413" lon="8.48261">
        <ele>454.9</ele>
      </trkpt>
      <trkpt lat="60.59388" lon="8.48248">
        <ele>457.1</ele>
      </trkpt>
      <trkpt lat="60.59368" lon="8.48232">
        <ele>458.5</ele>
      </trkpt>
      <trkpt lat="60.59336" lon="8.48188">
        <ele>459.2</ele>
      </trkpt>
      <trkpt lat="60.59321" lon="8.48162">
        <ele>458.3</ele>
      </trkpt>
      <trkpt lat="60.59282" lon="8.48068">
        <ele>456.3</ele>
      </trkpt>
      <trkpt lat="60.59265" lon="8.48015">
        <ele>456.0</ele>
      </trkpt>
      <trkpt lat="60.5925" lon="8.47956">
        <ele>455.4</ele>
      </trkpt>
      <trkpt lat="60.59223" lon="8.478249">
        <ele>454.5</ele>
      </trkpt>
      <trkpt lat="60.59197" lon="8.47693">
        <ele>452.9</ele>
      </trkpt>
      <trkpt lat="60.59185" lon="8.47644">
        <ele>453.0</ele>
      </trkpt>
      <trkpt lat="60.59177" lon="8.47622">
        <ele>453.0</ele>
      </trkpt>
      <trkpt lat="60.5915" lon="8.4756">
        <ele>451.8</ele>
      </trkpt>
      <trkpt lat="60.59141" lon="8.47536">
        <ele>451.2</ele>
      </trkpt>
      <trkpt lat="60.59113" lon="8.47441">
        <ele>449.2</ele>
      </trkpt>
      <trkpt lat="60.59085" lon="8.47347">
        <ele>452.3</ele>
      </trkpt>
      <trkpt lat="60.59053" lon="8.47246">
        <ele>447.0</ele>
      </trkpt>
      <trkpt lat="60.59021" lon="8.47145">
        <ele>444.7</ele>
      </trkpt>
      <trkpt lat="60.58995" lon="8.47068">
        <ele>448.0</ele>
      </trkpt>
      <trkpt lat="60.58983" lon="8.47037">
        <ele>449.3</ele>
      </trkpt>
      <trkpt lat="60.58954" lon="8.46965">
        <ele>451.2</ele>
      </trkpt>
      <trkpt lat="60.58925" lon="8.46894">
        <ele>451.8</ele>
      </trkpt>
      <trkpt lat="60.58916" lon="8.46867">
        <ele>451.3</ele>
      </trkpt>
      <trkpt lat="60.58893" lon="8.46779">
        <ele>450.8</ele>
      </trkpt>
      <trkpt lat="60.58871" lon="8.46691">
        <ele>450.6</ele>
      </trkpt>
      <trkpt lat="60.58852" lon="8.46596">
        <ele>450.0</ele>
      </trkpt>
      <trkpt lat="60.58834" lon="8.46501">
        <ele>449.0</ele>
      </trkpt>
      <trkpt lat="60.58822" lon="8.46449">
        <ele>449.0</ele>
      </trkpt>
      <trkpt lat="60.58813" lon="8.46414">
        <ele>449.0</ele>
      </trkpt>
      <trkpt lat="60.58792" lon="8.46348">
        <ele>451.0</ele>
      </trkpt>
      <trkpt lat="60.58762" lon="8.46263">
        <ele>453.0</ele>
      </trkpt>
      <trkpt lat="60.58732" lon="8.461779">
        <ele>453.0</ele>
      </trkpt>
      <trkpt lat="60.58701" lon="8.46088">
        <ele>450.4</ele>
      </trkpt>
      <trkpt lat="60.5867" lon="8.45998">
        <ele>448.2</ele>
      </trkpt>
      <trkpt lat="60.58642" lon="8.459009">
        <ele>448.4</ele>
      </trkpt>
      <trkpt lat="60.58613" lon="8.45804">
        <ele>448.0</ele>
      </trkpt>
      <trkpt lat="60.58573" lon="8.45696">
        <ele>447.0</ele>
      </trkpt>
      <trkpt lat="60.5855" lon="8.45622">
        <ele>447.7</ele>
      </trkpt>
      <trkpt lat="60.58516" lon="8.45545">
        <ele>448.0</ele>
      </trkpt>
      <trkpt lat="60.58498" lon="8.45472">
        <ele>449.1</ele>
      </trkpt>
      <trkpt lat="60.58468" lon="8.45372">
        <ele>449.2</ele>
      </trkpt>
      <trkpt lat="60.58442" lon="8.45274">
        <ele>447.2</ele>
      </trkpt>
      <trkpt lat="60.58414" lon="8.45157">
        <ele>444.7</ele>
      </trkpt>
      <trkpt lat="60.58385" lon="8.45011">
        <ele>443.7</ele>
      </trkpt>
      <trkpt lat="60.58356" lon="8.44864">
        <ele>445.4</ele>
      </trkpt>
      <trkpt lat="60.58331" lon="8.44723">
        <ele>446.6</ele>
      </trkpt>
      <trkpt lat="60.58323" lon="8.44693">
        <ele>446.5</ele>
      </trkpt>
      <trkpt lat="60.58296" lon="8.44602">
        <ele>438.4</ele>
      </trkpt>
      <trkpt lat="60.58283" lon="8.445499">
        <ele>435.3</ele>
      </trkpt>
      <trkpt lat="60.58262" lon="8.44407">
        <ele>434.1</ele>
      </trkpt>
      <trkpt lat="60.58245" lon="8.44258">
        <ele>436.7</ele>
      </trkpt>
      <trkpt lat="60.58233" lon="8.44142">
        <ele>437.1</ele>
      </trkpt>
      <trkpt lat="60.58221" lon="8.44025">
        <ele>439.6</ele>
      </trkpt>
      <trkpt lat="60.58215" lon="8.43976">
        <ele>440.8</ele>
      </trkpt>
      <trkpt lat="60.58209" lon="8.4395">
        <ele>441.0</ele>
      </trkpt>
      <trkpt lat="60.58165" lon="8.43833">
        <ele>442.8</ele>
      </trkpt>
      <trkpt lat="60.58121" lon="8.43717">
        <ele>444.1</ele>
      </trkpt>
      <trkpt lat="60.5809" lon="8.4362">
        <ele>445.0</ele>
      </trkpt>
      <trkpt lat="60.5806" lon="8.43523">
        <ele>445.0</ele>
      </trkpt>
      <trkpt lat="60.5803" lon="8.43449">
        <ele>445.0</ele>
      </trkpt>
      <trkpt lat="60.58013" lon="8.434189">
        <ele>445.4</ele>
      </trkpt>
      <trkpt lat="60.57941" lon="8.43321">
        <ele>444.0</ele>
      </trkpt>
      <trkpt lat="60.57888" lon="8.43261">
        <ele>446.6</ele>
      </trkpt>
      <trkpt lat="60.57831" lon="8.43187">
        <ele>449.0</ele>
      </trkpt>
      <trkpt lat="60.57814" lon="8.43159">
        <ele>448.5</ele>
      </trkpt>
      <trkpt lat="60.5777" lon="8.43065">
        <ele>447.4</ele>
      </trkpt>
      <trkpt lat="60.57726" lon="8.4297">
        <ele>448.4</ele>
      </trkpt>
      <trkpt lat="60.5768" lon="8.42879">
        <ele>446.1</ele>
      </trkpt>
      <trkpt lat="60.57653" lon="8.4282">
        <ele>445.0</ele>
      </trkpt>
      <trkpt lat="60.5764" lon="8.42783">
        <ele>444.5</ele>
      </trkpt>
      <trkpt lat="60.5762" lon="8.42703">
        <ele>444.3</ele>
      </trkpt>
      <trkpt lat="60.57616" lon="8.42699">
        <ele>444.5</ele>
      </trkpt>
      <trkpt lat="60.5761" lon="8.42704">
        <ele>445.0</ele>
      </trkpt>
      <trkpt lat="60.57609" lon="8.42733">
        <ele>445.5</ele>
      </trkpt>
      <trkpt lat="60.57603" lon="8.42783">
        <ele>446.3</ele>
      </trkpt>
      <trkpt lat="60.5759" lon="8.42867">
        <ele>449.2</ele>
      </trkpt>
      <trkpt lat="60.57588" lon="8.42897">
        <ele>450.5</ele>
      </trkpt>
      <trkpt lat="60.57592" lon="8.43005">
        <ele>456.9</ele>
      </trkpt>
      <trkpt lat="60.57597" lon="8.43113">
        <ele>464.6</ele>
      </trkpt>
      <trkpt lat="60.57594" lon="8.43156">
        <ele>467.5</ele>
      </trkpt>
      <trkpt lat="60.57584" lon="8.43259">
        <ele>472.8</ele>
      </trkpt>
      <trkpt lat="60.57575" lon="8.43362">
        <ele>477.1</ele>
      </trkpt>
      <trkpt lat="60.57568" lon="8.4342">
        <ele>479.7</ele>
      </trkpt>
      <trkpt lat="60.57561" lon="8.43455">
        <ele>482.4</ele>
      </trkpt>
      <trkpt lat="60.57525" lon="8.43567">
        <ele>492.4</ele>
      </trkpt>
      <trkpt lat="60.57524" lon="8.43591">
        <ele>494.5</ele>
      </trkpt>
      <trkpt lat="60.57527" lon="8.43624">
        <ele>496.9</ele>
      </trkpt>
      <trkpt lat="60.57547" lon="8.43708">
        <ele>501.4</ele>
      </trkpt>
      <trkpt lat="60.57567" lon="8.43792">
        <ele>503.3</ele>
      </trkpt>
      <trkpt lat="60.57595" lon="8.4392">
        <ele>503.2</ele>
      </trkpt>
      <trkpt lat="60.57626" lon="8.44074">
        <ele>507.1</ele>
      </trkpt>
      <trkpt lat="60.57639" lon="8.44156">
        <ele>509.7</ele>
      </trkpt>
      <trkpt lat="60.57643" lon="8.4418">
        <ele>510.7</ele>
      </trkpt>
      <trkpt lat="60.5765" lon="8.44326">
        <ele>519.1</ele>
      </trkpt>
      <trkpt lat="60.57655" lon="8.44368">
        <ele>521.7</ele>
      </trkpt>
      <trkpt lat="60.57665" lon="8.44413">
        <ele>522.7</ele>
      </trkpt>
      <trkpt lat="60.57685" lon="8.44461">
        <ele>521.1</ele>
      </trkpt>
      <trkpt lat="60.57737" lon="8.44573">
        <ele>518.0</ele>
      </trkpt>
      <trkpt lat="60.57758" lon="8.446059">
        <ele>515.4</ele>
      </trkpt>
      <trkpt lat="60.57799" lon="8.44663">
        <ele>513.6</ele>
      </trkpt>
      <trkpt lat="60.57806" lon="8.44676">
        <ele>513.8</ele>
      </trkpt>
      <trkpt lat="60.57811" lon="8.44694">
        <ele>516.6</ele>
      </trkpt>
      <trkpt lat="60.57811" lon="8.44708">
        <ele>518.5</ele>
      </trkpt>
      <trkpt lat="60.57809" lon="8.4472">
        <ele>520.3</ele>
      </trkpt>
      <trkpt lat="60.57803" lon="8.44742">
        <ele>523.8</ele>
      </trkpt>
      <trkpt lat="60.57797" lon="8.44759">
        <ele>526.7</ele>
      </trkpt>
      <trkpt lat="60.57792" lon="8.44766">
        <ele>528.4</ele>
      </trkpt>
      <trkpt lat="60.57782" lon="8.44773">
        <ele>531.4</ele>
      </trkpt>
      <trkpt lat="60.57765" lon="8.44774">
        <ele>533.9</ele>
      </trkpt>
      <trkpt lat="60.57753" lon="8.44771">
        <ele>535.3</ele>
      </trkpt>
      <trkpt lat="60.57723" lon="8.44741">
        <ele>536.8</ele>
      </trkpt>
      <trkpt lat="60.57696" lon="8.44721">
        <ele>539.8</ele>
      </trkpt>
      <trkpt lat="60.57683" lon="8.44704">
        <ele>541.2</ele>
      </trkpt>
      <trkpt lat="60.57661" lon="8.44659">
        <ele>541.7</ele>
      </trkpt>
      <trkpt lat="60.57646" lon="8.44635">
        <ele>542.9</ele>
      </trkpt>
      <trkpt lat="60.57636" lon="8.44621">
        <ele>543.7</ele>
      </trkpt>
      <trkpt lat="60.57621" lon="8.4461">
        <ele>545.8</ele>
      </trkpt>
      <trkpt lat="60.57585" lon="8.44594">
        <ele>551.9</ele>
      </trkpt>
      <trkpt lat="60.57564" lon="8.44581">
        <ele>553.8</ele>
      </trkpt>
      <trkpt lat="60.57513" lon="8.44535">
        <ele>557.6</ele>
      </trkpt>
      <trkpt lat="60.57443" lon="8.44463">
        <ele>562.5</ele>
      </trkpt>
      <trkpt lat="60.5743" lon="8.44453">
        <ele>563.5</ele>
      </trkpt>
      <trkpt lat="60.57415" lon="8.44452">
        <ele>565.0</ele>
      </trkpt>
      <trkpt lat="60.57403" lon="8.44458">
        <ele>566.9</ele>
      </trkpt>
      <trkpt lat="60.57397" lon="8.44469">
        <ele>568.3</ele>
      </trkpt>
      <trkpt lat="60.57367" lon="8.44437">
        <ele>568.0</ele>
      </trkpt>
      <trkpt lat="60.57346" lon="8.44419">
        <ele>568.3</ele>
      </trkpt>
      <trkpt lat="60.57333" lon="8.444">
        <ele>567.8</ele>
      </trkpt>
      <trkpt lat="60.57307" lon="8.44316">
        <ele>563.1</ele>
      </trkpt>
      <trkpt lat="60.57283" lon="8.44264">
        <ele>562.3</ele>
      </trkpt>
      <trkpt lat="60.57276" lon="8.44241">
        <ele>562.4</ele>
      </trkpt>
      <trkpt lat="60.57273" lon="8.442119">
        <ele>561.0</ele>
      </trkpt>
      <trkpt lat="60.57271" lon="8.44162">
        <ele>557.8</ele>
      </trkpt>
      <trkpt lat="60.57253" lon="8.441">
        <ele>556.7</ele>
      </trkpt>
      <trkpt lat="60.57237" lon="8.4399">
        <ele>552.1</ele>
      </trkpt>
      <trkpt lat="60.57231" lon="8.43955">
        <ele>551.7</ele>
      </trkpt>
      <trkpt lat="60.57206" lon="8.43873">
        <ele>553.5</ele>
      </trkpt>
      <trkpt lat="60.5719" lon="8.43803">
        <ele>555.0</ele>
      </trkpt>
      <trkpt lat="60.57172" lon="8.43751">
        <ele>557.7</ele>
      </trkpt>
      <trkpt lat="60.57165" lon="8.43687">
        <ele>556.7</ele>
      </trkpt>
      <trkpt lat="60.57161" lon="8.43669">
        <ele>556.7</ele>
      </trkpt>
      <trkpt lat="60.57148" lon="8.4362">
        <ele>557.0</ele>
      </trkpt>
      <trkpt lat="60.57131" lon="8.43577">
        <ele>558.8</ele>
      </trkpt>
      <trkpt lat="60.57125" lon="8.43558">
        <ele>559.2</ele>
      </trkpt>
      <trkpt lat="60.57107" lon="8.43462">
        <ele>558.1</ele>
      </trkpt>
      <trkpt lat="60.57093" lon="8.43355">
        <ele>557.2</ele>
      </trkpt>
      <trkpt lat="60.57087" lon="8.43316">
        <ele>557.2</ele>
      </trkpt>
      <trkpt lat="60.57051" lon="8.43211">
        <ele>562.1</ele>
      </trkpt>
      <trkpt lat="60.57016" lon="8.43063">
        <ele>565.2</ele>
      </trkpt>
      <trkpt lat="60.56994" lon="8.42984">
        <ele>567.2</ele>
      </trkpt>
      <trkpt lat="60.56971" lon="8.42873">
        <ele>568.2</ele>
      </trkpt>
      <trkpt lat="60.56963" lon="8.42821">
        <ele>568.0</ele>
      </trkpt>
      <trkpt lat="60.56947" lon="8.42696">
        <ele>567.2</ele>
      </trkpt>
      <trkpt lat="60.56932" lon="8.425979">
        <ele>568.7</ele>
      </trkpt>
      <trkpt lat="60.56925" lon="8.42495">
        <ele>568.3</ele>
      </trkpt>
      <trkpt lat="60.56909" lon="8.4237">
        <ele>568.3</ele>
      </trkpt>
      <trkpt lat="60.56905" lon="8.42329">
        <ele>570.2</ele>
      </trkpt>
      <trkpt lat="60.56901" lon="8.42268">
        <ele>569.7</ele>
      </trkpt>
      <trkpt lat="60.569" lon="8.42219">
        <ele>568.7</ele>
      </trkpt>
      <trkpt lat="60.56897" lon="8.42176">
        <ele>569.5</ele>
      </trkpt>
      <trkpt lat="60.56877" lon="8.420489">
        <ele>572.7</ele>
      </trkpt>
      <trkpt lat="60.56857" lon="8.41922">
        <ele>575.5</ele>
      </trkpt>
      <trkpt lat="60.56838" lon="8.41839">
        <ele>580.3</ele>
      </trkpt>
      <trkpt lat="60.56821" lon="8.41783">
        <ele>583.7</ele>
      </trkpt>
      <trkpt lat="60.56819" lon="8.41767">
        <ele>584.1</ele>
      </trkpt>
      <trkpt lat="60.56812" lon="8.41691">
        <ele>583.7</ele>
      </trkpt>
      <trkpt lat="60.56811" lon="8.41667">
        <ele>583.5</ele>
      </trkpt>
      <trkpt lat="60.56824" lon="8.41552">
        <ele>580.9</ele>
      </trkpt>
      <trkpt lat="60.56824" lon="8.41531">
        <ele>581.2</ele>
      </trkpt>
      <trkpt lat="60.56818" lon="8.41503">
        <ele>583.3</ele>
      </trkpt>
      <trkpt lat="60.56789" lon="8.41431">
        <ele>590.6</ele>
      </trkpt>
      <trkpt lat="60.56784" lon="8.41405">
        <ele>592.6</ele>
      </trkpt>
      <trkpt lat="60.56785" lon="8.41385">
        <ele>592.6</ele>
      </trkpt>
      <trkpt lat="60.5679" lon="8.41367">
        <ele>591.7</ele>
      </trkpt>
      <trkpt lat="60.56812" lon="8.41342">
        <ele>586.9</ele>
      </trkpt>
      <trkpt lat="60.5682" lon="8.41324">
        <ele>584.9</ele>
      </trkpt>
      <trkpt lat="60.56834" lon="8.41255">
        <ele>581.8</ele>
      </trkpt>
      <trkpt lat="60.56836" lon="8.41211">
        <ele>580.9</ele>
      </trkpt>
      <trkpt lat="60.56826" lon="8.41118">
        <ele>583.2</ele>
      </trkpt>
      <trkpt lat="60.56826" lon="8.41076">
        <ele>583.9</ele>
      </trkpt>
      <trkpt lat="60.56835" lon="8.40975">
        <ele>584.9</ele>
      </trkpt>
      <trkpt lat="60.56838" lon="8.40877">
        <ele>587.6</ele>
      </trkpt>
      <trkpt lat="60.56838" lon="8.40866">
        <ele>587.7</ele>
      </trkpt>
      <trkpt lat="60.56846" lon="8.40807">
        <ele>586.8</ele>
      </trkpt>
      <trkpt lat="60.56853" lon="8.40713">
        <ele>591.1</ele>
      </trkpt>
      <trkpt lat="60.56861" lon="8.40658">
        <ele>586.7</ele>
      </trkpt>
      <trkpt lat="60.56867" lon="8.40535">
        <ele>586.0</ele>
      </trkpt>
      <trkpt lat="60.56873" lon="8.40492">
        <ele>586.3</ele>
      </trkpt>
      <trkpt lat="60.56898" lon="8.40375">
        <ele>581.2</ele>
      </trkpt>
      <trkpt lat="60.56922" lon="8.40257">
        <ele>582.4</ele>
      </trkpt>
      <trkpt lat="60.56925" lon="8.402329">
        <ele>583.6</ele>
      </trkpt>
      <trkpt lat="60.56926" lon="8.401859">
        <ele>587.0</ele>
      </trkpt>
      <trkpt lat="60.5693" lon="8.40123">
        <ele>591.4</ele>
      </trkpt>
      <trkpt lat="60.5695" lon="8.39976">
        <ele>599.2</ele>
      </trkpt>
      <trkpt lat="60.5695" lon="8.39906">
        <ele>598.8</ele>
      </trkpt>
      <trkpt lat="60.56958" lon="8.39819">
        <ele>600.1</ele>
      </trkpt>
      <trkpt lat="60.56961" lon="8.39802">
        <ele>599.4</ele>
      </trkpt>
      <trkpt lat="60.56977" lon="8.39756">
        <ele>593.2</ele>
      </trkpt>
      <trkpt lat="60.56981" lon="8.39738">
        <ele>591.4</ele>
      </trkpt>
      <trkpt lat="60.56983" lon="8.39716">
        <ele>591.6</ele>
      </trkpt>
      <trkpt lat="60.5698" lon="8.39665">
        <ele>595.2</ele>
      </trkpt>
      <trkpt lat="60.56984" lon="8.39608">
        <ele>597.2</ele>
      </trkpt>
      <trkpt lat="60.56984" lon="8.39558">
        <ele>599.1</ele>
      </trkpt>
      <trkpt lat="60.56986" lon="8.39537">
        <ele>599.2</ele>
      </trkpt>
      <trkpt lat="60.57002" lon="8.39489">
        <ele>596.5</ele>
      </trkpt>
      <trkpt lat="60.5701" lon="8.394539">
        <ele>594.9</ele>
      </trkpt>
      <trkpt lat="60.57023" lon="8.39358">
        <ele>594.1</ele>
      </trkpt>
      <trkpt lat="60.57027" lon="8.39298">
        <ele>596.2</ele>
      </trkpt>
      <trkpt lat="60.57042" lon="8.3925">
        <ele>595.5</ele>
      </trkpt>
      <trkpt lat="60.57068" lon="8.39101">
        <ele>597.5</ele>
      </trkpt>
      <trkpt lat="60.57087" lon="8.39003">
        <ele>596.2</ele>
      </trkpt>
      <trkpt lat="60.57104" lon="8.3888">
        <ele>598.2</ele>
      </trkpt>
      <trkpt lat="60.57121" lon="8.38758">
        <ele>602.2</ele>
      </trkpt>
      <trkpt lat="60.57128" lon="8.38723">
        <ele>602.1</ele>
      </trkpt>
      <trkpt lat="60.57145" lon="8.38653">
        <ele>602.5</ele>
      </trkpt>
      <trkpt lat="60.57166" lon="8.3855">
        <ele>603.8</ele>
      </trkpt>
      <trkpt lat="60.57191" lon="8.383839">
        <ele>608.2</ele>
      </trkpt>
      <trkpt lat="60.57208" lon="8.38288">
        <ele>609.3</ele>
      </trkpt>
      <trkpt lat="60.5721" lon="8.38273">
        <ele>609.9</ele>
      </trkpt>
      <trkpt lat="60.57209" lon="8.38195">
        <ele>614.3</ele>
      </trkpt>
      <trkpt lat="60.57213" lon="8.38158">
        <ele>615.1</ele>
      </trkpt>
      <trkpt lat="60.57227" lon="8.381019">
        <ele>614.6</ele>
      </trkpt>
      <trkpt lat="60.57243" lon="8.379939">
        <ele>619.0</ele>
      </trkpt>
      <trkpt lat="60.57251" lon="8.37965">
        <ele>619.5</ele>
      </trkpt>
      <trkpt lat="60.57273" lon="8.37917">
        <ele>618.5</ele>
      </trkpt>
      <trkpt lat="60.57299" lon="8.378869">
        <ele>614.3</ele>
      </trkpt>
      <trkpt lat="60.57305" lon="8.378769">
        <ele>613.5</ele>
      </trkpt>
      <trkpt lat="60.5731" lon="8.37865">
        <ele>613.0</ele>
      </trkpt>
      <trkpt lat="60.57336" lon="8.37757">
        <ele>613.5</ele>
      </trkpt>
      <trkpt lat="60.57341" lon="8.37705">
        <ele>615.6</ele>
      </trkpt>
      <trkpt lat="60.5735" lon="8.37662">
        <ele>614.5</ele>
      </trkpt>
      <trkpt lat="60.57354" lon="8.37649">
        <ele>614.3</ele>
      </trkpt>
      <trkpt lat="60.57399" lon="8.37531">
        <ele>608.5</ele>
      </trkpt>
      <trkpt lat="60.57405" lon="8.37495">
        <ele>608.8</ele>
      </trkpt>
      <trkpt lat="60.57418" lon="8.37371">
        <ele>612.4</ele>
      </trkpt>
      <trkpt lat="60.57428" lon="8.37196">
        <ele>622.0</ele>
      </trkpt>
      <trkpt lat="60.57431" lon="8.371639">
        <ele>624.1</ele>
      </trkpt>
      <trkpt lat="60.57446" lon="8.37066">
        <ele>626.4</ele>
      </trkpt>
      <trkpt lat="60.57448" lon="8.37032">
        <ele>628.0</ele>
      </trkpt>
      <trkpt lat="60.57447" lon="8.369809">
        <ele>630.0</ele>
      </trkpt>
      <trkpt lat="60.57452" lon="8.369289">
        <ele>630.7</ele>
      </trkpt>
      <trkpt lat="60.57453" lon="8.36899">
        <ele>631.5</ele>
      </trkpt>
      <trkpt lat="60.57463" lon="8.3688">
        <ele>629.5</ele>
      </trkpt>
      <trkpt lat="60.57468" lon="8.36861">
        <ele>628.7</ele>
      </trkpt>
      <trkpt lat="60.57472" lon="8.36843">
        <ele>628.3</ele>
      </trkpt>
      <trkpt lat="60.5747" lon="8.36743">
        <ele>633.9</ele>
      </trkpt>
      <trkpt lat="60.5747" lon="8.36687">
        <ele>639.6</ele>
      </trkpt>
      <trkpt lat="60.57478" lon="8.36646">
        <ele>640.9</ele>
      </trkpt>
      <trkpt lat="60.57485" lon="8.36546">
        <ele>643.8</ele>
      </trkpt>
      <trkpt lat="60.57495" lon="8.3644">
        <ele>646.2</ele>
      </trkpt>
      <trkpt lat="60.57501" lon="8.36439">
        <ele>644.8</ele>
      </trkpt>
      <trkpt lat="60.57504" lon="8.36434">
        <ele>644.3</ele>
      </trkpt>
      <trkpt lat="60.57509" lon="8.36422">
        <ele>643.8</ele>
      </trkpt>
      <trkpt lat="60.57513" lon="8.364079">
        <ele>643.8</ele>
      </trkpt>
      <trkpt lat="60.57521" lon="8.36311">
        <ele>647.5</ele>
      </trkpt>
      <trkpt lat="60.57545" lon="8.36228">
        <ele>642.7</ele>
      </trkpt>
      <trkpt lat="60.57559" lon="8.361649">
        <ele>638.0</ele>
      </trkpt>
      <trkpt lat="60.57565" lon="8.36123">
        <ele>635.1</ele>
      </trkpt>
      <trkpt lat="60.57574" lon="8.360379">
        <ele>630.3</ele>
      </trkpt>
      <trkpt lat="60.57582" lon="8.359439">
        <ele>630.6</ele>
      </trkpt>
      <trkpt lat="60.57589" lon="8.358499">
        <ele>632.9</ele>
      </trkpt>
      <trkpt lat="60.57596" lon="8.35739">
        <ele>629.8</ele>
      </trkpt>
      <trkpt lat="60.57603" lon="8.35629">
        <ele>627.7</ele>
      </trkpt>
      <trkpt lat="60.57611" lon="8.35514">
        <ele>626.0</ele>
      </trkpt>
      <trkpt lat="60.57611" lon="8.35471">
        <ele>626.5</ele>
      </trkpt>
      <trkpt lat="60.57608" lon="8.3542">
        <ele>628.7</ele>
      </trkpt>
      <trkpt lat="60.57604" lon="8.35374">
        <ele>631.4</ele>
      </trkpt>
      <trkpt lat="60.57593" lon="8.35316">
        <ele>637.4</ele>
      </trkpt>
      <trkpt lat="60.57593" lon="8.352819">
        <ele>639.4</ele>
      </trkpt>
      <trkpt lat="60.57604" lon="8.35181">
        <ele>641.3</ele>
      </trkpt>
      <trkpt lat="60.57612" lon="8.351269">
        <ele>641.2</ele>
      </trkpt>
      <trkpt lat="60.57619" lon="8.35091">
        <ele>640.6</ele>
      </trkpt>
      <trkpt lat="60.57633" lon="8.35036">
        <ele>638.6</ele>
      </trkpt>
      <trkpt lat="60.57637" lon="8.349729">
        <ele>640.6</ele>
      </trkpt>
      <trkpt lat="60.57641" lon="8.34943">
        <ele>639.7</ele>
      </trkpt>
      <trkpt lat="60.57656" lon="8.34881">
        <ele>633.9</ele>
      </trkpt>
      <trkpt lat="60.5766" lon="8.34858">
        <ele>634.1</ele>
      </trkpt>
      <trkpt lat="60.57661" lon="8.3476">
        <ele>638.7</ele>
      </trkpt>
      <trkpt lat="60.57663" lon="8.346629">
        <ele>637.6</ele>
      </trkpt>
      <trkpt lat="60.57673" lon="8.34495">
        <ele>633.9</ele>
      </trkpt>
      <trkpt lat="60.57673" lon="8.343859">
        <ele>635.9</ele>
      </trkpt>
      <trkpt lat="60.57674" lon="8.34276">
        <ele>641.2</ele>
      </trkpt>
      <trkpt lat="60.57677" lon="8.342079">
        <ele>644.7</ele>
      </trkpt>
      <trkpt lat="60.57677" lon="8.341839">
        <ele>646.4</ele>
      </trkpt>
      <trkpt lat="60.57679" lon="8.34159">
        <ele>647.3</ele>
      </trkpt>
      <trkpt lat="60.57686" lon="8.34103">
        <ele>647.6</ele>
      </trkpt>
      <trkpt lat="60.57702" lon="8.34012">
        <ele>644.6</ele>
      </trkpt>
      <trkpt lat="60.57709" lon="8.339219">
        <ele>642.8</ele>
      </trkpt>
      <trkpt lat="60.57722" lon="8.338089">
        <ele>637.6</ele>
      </trkpt>
      <trkpt lat="60.57732" lon="8.33702">
        <ele>635.4</ele>
      </trkpt>
      <trkpt lat="60.5775" lon="8.33639">
        <ele>633.7</ele>
      </trkpt>
      <trkpt lat="60.57762" lon="8.33529">
        <ele>639.9</ele>
      </trkpt>
      <trkpt lat="60.57762" lon="8.334429">
        <ele>647.6</ele>
      </trkpt>
      <trkpt lat="60.57757" lon="8.33346">
        <ele>658.1</ele>
      </trkpt>
      <trkpt lat="60.57757" lon="8.33306">
        <ele>661.4</ele>
      </trkpt>
      <trkpt lat="60.57761" lon="8.3329">
        <ele>662.1</ele>
      </trkpt>
      <trkpt lat="60.57768" lon="8.33278">
        <ele>661.9</ele>
      </trkpt>
      <trkpt lat="60.57791" lon="8.33259">
        <ele>657.7</ele>
      </trkpt>
      <trkpt lat="60.57801" lon="8.33244">
        <ele>656.5</ele>
      </trkpt>
      <trkpt lat="60.57807" lon="8.33228">
        <ele>656.6</ele>
      </trkpt>
      <trkpt lat="60.57809" lon="8.33215">
        <ele>657.6</ele>
      </trkpt>
      <trkpt lat="60.57811" lon="8.33183">
        <ele>661.4</ele>
      </trkpt>
      <trkpt lat="60.5781" lon="8.331609">
        <ele>664.4</ele>
      </trkpt>
      <trkpt lat="60.57803" lon="8.33146">
        <ele>668.9</ele>
      </trkpt>
      <trkpt lat="60.57799" lon="8.33145">
        <ele>670.5</ele>
      </trkpt>
      <trkpt lat="60.57778" lon="8.3316">
        <ele>675.3</ele>
      </trkpt>
      <trkpt lat="60.57721" lon="8.33226">
        <ele>681.6</ele>
      </trkpt>
      <trkpt lat="60.57713" lon="8.3323">
        <ele>683.4</ele>
      </trkpt>
      <trkpt lat="60.57708" lon="8.33228">
        <ele>685.0</ele>
      </trkpt>
      <trkpt lat="60.57703" lon="8.33221">
        <ele>686.9</ele>
      </trkpt>
      <trkpt lat="60.57701" lon="8.33212">
        <ele>688.2</ele>
      </trkpt>
      <trkpt lat="60.57701" lon="8.33205">
        <ele>688.9</ele>
      </trkpt>
      <trkpt lat="60.57704" lon="8.33193">
        <ele>689.5</ele>
      </trkpt>
      <trkpt lat="60.57713" lon="8.33179">
        <ele>689.0</ele>
      </trkpt>
      <trkpt lat="60.57733" lon="8.3316">
        <ele>687.3</ele>
      </trkpt>
      <trkpt lat="60.57741" lon="8.33144">
        <ele>688.0</ele>
      </trkpt>
      <trkpt lat="60.57747" lon="8.331239">
        <ele>689.4</ele>
      </trkpt>
      <trkpt lat="60.57747" lon="8.33112">
        <ele>691.3</ele>
      </trkpt>
      <trkpt lat="60.57742" lon="8.33094">
        <ele>695.2</ele>
      </trkpt>
      <trkpt lat="60.57716" lon="8.33053">
        <ele>703.2</ele>
      </trkpt>
      <trkpt lat="60.57713" lon="8.330109">
        <ele>707.8</ele>
      </trkpt>
      <trkpt lat="60.57691" lon="8.32924">
        <ele>711.1</ele>
      </trkpt>
      <trkpt lat="60.57687" lon="8.32845">
        <ele>711.7</ele>
      </trkpt>
      <trkpt lat="60.57692" lon="8.328099">
        <ele>709.7</ele>
      </trkpt>
      <trkpt lat="60.57701" lon="8.32764">
        <ele>706.8</ele>
      </trkpt>
      <trkpt lat="60.57701" lon="8.327579">
        <ele>706.3</ele>
      </trkpt>
      <trkpt lat="60.57701" lon="8.32682">
        <ele>700.4</ele>
      </trkpt>
      <trkpt lat="60.57698" lon="8.32657">
        <ele>699.5</ele>
      </trkpt>
      <trkpt lat="60.5769" lon="8.32621">
        <ele>698.8</ele>
      </trkpt>
      <trkpt lat="60.57676" lon="8.32571">
        <ele>698.4</ele>
      </trkpt>
      <trkpt lat="60.57652" lon="8.3251">
        <ele>696.9</ele>
      </trkpt>
      <trkpt lat="60.57641" lon="8.32459">
        <ele>695.3</ele>
      </trkpt>
      <trkpt lat="60.57633" lon="8.32398">
        <ele>691.7</ele>
      </trkpt>
      <trkpt lat="60.57617" lon="8.32335">
        <ele>688.0</ele>
      </trkpt>
      <trkpt lat="60.57574" lon="8.32229">
        <ele>686.8</ele>
      </trkpt>
      <trkpt lat="60.57569" lon="8.322139">
        <ele>687.0</ele>
      </trkpt>
      <trkpt lat="60.57565" lon="8.32192">
        <ele>686.6</ele>
      </trkpt>
      <trkpt lat="60.57566" lon="8.32169">
        <ele>685.0</ele>
      </trkpt>
      <trkpt lat="60.57573" lon="8.32136">
        <ele>679.6</ele>
      </trkpt>
      <trkpt lat="60.57574" lon="8.32119">
        <ele>676.6</ele>
      </trkpt>
      <trkpt lat="60.57571" lon="8.321059">
        <ele>675.1</ele>
      </trkpt>
      <trkpt lat="60.57517" lon="8.31983">
        <ele>677.7</ele>
      </trkpt>
      <trkpt lat="60.57482" lon="8.31889">
        <ele>678.0</ele>
      </trkpt>
      <trkpt lat="60.57463" lon="8.31845">
        <ele>677.7</ele>
      </trkpt>
      <trkpt lat="60.57456" lon="8.31835">
        <ele>677.9</ele>
      </trkpt>
      <trkpt lat="60.57428" lon="8.31816">
        <ele>674.9</ele>
      </trkpt>
      <trkpt lat="60.57407" lon="8.317959">
        <ele>675.0</ele>
      </trkpt>
      <trkpt lat="60.57386" lon="8.31766">
        <ele>676.3</ele>
      </trkpt>
      <trkpt lat="60.57364" lon="8.31731">
        <ele>675.6</ele>
      </trkpt>
      <trkpt lat="60.57339" lon="8.31704">
        <ele>677.0</ele>
      </trkpt>
      <trkpt lat="60.57331" lon="8.316979">
        <ele>677.7</ele>
      </trkpt>
      <trkpt lat="60.57314" lon="8.316979">
        <ele>679.5</ele>
      </trkpt>
      <trkpt lat="60.57298" lon="8.31694">
        <ele>680.8</ele>
      </trkpt>
      <trkpt lat="60.57246" lon="8.31671">
        <ele>681.0</ele>
      </trkpt>
      <trkpt lat="60.57211" lon="8.31629">
        <ele>683.1</ele>
      </trkpt>
      <trkpt lat="60.57163" lon="8.31577">
        <ele>672.6</ele>
      </trkpt>
      <trkpt lat="60.57148" lon="8.315659">
        <ele>671.5</ele>
      </trkpt>
      <trkpt lat="60.57126" lon="8.315519">
        <ele>669.2</ele>
      </trkpt>
      <trkpt lat="60.5708" lon="8.31516">
        <ele>664.6</ele>
      </trkpt>
      <trkpt lat="60.57034" lon="8.31489">
        <ele>668.5</ele>
      </trkpt>
      <trkpt lat="60.56989" lon="8.314629">
        <ele>670.4</ele>
      </trkpt>
      <trkpt lat="60.56939" lon="8.31431">
        <ele>671.6</ele>
      </trkpt>
      <trkpt lat="60.56932" lon="8.314299">
        <ele>672.6</ele>
      </trkpt>
      <trkpt lat="60.56919" lon="8.314209">
        <ele>673.4</ele>
      </trkpt>
      <trkpt lat="60.56907" lon="8.314069">
        <ele>673.0</ele>
      </trkpt>
      <trkpt lat="60.56831" lon="8.313689">
        <ele>682.8</ele>
      </trkpt>
      <trkpt lat="60.56808" lon="8.31351">
        <ele>681.5</ele>
      </trkpt>
      <trkpt lat="60.56781" lon="8.31323">
        <ele>678.7</ele>
      </trkpt>
      <trkpt lat="60.56757" lon="8.313079">
        <ele>679.1</ele>
      </trkpt>
      <trkpt lat="60.56748" lon="8.31283">
        <ele>676.8</ele>
      </trkpt>
      <trkpt lat="60.56732" lon="8.312569">
        <ele>676.2</ele>
      </trkpt>
      <trkpt lat="60.56695" lon="8.31208">
        <ele>678.4</ele>
      </trkpt>
      <trkpt lat="60.5667" lon="8.31161">
        <ele>679.8</ele>
      </trkpt>
      <trkpt lat="60.56643" lon="8.311199">
        <ele>683.6</ele>
      </trkpt>
      <trkpt lat="60.566" lon="8.31066">
        <ele>683.0</ele>
      </trkpt>
      <trkpt lat="60.56569" lon="8.310119">
        <ele>676.7</ele>
      </trkpt>
      <trkpt lat="60.56521" lon="8.30965">
        <ele>679.2</ele>
      </trkpt>
      <trkpt lat="60.56517" lon="8.30954">
        <ele>678.9</ele>
      </trkpt>
      <trkpt lat="60.56504" lon="8.308859">
        <ele>674.0</ele>
      </trkpt>
      <trkpt lat="60.56494" lon="8.30864">
        <ele>673.8</ele>
      </trkpt>
      <trkpt lat="60.56473" lon="8.308">
        <ele>673.3</ele>
      </trkpt>
      <trkpt lat="60.56457" lon="8.30761">
        <ele>674.2</ele>
      </trkpt>
      <trkpt lat="60.56453" lon="8.30742">
        <ele>674.2</ele>
      </trkpt>
      <trkpt lat="60.56443" lon="8.306649">
        <ele>674.2</ele>
      </trkpt>
      <trkpt lat="60.56432" lon="8.30621">
        <ele>674.5</ele>
      </trkpt>
      <trkpt lat="60.56424" lon="8.30601">
        <ele>674.5</ele>
      </trkpt>
      <trkpt lat="60.56418" lon="8.305899">
        <ele>674.9</ele>
      </trkpt>
      <trkpt lat="60.564" lon="8.30561">
        <ele>675.9</ele>
      </trkpt>
      <trkpt lat="60.56378" lon="8.305339">
        <ele>677.9</ele>
      </trkpt>
      <trkpt lat="60.56358" lon="8.30495">
        <ele>679.3</ele>
      </trkpt>
      <trkpt lat="60.56346" lon="8.30469">
        <ele>680.0</ele>
      </trkpt>
      <trkpt lat="60.56322" lon="8.303979">
        <ele>680.2</ele>
      </trkpt>
      <trkpt lat="60.56308" lon="8.30371">
        <ele>680.9</ele>
      </trkpt>
      <trkpt lat="60.56288" lon="8.303419">
        <ele>682.3</ele>
      </trkpt>
      <trkpt lat="60.56258" lon="8.30314">
        <ele>684.3</ele>
      </trkpt>
      <trkpt lat="60.56241" lon="8.30301">
        <ele>685.3</ele>
      </trkpt>
      <trkpt lat="60.56197" lon="8.30303">
        <ele>691.5</ele>
      </trkpt>
      <trkpt lat="60.56181" lon="8.30287">
        <ele>692.4</ele>
      </trkpt>
      <trkpt lat="60.56164" lon="8.30256">
        <ele>692.1</ele>
      </trkpt>
      <trkpt lat="60.56159" lon="8.30235">
        <ele>690.8</ele>
      </trkpt>
      <trkpt lat="60.56154" lon="8.30204">
        <ele>689.6</ele>
      </trkpt>
      <trkpt lat="60.56147" lon="8.30184">
        <ele>690.4</ele>
      </trkpt>
      <trkpt lat="60.56124" lon="8.30157">
        <ele>694.4</ele>
      </trkpt>
      <trkpt lat="60.56103" lon="8.30125">
        <ele>697.0</ele>
      </trkpt>
      <trkpt lat="60.56058" lon="8.30089">
        <ele>700.9</ele>
      </trkpt>
      <trkpt lat="60.5605" lon="8.30076">
        <ele>700.1</ele>
      </trkpt>
      <trkpt lat="60.56028" lon="8.30028">
        <ele>696.3</ele>
      </trkpt>
      <trkpt lat="60.56025" lon="8.300359">
        <ele>696.9</ele>
      </trkpt>
      <trkpt lat="60.56021" lon="8.300409">
        <ele>697.2</ele>
      </trkpt>
      <trkpt lat="60.56002" lon="8.30054">
        <ele>698.6</ele>
      </trkpt>
      <trkpt lat="60.55992" lon="8.30058">
        <ele>698.9</ele>
      </trkpt>
      <trkpt lat="60.55944" lon="8.30058">
        <ele>700.1</ele>
      </trkpt>
      <trkpt lat="60.55878" lon="8.30067">
        <ele>705.6</ele>
      </trkpt>
      <trkpt lat="60.5586" lon="8.30061">
        <ele>706.8</ele>
      </trkpt>
      <trkpt lat="60.55793" lon="8.30011">
        <ele>708.5</ele>
      </trkpt>
      <trkpt lat="60.55765" lon="8.29988">
        <ele>709.1</ele>
      </trkpt>
      <trkpt lat="60.55736" lon="8.29969">
        <ele>709.5</ele>
      </trkpt>
      <trkpt lat="60.55677" lon="8.29923">
        <ele>711.6</ele>
      </trkpt>
      <trkpt lat="60.55619" lon="8.29865">
        <ele>714.3</ele>
      </trkpt>
      <trkpt lat="60.55606" lon="8.29838">
        <ele>714.4</ele>
      </trkpt>
      <trkpt lat="60.55595" lon="8.2981">
        <ele>713.8</ele>
      </trkpt>
      <trkpt lat="60.5558" lon="8.297409">
        <ele>711.9</ele>
      </trkpt>
      <trkpt lat="60.55581" lon="8.29677">
        <ele>709.0</ele>
      </trkpt>
      <trkpt lat="60.55579" lon="8.29648">
        <ele>708.0</ele>
      </trkpt>
      <trkpt lat="60.55576" lon="8.29622">
        <ele>706.4</ele>
      </trkpt>
      <trkpt lat="60.55571" lon="8.296049">
        <ele>706.2</ele>
      </trkpt>
      <trkpt lat="60.55555" lon="8.29562">
        <ele>705.1</ele>
      </trkpt>
      <trkpt lat="60.55536" lon="8.29517">
        <ele>704.5</ele>
      </trkpt>
      <trkpt lat="60.55524" lon="8.29494">
        <ele>704.6</ele>
      </trkpt>
      <trkpt lat="60.555" lon="8.29457">
        <ele>704.9</ele>
      </trkpt>
      <trkpt lat="60.55445" lon="8.29392">
        <ele>704.4</ele>
      </trkpt>
      <trkpt lat="60.55401" lon="8.29313">
        <ele>701.9</ele>
      </trkpt>
      <trkpt lat="60.55376" lon="8.29257">
        <ele>700.7</ele>
      </trkpt>
      <trkpt lat="60.55366" lon="8.29228">
        <ele>700.4</ele>
      </trkpt>
      <trkpt lat="60.55362" lon="8.29205">
        <ele>699.9</ele>
      </trkpt>
      <trkpt lat="60.55356" lon="8.29127">
        <ele>699.4</ele>
      </trkpt>
      <trkpt lat="60.5535" lon="8.29091">
        <ele>698.8</ele>
      </trkpt>
      <trkpt lat="60.5534" lon="8.29052">
        <ele>699.8</ele>
      </trkpt>
      <trkpt lat="60.55325" lon="8.29008">
        <ele>701.2</ele>
      </trkpt>
      <trkpt lat="60.55269" lon="8.28891">
        <ele>704.2</ele>
      </trkpt>
      <trkpt lat="60.55254" lon="8.28856">
        <ele>704.7</ele>
      </trkpt>
      <trkpt lat="60.55244" lon="8.288209">
        <ele>705.2</ele>
      </trkpt>
      <trkpt lat="60.55227" lon="8.28712">
        <ele>705.1</ele>
      </trkpt>
      <trkpt lat="60.5521" lon="8.28604">
        <ele>704.8</ele>
      </trkpt>
      <trkpt lat="60.55189" lon="8.285159">
        <ele>704.5</ele>
      </trkpt>
      <trkpt lat="60.55168" lon="8.28428">
        <ele>702.4</ele>
      </trkpt>
      <trkpt lat="60.55161" lon="8.28405">
        <ele>701.8</ele>
      </trkpt>
      <trkpt lat="60.55132" lon="8.283519">
        <ele>700.9</ele>
      </trkpt>
      <trkpt lat="60.55117" lon="8.28317">
        <ele>700.8</ele>
      </trkpt>
      <trkpt lat="60.55093" lon="8.282299">
        <ele>701.5</ele>
      </trkpt>
      <trkpt lat="60.55075" lon="8.28125">
        <ele>703.4</ele>
      </trkpt>
      <trkpt lat="60.5505" lon="8.28007">
        <ele>711.2</ele>
      </trkpt>
      <trkpt lat="60.55046" lon="8.27971">
        <ele>710.3</ele>
      </trkpt>
      <trkpt lat="60.55045" lon="8.27915">
        <ele>709.9</ele>
      </trkpt>
      <trkpt lat="60.55042" lon="8.278869">
        <ele>710.0</ele>
      </trkpt>
      <trkpt lat="60.55032" lon="8.27843">
        <ele>710.3</ele>
      </trkpt>
      <trkpt lat="60.55007" lon="8.27771">
        <ele>710.8</ele>
      </trkpt>
      <trkpt lat="60.55002" lon="8.27743">
        <ele>711.3</ele>
      </trkpt>
      <trkpt lat="60.54998" lon="8.27699">
        <ele>712.5</ele>
      </trkpt>
      <trkpt lat="60.54962" lon="8.276109">
        <ele>717.4</ele>
      </trkpt>
      <trkpt lat="60.54952" lon="8.27576">
        <ele>716.7</ele>
      </trkpt>
      <trkpt lat="60.54936" lon="8.27506">
        <ele>716.3</ele>
      </trkpt>
      <trkpt lat="60.54896" lon="8.273529">
        <ele>715.3</ele>
      </trkpt>
      <trkpt lat="60.54881" lon="8.27285">
        <ele>715.0</ele>
      </trkpt>
      <trkpt lat="60.54879" lon="8.27253">
        <ele>715.3</ele>
      </trkpt>
      <trkpt lat="60.54878" lon="8.27201">
        <ele>716.9</ele>
      </trkpt>
      <trkpt lat="60.54874" lon="8.2713">
        <ele>718.0</ele>
      </trkpt>
      <trkpt lat="60.54862" lon="8.27003">
        <ele>719.5</ele>
      </trkpt>
      <trkpt lat="60.54848" lon="8.269119">
        <ele>719.6</ele>
      </trkpt>
      <trkpt lat="60.54818" lon="8.26784">
        <ele>721.0</ele>
      </trkpt>
      <trkpt lat="60.54806" lon="8.267049">
        <ele>722.1</ele>
      </trkpt>
      <trkpt lat="60.54801" lon="8.26631">
        <ele>723.3</ele>
      </trkpt>
      <trkpt lat="60.54796" lon="8.26598">
        <ele>723.2</ele>
      </trkpt>
      <trkpt lat="60.54788" lon="8.265689">
        <ele>724.0</ele>
      </trkpt>
      <trkpt lat="60.54777" lon="8.26548">
        <ele>724.0</ele>
      </trkpt>
      <trkpt lat="60.54769" lon="8.26543">
        <ele>724.0</ele>
      </trkpt>
      <trkpt lat="60.54736" lon="8.265499">
        <ele>725.0</ele>
      </trkpt>
      <trkpt lat="60.54719" lon="8.265499">
        <ele>726.2</ele>
      </trkpt>
      <trkpt lat="60.54687" lon="8.265319">
        <ele>729.4</ele>
      </trkpt>
      <trkpt lat="60.54665" lon="8.2651">
        <ele>731.7</ele>
      </trkpt>
      <trkpt lat="60.54646" lon="8.26487">
        <ele>733.7</ele>
      </trkpt>
      <trkpt lat="60.54607" lon="8.26417">
        <ele>738.1</ele>
      </trkpt>
      <trkpt lat="60.54575" lon="8.26347">
        <ele>740.2</ele>
      </trkpt>
      <trkpt lat="60.54544" lon="8.262779">
        <ele>742.2</ele>
      </trkpt>
      <trkpt lat="60.54516" lon="8.26195">
        <ele>743.2</ele>
      </trkpt>
      <trkpt lat="60.54501" lon="8.26155">
        <ele>743.9</ele>
      </trkpt>
      <trkpt lat="60.54452" lon="8.26047">
        <ele>744.4</ele>
      </trkpt>
      <trkpt lat="60.54423" lon="8.25969">
        <ele>743.4</ele>
      </trkpt>
      <trkpt lat="60.54394" lon="8.25891">
        <ele>743.6</ele>
      </trkpt>
      <trkpt lat="60.54374" lon="8.25847">
        <ele>744.1</ele>
      </trkpt>
      <trkpt lat="60.54351" lon="8.25808">
        <ele>745.3</ele>
      </trkpt>
      <trkpt lat="60.54301" lon="8.25731">
        <ele>747.7</ele>
      </trkpt>
      <trkpt lat="60.54281" lon="8.2569">
        <ele>747.1</ele>
      </trkpt>
      <trkpt lat="60.5424" lon="8.25619">
        <ele>745.7</ele>
      </trkpt>
      <trkpt lat="60.54201" lon="8.255269">
        <ele>745.2</ele>
      </trkpt>
      <trkpt lat="60.54168" lon="8.254619">
        <ele>744.0</ele>
      </trkpt>
      <trkpt lat="60.5416" lon="8.25437">
        <ele>744.5</ele>
      </trkpt>
      <trkpt lat="60.54144" lon="8.25402">
        <ele>744.6</ele>
      </trkpt>
      <trkpt lat="60.54087" lon="8.25299">
        <ele>745.6</ele>
      </trkpt>
      <trkpt lat="60.54051" lon="8.252509">
        <ele>745.2</ele>
      </trkpt>
      <trkpt lat="60.54033" lon="8.25215">
        <ele>744.8</ele>
      </trkpt>
      <trkpt lat="60.5402" lon="8.25195">
        <ele>745.0</ele>
      </trkpt>
      <trkpt lat="60.54007" lon="8.25179">
        <ele>745.4</ele>
      </trkpt>
      <trkpt lat="60.53992" lon="8.25168">
        <ele>746.1</ele>
      </trkpt>
      <trkpt lat="60.53964" lon="8.25141">
        <ele>747.2</ele>
      </trkpt>
      <trkpt lat="60.53932" lon="8.250859">
        <ele>747.5</ele>
      </trkpt>
      <trkpt lat="60.53916" lon="8.250669">
        <ele>747.3</ele>
      </trkpt>
      <trkpt lat="60.53855" lon="8.250159">
        <ele>746.9</ele>
      </trkpt>
      <trkpt lat="60.53842" lon="8.24998">
        <ele>746.2</ele>
      </trkpt>
      <trkpt lat="60.53838" lon="8.24989">
        <ele>745.9</ele>
      </trkpt>
      <trkpt lat="60.53827" lon="8.24951">
        <ele>742.9</ele>
      </trkpt>
      <trkpt lat="60.53817" lon="8.24906">
        <ele>739.5</ele>
      </trkpt>
      <trkpt lat="60.53808" lon="8.248229">
        <ele>733.4</ele>
      </trkpt>
      <trkpt lat="60.53803" lon="8.248089">
        <ele>733.2</ele>
      </trkpt>
      <trkpt lat="60.5379" lon="8.2476">
        <ele>731.0</ele>
      </trkpt>
      <trkpt lat="60.53789" lon="8.24747">
        <ele>730.6</ele>
      </trkpt>
      <trkpt lat="60.53792" lon="8.24736">
        <ele>730.0</ele>
      </trkpt>
      <trkpt lat="60.53795" lon="8.24731">
        <ele>729.6</ele>
      </trkpt>
      <trkpt lat="60.538" lon="8.24728">
        <ele>729.1</ele>
      </trkpt>
      <trkpt lat="60.53832" lon="8.247299">
        <ele>726.9</ele>
      </trkpt>
      <trkpt lat="60.53845" lon="8.24722">
        <ele>726.9</ele>
      </trkpt>
      <trkpt lat="60.53853" lon="8.24709">
        <ele>727.0</ele>
      </trkpt>
      <trkpt lat="60.53869" lon="8.24663">
        <ele>727.1</ele>
      </trkpt>
      <trkpt lat="60.53876" lon="8.24644">
        <ele>727.2</ele>
      </trkpt>
      <trkpt lat="60.5388" lon="8.246399">
        <ele>727.2</ele>
      </trkpt>
      <trkpt lat="60.53886" lon="8.24639">
        <ele>727.3</ele>
      </trkpt>
      <trkpt lat="60.539" lon="8.246449">
        <ele>727.0</ele>
      </trkpt>
      <trkpt lat="60.53924" lon="8.24671">
        <ele>726.2</ele>
      </trkpt>
      <trkpt lat="60.53952" lon="8.24685">
        <ele>726.5</ele>
      </trkpt>
      <trkpt lat="60.53996" lon="8.24699">
        <ele>726.2</ele>
      </trkpt>
      <trkpt lat="60.54059" lon="8.24703">
        <ele>724.3</ele>
      </trkpt>
      <trkpt lat="60.54073" lon="8.24699">
        <ele>723.5</ele>
      </trkpt>
      <trkpt lat="60.54085" lon="8.24684">
        <ele>722.6</ele>
      </trkpt>
      <trkpt lat="60.54093" lon="8.24658">
        <ele>723.0</ele>
      </trkpt>
      <trkpt lat="60.54112" lon="8.245749">
        <ele>725.7</ele>
      </trkpt>
      <trkpt lat="60.54131" lon="8.24491">
        <ele>730.5</ele>
      </trkpt>
      <trkpt lat="60.54142" lon="8.24451">
        <ele>732.8</ele>
      </trkpt>
      <trkpt lat="60.54151" lon="8.24435">
        <ele>733.0</ele>
      </trkpt>
      <trkpt lat="60.54172" lon="8.24414">
        <ele>733.1</ele>
      </trkpt>
      <trkpt lat="60.54181" lon="8.244">
        <ele>733.1</ele>
      </trkpt>
      <trkpt lat="60.54189" lon="8.243779">
        <ele>733.3</ele>
      </trkpt>
      <trkpt lat="60.54197" lon="8.24346">
        <ele>733.9</ele>
      </trkpt>
      <trkpt lat="60.54215" lon="8.24253">
        <ele>736.1</ele>
      </trkpt>
      <trkpt lat="60.54233" lon="8.24159">
        <ele>736.3</ele>
      </trkpt>
      <trkpt lat="60.54248" lon="8.240399">
        <ele>739.6</ele>
      </trkpt>
      <trkpt lat="60.54258" lon="8.23925">
        <ele>739.8</ele>
      </trkpt>
      <trkpt lat="60.5426" lon="8.23864">
        <ele>744.1</ele>
      </trkpt>
      <trkpt lat="60.5426" lon="8.23797">
        <ele>750.6</ele>
      </trkpt>
      <trkpt lat="60.54263" lon="8.237349">
        <ele>756.1</ele>
      </trkpt>
      <trkpt lat="60.54261" lon="8.236969">
        <ele>756.2</ele>
      </trkpt>
      <trkpt lat="60.54284" lon="8.23529">
        <ele>757.9</ele>
      </trkpt>
      <trkpt lat="60.54284" lon="8.234819">
        <ele>758.4</ele>
      </trkpt>
      <trkpt lat="60.54279" lon="8.234209">
        <ele>759.6</ele>
      </trkpt>
      <trkpt lat="60.54278" lon="8.23387">
        <ele>760.6</ele>
      </trkpt>
      <trkpt lat="60.54281" lon="8.23367">
        <ele>761.1</ele>
      </trkpt>
      <trkpt lat="60.54306" lon="8.232849">
        <ele>765.0</ele>
      </trkpt>
      <trkpt lat="60.54254" lon="8.23212">
        <ele>764.1</ele>
      </trkpt>
      <trkpt lat="60.54195" lon="8.23132">
        <ele>767.7</ele>
      </trkpt>
      <trkpt lat="60.54136" lon="8.23052">
        <ele>769.8</ele>
      </trkpt>
      <trkpt lat="60.54095" lon="8.2299">
        <ele>770.9</ele>
      </trkpt>
      <trkpt lat="60.54025" lon="8.22879">
        <ele>772.0</ele>
      </trkpt>
      <trkpt lat="60.53955" lon="8.227679">
        <ele>768.9</ele>
      </trkpt>
      <trkpt lat="60.53885" lon="8.22657">
        <ele>768.2</ele>
      </trkpt>
      <trkpt lat="60.53816" lon="8.22546">
        <ele>769.6</ele>
      </trkpt>
      <trkpt lat="60.53816" lon="8.22547">
        <ele>769.5</ele>
      </trkpt>
      <trkpt lat="60.53775" lon="8.224819">
        <ele>768.5</ele>
      </trkpt>
      <trkpt lat="60.53735" lon="8.22418">
        <ele>771.0</ele>
      </trkpt>
      <trkpt lat="60.53721" lon="8.22392">
        <ele>771.9</ele>
      </trkpt>
      <trkpt lat="60.53695" lon="8.22349">
        <ele>774.4</ele>
      </trkpt>
      <trkpt lat="60.53656" lon="8.22288">
        <ele>778.2</ele>
      </trkpt>
      <trkpt lat="60.53625" lon="8.22227">
        <ele>780.3</ele>
      </trkpt>
      <trkpt lat="60.53616" lon="8.22198">
        <ele>780.7</ele>
      </trkpt>
      <trkpt lat="60.53606" lon="8.22157">
        <ele>780.6</ele>
      </trkpt>
      <trkpt lat="60.53586" lon="8.22104">
        <ele>779.8</ele>
      </trkpt>
      <trkpt lat="60.53555" lon="8.22001">
        <ele>777.9</ele>
      </trkpt>
      <trkpt lat="60.53534" lon="8.21908">
        <ele>775.9</ele>
      </trkpt>
      <trkpt lat="60.53528" lon="8.2186">
        <ele>775.0</ele>
      </trkpt>
      <trkpt lat="60.53525" lon="8.21809">
        <ele>774.5</ele>
      </trkpt>
      <trkpt lat="60.53525" lon="8.21766">
        <ele>773.6</ele>
      </trkpt>
      <trkpt lat="60.53532" lon="8.21643">
        <ele>771.9</ele>
      </trkpt>
      <trkpt lat="60.53533" lon="8.21604">
        <ele>771.4</ele>
      </trkpt>
      <trkpt lat="60.5353" lon="8.215389">
        <ele>771.4</ele>
      </trkpt>
      <trkpt lat="60.53525" lon="8.21498">
        <ele>771.8</ele>
      </trkpt>
      <trkpt lat="60.53505" lon="8.21411">
        <ele>771.0</ele>
      </trkpt>
      <trkpt lat="60.53485" lon="8.21324">
        <ele>772.8</ele>
      </trkpt>
      <trkpt lat="60.53463" lon="8.212339">
        <ele>775.2</ele>
      </trkpt>
      <trkpt lat="60.53442" lon="8.21144">
        <ele>775.0</ele>
      </trkpt>
      <trkpt lat="60.53405" lon="8.21">
        <ele>774.2</ele>
      </trkpt>
      <trkpt lat="60.53393" lon="8.20975">
        <ele>773.3</ele>
      </trkpt>
      <trkpt lat="60.53381" lon="8.20963">
        <ele>772.5</ele>
      </trkpt>
      <trkpt lat="60.5337" lon="8.20959">
        <ele>771.4</ele>
      </trkpt>
      <trkpt lat="60.5335" lon="8.20958">
        <ele>771.3</ele>
      </trkpt>
      <trkpt lat="60.5335" lon="8.2094">
        <ele>771.3</ele>
      </trkpt>
      <trkpt lat="60.53349" lon="8.209149">
        <ele>771.3</ele>
      </trkpt>
      <trkpt lat="60.53349" lon="8.20872">
        <ele>771.3</ele>
      </trkpt>
      <trkpt lat="60.53347" lon="8.208449">
        <ele>772.1</ele>
      </trkpt>
      <trkpt lat="60.53326" lon="8.207179">
        <ele>774.4</ele>
      </trkpt>
      <trkpt lat="60.53304" lon="8.205909">
        <ele>777.0</ele>
      </trkpt>
      <trkpt lat="60.53285" lon="8.20494">
        <ele>777.8</ele>
      </trkpt>
      <trkpt lat="60.53266" lon="8.20398">
        <ele>777.5</ele>
      </trkpt>
      <trkpt lat="60.53238" lon="8.2024">
        <ele>777.2</ele>
      </trkpt>
      <trkpt lat="60.53211" lon="8.20083">
        <ele>775.2</ele>
      </trkpt>
      <trkpt lat="60.53184" lon="8.19926">
        <ele>774.5</ele>
      </trkpt>
      <trkpt lat="60.53156" lon="8.19769">
        <ele>774.3</ele>
      </trkpt>
      <trkpt lat="60.53129" lon="8.196109">
        <ele>777.1</ele>
      </trkpt>
      <trkpt lat="60.53102" lon="8.19454">
        <ele>778.8</ele>
      </trkpt>
      <trkpt lat="60.53092" lon="8.19394">
        <ele>778.7</ele>
      </trkpt>
      <trkpt lat="60.53088" lon="8.19359">
        <ele>778.7</ele>
      </trkpt>
      <trkpt lat="60.53079" lon="8.191929">
        <ele>778.9</ele>
      </trkpt>
      <trkpt lat="60.5307" lon="8.19027">
        <ele>782.1</ele>
      </trkpt>
      <trkpt lat="60.5306" lon="8.18862">
        <ele>786.1</ele>
      </trkpt>
      <trkpt lat="60.53051" lon="8.186959">
        <ele>787.8</ele>
      </trkpt>
      <trkpt lat="60.53046" lon="8.18638">
        <ele>788.8</ele>
      </trkpt>
      <trkpt lat="60.53047" lon="8.18628">
        <ele>789.0</ele>
      </trkpt>
      <trkpt lat="60.5305" lon="8.18624">
        <ele>789.1</ele>
      </trkpt>
      <trkpt lat="60.53057" lon="8.18622">
        <ele>789.4</ele>
      </trkpt>
      <trkpt lat="60.5306" lon="8.18619">
        <ele>789.5</ele>
      </trkpt>
      <trkpt lat="60.53062" lon="8.186109">
        <ele>789.7</ele>
      </trkpt>
      <trkpt lat="60.53056" lon="8.185549">
        <ele>790.8</ele>
      </trkpt>
      <trkpt lat="60.53049" lon="8.18436">
        <ele>791.3</ele>
      </trkpt>
      <trkpt lat="60.53042" lon="8.18317">
        <ele>792.1</ele>
      </trkpt>
      <trkpt lat="60.53037" lon="8.18192">
        <ele>792.2</ele>
      </trkpt>
      <trkpt lat="60.53035" lon="8.180709">
        <ele>791.3</ele>
      </trkpt>
      <trkpt lat="60.53033" lon="8.1795">
        <ele>792.1</ele>
      </trkpt>
      <trkpt lat="60.5303" lon="8.17896">
        <ele>792.6</ele>
      </trkpt>
      <trkpt lat="60.53017" lon="8.17769">
        <ele>795.3</ele>
      </trkpt>
      <trkpt lat="60.53005" lon="8.17642">
        <ele>795.7</ele>
      </trkpt>
      <trkpt lat="60.53" lon="8.17578">
        <ele>795.0</ele>
      </trkpt>
      <trkpt lat="60.53" lon="8.17523">
        <ele>795.0</ele>
      </trkpt>
      <trkpt lat="60.53011" lon="8.173719">
        <ele>795.6</ele>
      </trkpt>
      <trkpt lat="60.53021" lon="8.1722">
        <ele>794.1</ele>
      </trkpt>
      <trkpt lat="60.53032" lon="8.17069">
        <ele>792.3</ele>
      </trkpt>
      <trkpt lat="60.53043" lon="8.169169">
        <ele>795.2</ele>
      </trkpt>
      <trkpt lat="60.53053" lon="8.16766">
        <ele>796.6</ele>
      </trkpt>
      <trkpt lat="60.53064" lon="8.16614">
        <ele>796.8</ele>
      </trkpt>
      <trkpt lat="60.53068" lon="8.16559">
        <ele>796.8</ele>
      </trkpt>
      <trkpt lat="60.53063" lon="8.16564">
        <ele>796.1</ele>
      </trkpt>
      <trkpt lat="60.53068" lon="8.16501">
        <ele>796.8</ele>
      </trkpt>
      <trkpt lat="60.53079" lon="8.163449">
        <ele>798.3</ele>
      </trkpt>
      <trkpt lat="60.53089" lon="8.16188">
        <ele>799.3</ele>
      </trkpt>
      <trkpt lat="60.531" lon="8.16032">
        <ele>800.6</ele>
      </trkpt>
      <trkpt lat="60.53111" lon="8.158749">
        <ele>806.5</ele>
      </trkpt>
      <trkpt lat="60.53112" lon="8.158139">
        <ele>807.7</ele>
      </trkpt>
      <trkpt lat="60.53106" lon="8.15728">
        <ele>806.6</ele>
      </trkpt>
      <trkpt lat="60.5309" lon="8.1556">
        <ele>803.3</ele>
      </trkpt>
      <trkpt lat="60.53073" lon="8.153919">
        <ele>803.7</ele>
      </trkpt>
      <trkpt lat="60.53057" lon="8.15224">
        <ele>805.2</ele>
      </trkpt>
      <trkpt lat="60.53041" lon="8.15056">
        <ele>805.4</ele>
      </trkpt>
      <trkpt lat="60.53024" lon="8.14888">
        <ele>809.6</ele>
      </trkpt>
      <trkpt lat="60.53014" lon="8.14791">
        <ele>812.0</ele>
      </trkpt>
      <trkpt lat="60.53003" lon="8.14725">
        <ele>814.4</ele>
      </trkpt>
      <trkpt lat="60.52994" lon="8.14686">
        <ele>816.2</ele>
      </trkpt>
      <trkpt lat="60.52985" lon="8.146549">
        <ele>817.7</ele>
      </trkpt>
      <trkpt lat="60.52956" lon="8.14582">
        <ele>820.9</ele>
      </trkpt>
      <trkpt lat="60.52898" lon="8.14457">
        <ele>822.5</ele>
      </trkpt>
      <trkpt lat="60.5284" lon="8.14331">
        <ele>826.3</ele>
      </trkpt>
      <trkpt lat="60.52783" lon="8.14206">
        <ele>823.9</ele>
      </trkpt>
      <trkpt lat="60.52725" lon="8.14081">
        <ele>833.7</ele>
      </trkpt>
      <trkpt lat="60.52667" lon="8.139559">
        <ele>835.2</ele>
      </trkpt>
      <trkpt lat="60.5265" lon="8.13927">
        <ele>836.3</ele>
      </trkpt>
      <trkpt lat="60.5263" lon="8.13899">
        <ele>838.7</ele>
      </trkpt>
      <trkpt lat="60.52584" lon="8.13846">
        <ele>847.2</ele>
      </trkpt>
      <trkpt lat="60.52538" lon="8.137919">
        <ele>854.4</ele>
      </trkpt>
      <trkpt lat="60.52503" lon="8.13746">
        <ele>855.0</ele>
      </trkpt>
      <trkpt lat="60.52488" lon="8.13719">
        <ele>854.3</ele>
      </trkpt>
      <trkpt lat="60.52472" lon="8.13674">
        <ele>853.4</ele>
      </trkpt>
      <trkpt lat="60.52463" lon="8.13635">
        <ele>853.0</ele>
      </trkpt>
      <trkpt lat="60.52458" lon="8.13588">
        <ele>853.3</ele>
      </trkpt>
      <trkpt lat="60.52454" lon="8.13498">
        <ele>856.6</ele>
      </trkpt>
      <trkpt lat="60.52451" lon="8.13467">
        <ele>857.8</ele>
      </trkpt>
      <trkpt lat="60.52441" lon="8.13418">
        <ele>858.5</ele>
      </trkpt>
      <trkpt lat="60.52431" lon="8.13387">
        <ele>858.2</ele>
      </trkpt>
      <trkpt lat="60.52423" lon="8.13381">
        <ele>857.5</ele>
      </trkpt>
      <trkpt lat="60.52409" lon="8.13362">
        <ele>856.4</ele>
      </trkpt>
      <trkpt lat="60.524" lon="8.133369">
        <ele>856.0</ele>
      </trkpt>
      <trkpt lat="60.52391" lon="8.13305">
        <ele>856.3</ele>
      </trkpt>
      <trkpt lat="60.52384" lon="8.13265">
        <ele>856.9</ele>
      </trkpt>
      <trkpt lat="60.52384" lon="8.132429">
        <ele>857.2</ele>
      </trkpt>
      <trkpt lat="60.52369" lon="8.13146">
        <ele>857.2</ele>
      </trkpt>
      <trkpt lat="60.52353" lon="8.13048">
        <ele>857.0</ele>
      </trkpt>
      <trkpt lat="60.52332" lon="8.12898">
        <ele>855.3</ele>
      </trkpt>
      <trkpt lat="60.52327" lon="8.128769">
        <ele>855.1</ele>
      </trkpt>
      <trkpt lat="60.52319" lon="8.1285">
        <ele>854.9</ele>
      </trkpt>
      <trkpt lat="60.52311" lon="8.12831">
        <ele>854.7</ele>
      </trkpt>
      <trkpt lat="60.52295" lon="8.128">
        <ele>854.5</ele>
      </trkpt>
      <trkpt lat="60.523" lon="8.12781">
        <ele>856.7</ele>
      </trkpt>
      <trkpt lat="60.52298" lon="8.12773">
        <ele>857.0</ele>
      </trkpt>
      <trkpt lat="60.52284" lon="8.12749">
        <ele>858.1</ele>
      </trkpt>
      <trkpt lat="60.52263" lon="8.12691">
        <ele>861.8</ele>
      </trkpt>
      <trkpt lat="60.52254" lon="8.12654">
        <ele>864.5</ele>
      </trkpt>
      <trkpt lat="60.52253" lon="8.1256">
        <ele>871.3</ele>
      </trkpt>
      <trkpt lat="60.52251" lon="8.125249">
        <ele>872.8</ele>
      </trkpt>
      <trkpt lat="60.52244" lon="8.12461">
        <ele>873.6</ele>
      </trkpt>
      <trkpt lat="60.52243" lon="8.12424">
        <ele>874.7</ele>
      </trkpt>
      <trkpt lat="60.52246" lon="8.12362">
        <ele>877.6</ele>
      </trkpt>
      <trkpt lat="60.52242" lon="8.12336">
        <ele>877.7</ele>
      </trkpt>
      <trkpt lat="60.52237" lon="8.12312">
        <ele>877.7</ele>
      </trkpt>
      <trkpt lat="60.5223" lon="8.12292">
        <ele>877.7</ele>
      </trkpt>
      <trkpt lat="60.52225" lon="8.122629">
        <ele>878.1</ele>
      </trkpt>
      <trkpt lat="60.52228" lon="8.122339">
        <ele>880.4</ele>
      </trkpt>
      <trkpt lat="60.52237" lon="8.121969">
        <ele>885.3</ele>
      </trkpt>
      <trkpt lat="60.52242" lon="8.12186">
        <ele>887.1</ele>
      </trkpt>
      <trkpt lat="60.52247" lon="8.12177">
        <ele>888.8</ele>
      </trkpt>
      <trkpt lat="60.52246" lon="8.12143">
        <ele>892.9</ele>
      </trkpt>
      <trkpt lat="60.52241" lon="8.12123">
        <ele>893.6</ele>
      </trkpt>
      <trkpt lat="60.52212" lon="8.12039">
        <ele>892.5</ele>
      </trkpt>
      <trkpt lat="60.52202" lon="8.11974">
        <ele>896.6</ele>
      </trkpt>
      <trkpt lat="60.52195" lon="8.11916">
        <ele>900.7</ele>
      </trkpt>
      <trkpt lat="60.5219" lon="8.11898">
        <ele>901.1</ele>
      </trkpt>
      <trkpt lat="60.52161" lon="8.1181">
        <ele>901.5</ele>
      </trkpt>
      <trkpt lat="60.52147" lon="8.11777">
        <ele>900.6</ele>
      </trkpt>
      <trkpt lat="60.52124" lon="8.11745">
        <ele>897.8</ele>
      </trkpt>
      <trkpt lat="60.52118" lon="8.11725">
        <ele>896.9</ele>
      </trkpt>
      <trkpt lat="60.52103" lon="8.116529">
        <ele>895.2</ele>
      </trkpt>
      <trkpt lat="60.52097" lon="8.11476">
        <ele>902.7</ele>
      </trkpt>
      <trkpt lat="60.52096" lon="8.11369">
        <ele>909.3</ele>
      </trkpt>
      <trkpt lat="60.52092" lon="8.113429">
        <ele>910.5</ele>
      </trkpt>
      <trkpt lat="60.52085" lon="8.11314">
        <ele>911.2</ele>
      </trkpt>
      <trkpt lat="60.52063" lon="8.11247">
        <ele>912.3</ele>
      </trkpt>
      <trkpt lat="60.52044" lon="8.11213">
        <ele>912.1</ele>
      </trkpt>
      <trkpt lat="60.5203" lon="8.11198">
        <ele>910.4</ele>
      </trkpt>
      <trkpt lat="60.52012" lon="8.11185">
        <ele>908.4</ele>
      </trkpt>
      <trkpt lat="60.52012" lon="8.11185">
        <ele>908.4</ele>
      </trkpt>
      <trkpt lat="60.52006" lon="8.11181">
        <ele>907.8</ele>
      </trkpt>
      <trkpt lat="60.51981" lon="8.11133">
        <ele>907.9</ele>
      </trkpt>
      <trkpt lat="60.51969" lon="8.11088">
        <ele>909.9</ele>
      </trkpt>
      <trkpt lat="60.51964" lon="8.11076">
        <ele>910.3</ele>
      </trkpt>
      <trkpt lat="60.51925" lon="8.110429">
        <ele>913.0</ele>
      </trkpt>
      <trkpt lat="60.51892" lon="8.11001">
        <ele>918.1</ele>
      </trkpt>
      <trkpt lat="60.51859" lon="8.10965">
        <ele>920.1</ele>
      </trkpt>
      <trkpt lat="60.51849" lon="8.109579">
        <ele>920.1</ele>
      </trkpt>
      <trkpt lat="60.51821" lon="8.109439">
        <ele>921.5</ele>
      </trkpt>
      <trkpt lat="60.51812" lon="8.10937">
        <ele>922.1</ele>
      </trkpt>
      <trkpt lat="60.51754" lon="8.108449">
        <ele>925.4</ele>
      </trkpt>
      <trkpt lat="60.51746" lon="8.108269">
        <ele>925.6</ele>
      </trkpt>
      <trkpt lat="60.51739" lon="8.108">
        <ele>926.6</ele>
      </trkpt>
      <trkpt lat="60.51736" lon="8.107699">
        <ele>927.0</ele>
      </trkpt>
      <trkpt lat="60.51735" lon="8.10746">
        <ele>927.0</ele>
      </trkpt>
      <trkpt lat="60.51739" lon="8.10706">
        <ele>927.9</ele>
      </trkpt>
      <trkpt lat="60.51739" lon="8.10671">
        <ele>928.2</ele>
      </trkpt>
      <trkpt lat="60.51742" lon="8.10624">
        <ele>928.8</ele>
      </trkpt>
      <trkpt lat="60.5174" lon="8.10598">
        <ele>929.8</ele>
      </trkpt>
      <trkpt lat="60.51732" lon="8.105689">
        <ele>931.0</ele>
      </trkpt>
      <trkpt lat="60.51724" lon="8.10529">
        <ele>932.5</ele>
      </trkpt>
      <trkpt lat="60.51715" lon="8.104559">
        <ele>935.3</ele>
      </trkpt>
      <trkpt lat="60.51707" lon="8.10426">
        <ele>936.1</ele>
      </trkpt>
      <trkpt lat="60.51689" lon="8.10384">
        <ele>937.2</ele>
      </trkpt>
      <trkpt lat="60.51666" lon="8.10309">
        <ele>938.7</ele>
      </trkpt>
      <trkpt lat="60.51641" lon="8.10247">
        <ele>939.3</ele>
      </trkpt>
      <trkpt lat="60.51632" lon="8.10229">
        <ele>939.3</ele>
      </trkpt>
      <trkpt lat="60.51612" lon="8.10199">
        <ele>938.5</ele>
      </trkpt>
      <trkpt lat="60.51593" lon="8.10176">
        <ele>936.7</ele>
      </trkpt>
      <trkpt lat="60.51589" lon="8.10164">
        <ele>936.7</ele>
      </trkpt>
      <trkpt lat="60.51557" lon="8.10021">
        <ele>940.1</ele>
      </trkpt>
      <trkpt lat="60.51545" lon="8.1">
        <ele>940.8</ele>
      </trkpt>
      <trkpt lat="60.5154" lon="8.1">
        <ele>940.4</ele>
      </trkpt>
      <trkpt lat="60.51538" lon="8.10004">
        <ele>939.8</ele>
      </trkpt>
      <trkpt lat="60.51517" lon="8.09957">
        <ele>943.4</ele>
      </trkpt>
      <trkpt lat="60.51498" lon="8.09928">
        <ele>945.2</ele>
      </trkpt>
      <trkpt lat="60.51492" lon="8.09937">
        <ele>943.5</ele>
      </trkpt>
      <trkpt lat="60.5148" lon="8.09939">
        <ele>942.1</ele>
      </trkpt>
      <trkpt lat="60.51455" lon="8.099119">
        <ele>943.1</ele>
      </trkpt>
      <trkpt lat="60.51436" lon="8.09903">
        <ele>940.9</ele>
      </trkpt>
      <trkpt lat="60.5142" lon="8.09899">
        <ele>939.2</ele>
      </trkpt>
      <trkpt lat="60.51401" lon="8.09891">
        <ele>937.9</ele>
      </trkpt>
      <trkpt lat="60.51374" lon="8.09891">
        <ele>934.6</ele>
      </trkpt>
      <trkpt lat="60.51355" lon="8.09877">
        <ele>935.3</ele>
      </trkpt>
      <trkpt lat="60.51338" lon="8.09856">
        <ele>937.1</ele>
      </trkpt>
      <trkpt lat="60.51327" lon="8.09847">
        <ele>937.6</ele>
      </trkpt>
      <trkpt lat="60.51281" lon="8.09824">
        <ele>937.3</ele>
      </trkpt>
      <trkpt lat="60.51255" lon="8.09802">
        <ele>937.4</ele>
      </trkpt>
      <trkpt lat="60.51232" lon="8.09779">
        <ele>936.3</ele>
      </trkpt>
      <trkpt lat="60.51207" lon="8.09735">
        <ele>935.9</ele>
      </trkpt>
      <trkpt lat="60.51207" lon="8.09735">
        <ele>935.9</ele>
      </trkpt>
      <trkpt lat="60.51169" lon="8.09669">
        <ele>935.4</ele>
      </trkpt>
      <trkpt lat="60.51144" lon="8.096299">
        <ele>935.5</ele>
      </trkpt>
      <trkpt lat="60.51123" lon="8.095879">
        <ele>938.2</ele>
      </trkpt>
      <trkpt lat="60.51057" lon="8.094889">
        <ele>947.2</ele>
      </trkpt>
      <trkpt lat="60.51039" lon="8.09476">
        <ele>947.1</ele>
      </trkpt>
      <trkpt lat="60.51003" lon="8.09427">
        <ele>946.5</ele>
      </trkpt>
      <trkpt lat="60.50983" lon="8.094099">
        <ele>942.2</ele>
      </trkpt>
      <trkpt lat="60.50973" lon="8.09406">
        <ele>940.5</ele>
      </trkpt>
      <trkpt lat="60.5096" lon="8.09406">
        <ele>938.1</ele>
      </trkpt>
      <trkpt lat="60.50949" lon="8.09409">
        <ele>936.3</ele>
      </trkpt>
      <trkpt lat="60.5093" lon="8.09423">
        <ele>933.2</ele>
      </trkpt>
      <trkpt lat="60.50921" lon="8.09435">
        <ele>932.0</ele>
      </trkpt>
      <trkpt lat="60.5091" lon="8.094469">
        <ele>930.8</ele>
      </trkpt>
      <trkpt lat="60.50897" lon="8.094519">
        <ele>930.2</ele>
      </trkpt>
      <trkpt lat="60.50887" lon="8.094519">
        <ele>930.2</ele>
      </trkpt>
      <trkpt lat="60.5086" lon="8.09444">
        <ele>930.8</ele>
      </trkpt>
      <trkpt lat="60.50846" lon="8.09444">
        <ele>931.0</ele>
      </trkpt>
      <trkpt lat="60.50813" lon="8.09453">
        <ele>931.0</ele>
      </trkpt>
      <trkpt lat="60.50805" lon="8.094519">
        <ele>931.0</ele>
      </trkpt>
      <trkpt lat="60.50796" lon="8.09445">
        <ele>931.0</ele>
      </trkpt>
      <trkpt lat="60.50786" lon="8.09432">
        <ele>930.8</ele>
      </trkpt>
      <trkpt lat="60.50762" lon="8.093859">
        <ele>932.2</ele>
      </trkpt>
      <trkpt lat="60.50755" lon="8.093769">
        <ele>932.6</ele>
      </trkpt>
      <trkpt lat="60.50738" lon="8.09361">
        <ele>932.6</ele>
      </trkpt>
      <trkpt lat="60.50662" lon="8.093249">
        <ele>937.2</ele>
      </trkpt>
      <trkpt lat="60.50649" lon="8.09309">
        <ele>939.4</ele>
      </trkpt>
      <trkpt lat="60.50648" lon="8.092969">
        <ele>940.8</ele>
      </trkpt>
      <trkpt lat="60.50621" lon="8.09277">
        <ele>945.0</ele>
      </trkpt>
      <trkpt lat="60.50562" lon="8.09225">
        <ele>954.5</ele>
      </trkpt>
      <trkpt lat="60.50504" lon="8.09173">
        <ele>961.8</ele>
      </trkpt>
      <trkpt lat="60.50446" lon="8.09122">
        <ele>966.3</ele>
      </trkpt>
      <trkpt lat="60.50443" lon="8.091279">
        <ele>965.7</ele>
      </trkpt>
      <trkpt lat="60.50436" lon="8.09131">
        <ele>965.4</ele>
      </trkpt>
      <trkpt lat="60.50428" lon="8.0913">
        <ele>965.4</ele>
      </trkpt>
      <trkpt lat="60.5041" lon="8.09113">
        <ele>966.4</ele>
      </trkpt>
      <trkpt lat="60.50382" lon="8.09059">
        <ele>968.7</ele>
      </trkpt>
      <trkpt lat="60.50381" lon="8.09051">
        <ele>969.0</ele>
      </trkpt>
      <trkpt lat="60.50385" lon="8.09045">
        <ele>969.6</ele>
      </trkpt>
      <trkpt lat="60.5036" lon="8.09002">
        <ele>968.8</ele>
      </trkpt>
      <trkpt lat="60.50332" lon="8.08942">
        <ele>967.9</ele>
      </trkpt>
      <trkpt lat="60.50308" lon="8.088789">
        <ele>966.8</ele>
      </trkpt>
      <trkpt lat="60.50289" lon="8.0882">
        <ele>966.6</ele>
      </trkpt>
      <trkpt lat="60.50274" lon="8.0876">
        <ele>965.1</ele>
      </trkpt>
      <trkpt lat="60.50237" lon="8.08601">
        <ele>958.2</ele>
      </trkpt>
      <trkpt lat="60.50201" lon="8.084429">
        <ele>958.0</ele>
      </trkpt>
      <trkpt lat="60.50164" lon="8.082839">
        <ele>962.8</ele>
      </trkpt>
      <trkpt lat="60.50127" lon="8.08125">
        <ele>970.0</ele>
      </trkpt>
      <trkpt lat="60.50091" lon="8.07967">
        <ele>970.9</ele>
      </trkpt>
      <trkpt lat="60.50054" lon="8.07808">
        <ele>973.3</ele>
      </trkpt>
      <trkpt lat="60.50029" lon="8.07703">
        <ele>974.4</ele>
      </trkpt>
      <trkpt lat="60.50026" lon="8.07695">
        <ele>974.5</ele>
      </trkpt>
      <trkpt lat="60.50013" lon="8.07651">
        <ele>975.0</ele>
      </trkpt>
      <trkpt lat="60.49973" lon="8.07543">
        <ele>976.5</ele>
      </trkpt>
      <trkpt lat="60.49922" lon="8.074109">
        <ele>976.9</ele>
      </trkpt>
      <trkpt lat="60.49872" lon="8.07278">
        <ele>976.9</ele>
      </trkpt>
      <trkpt lat="60.49821" lon="8.07146">
        <ele>975.0</ele>
      </trkpt>
      <trkpt lat="60.4977" lon="8.07013">
        <ele>977.8</ele>
      </trkpt>
      <trkpt lat="60.49741" lon="8.06936">
        <ele>981.6</ele>
      </trkpt>
      <trkpt lat="60.49711" lon="8.06859">
        <ele>985.1</ele>
      </trkpt>
      <trkpt lat="60.49682" lon="8.067959">
        <ele>989.6</ele>
      </trkpt>
      <trkpt lat="60.49664" lon="8.067679">
        <ele>991.4</ele>
      </trkpt>
      <trkpt lat="60.49637" lon="8.06738">
        <ele>994.4</ele>
      </trkpt>
      <trkpt lat="60.49564" lon="8.066789">
        <ele>1001.2</ele>
      </trkpt>
      <trkpt lat="60.49542" lon="8.06658">
        <ele>1004.2</ele>
      </trkpt>
      <trkpt lat="60.49512" lon="8.06616">
        <ele>1009.1</ele>
      </trkpt>
      <trkpt lat="60.49495" lon="8.06583">
        <ele>1011.8</ele>
      </trkpt>
      <trkpt lat="60.49443" lon="8.064439">
        <ele>1012.1</ele>
      </trkpt>
      <trkpt lat="60.49393" lon="8.06304">
        <ele>1012.2</ele>
      </trkpt>
      <trkpt lat="60.49343" lon="8.061629">
        <ele>1009.9</ele>
      </trkpt>
      <trkpt lat="60.49328" lon="8.06109">
        <ele>1009.3</ele>
      </trkpt>
      <trkpt lat="60.49318" lon="8.06058">
        <ele>1008.8</ele>
      </trkpt>
      <trkpt lat="60.49312" lon="8.05993">
        <ele>1007.9</ele>
      </trkpt>
      <trkpt lat="60.49311" lon="8.05957">
        <ele>1007.8</ele>
      </trkpt>
      <trkpt lat="60.49313" lon="8.059089">
        <ele>1007.3</ele>
      </trkpt>
      <trkpt lat="60.4932" lon="8.05835">
        <ele>1005.7</ele>
      </trkpt>
      <trkpt lat="60.49351" lon="8.05677">
        <ele>1002.4</ele>
      </trkpt>
      <trkpt lat="60.49381" lon="8.05519">
        <ele>1001.3</ele>
      </trkpt>
      <trkpt lat="60.49406" lon="8.05389">
        <ele>1003.1</ele>
      </trkpt>
      <trkpt lat="60.49431" lon="8.05259">
        <ele>1004.0</ele>
      </trkpt>
      <trkpt lat="60.49456" lon="8.051299">
        <ele>1003.9</ele>
      </trkpt>
      <trkpt lat="60.49481" lon="8.05">
        <ele>999.3</ele>
      </trkpt>
      <trkpt lat="60.49492" lon="8.04956">
        <ele>997.6</ele>
      </trkpt>
      <trkpt lat="60.49514" lon="8.04889">
        <ele>994.5</ele>
      </trkpt>
      <trkpt lat="60.49529" lon="8.048489">
        <ele>993.3</ele>
      </trkpt>
      <trkpt lat="60.49551" lon="8.04806">
        <ele>992.4</ele>
      </trkpt>
      <trkpt lat="60.49618" lon="8.047079">
        <ele>991.2</ele>
      </trkpt>
      <trkpt lat="60.49685" lon="8.046099">
        <ele>991.5</ele>
      </trkpt>
      <trkpt lat="60.49716" lon="8.0456">
        <ele>991.1</ele>
      </trkpt>
      <trkpt lat="60.49736" lon="8.04523">
        <ele>990.6</ele>
      </trkpt>
      <trkpt lat="60.49775" lon="8.04433">
        <ele>987.0</ele>
      </trkpt>
      <trkpt lat="60.49799" lon="8.04364">
        <ele>983.5</ele>
      </trkpt>
      <trkpt lat="60.49833" lon="8.0426">
        <ele>980.0</ele>
      </trkpt>
      <trkpt lat="60.49868" lon="8.04157">
        <ele>976.1</ele>
      </trkpt>
      <trkpt lat="60.49878" lon="8.041169">
        <ele>975.1</ele>
      </trkpt>
      <trkpt lat="60.4989" lon="8.04048">
        <ele>975.9</ele>
      </trkpt>
      <trkpt lat="60.49893" lon="8.04024">
        <ele>976.4</ele>
      </trkpt>
      <trkpt lat="60.49898" lon="8.039809">
        <ele>978.2</ele>
      </trkpt>
      <trkpt lat="60.49902" lon="8.03888">
        <ele>983.5</ele>
      </trkpt>
      <trkpt lat="60.49902" lon="8.03888">
        <ele>983.5</ele>
      </trkpt>
      <trkpt lat="60.49902" lon="8.03808">
        <ele>986.4</ele>
      </trkpt>
      <trkpt lat="60.49897" lon="8.03739">
        <ele>989.5</ele>
      </trkpt>
      <trkpt lat="60.49877" lon="8.03611">
        <ele>996.1</ele>
      </trkpt>
      <trkpt lat="60.49857" lon="8.034829">
        <ele>1000.6</ele>
      </trkpt>
      <trkpt lat="60.49847" lon="8.034039">
        <ele>1001.0</ele>
      </trkpt>
      <trkpt lat="60.49845" lon="8.03368">
        <ele>1001.3</ele>
      </trkpt>
      <trkpt lat="60.49845" lon="8.03368">
        <ele>1001.3</ele>
      </trkpt>
      <trkpt lat="60.49845" lon="8.03368">
        <ele>1001.3</ele>
      </trkpt>
      <trkpt lat="60.49845" lon="8.033149">
        <ele>1000.4</ele>
      </trkpt>
      <trkpt lat="60.49849" lon="8.03266">
        <ele>999.5</ele>
      </trkpt>
      <trkpt lat="60.49859" lon="8.03219">
        <ele>999.3</ele>
      </trkpt>
      <trkpt lat="60.49871" lon="8.03176">
        <ele>999.0</ele>
      </trkpt>
      <trkpt lat="60.49883" lon="8.03142">
        <ele>998.7</ele>
      </trkpt>
      <trkpt lat="60.4991" lon="8.03081">
        <ele>998.4</ele>
      </trkpt>
      <trkpt lat="60.49954" lon="8.029909">
        <ele>996.9</ele>
      </trkpt>
      <trkpt lat="60.49998" lon="8.029">
        <ele>996.3</ele>
      </trkpt>
      <trkpt lat="60.5002" lon="8.02848">
        <ele>995.6</ele>
      </trkpt>
      <trkpt lat="60.50069" lon="8.027089">
        <ele>995.0</ele>
      </trkpt>
      <trkpt lat="60.50119" lon="8.02571">
        <ele>996.0</ele>
      </trkpt>
      <trkpt lat="60.50169" lon="8.024319">
        <ele>997.4</ele>
      </trkpt>
      <trkpt lat="60.50218" lon="8.02293">
        <ele>998.8</ele>
      </trkpt>
      <trkpt lat="60.50268" lon="8.02154">
        <ele>1004.8</ele>
      </trkpt>
      <trkpt lat="60.50318" lon="8.020149">
        <ele>1010.9</ele>
      </trkpt>
      <trkpt lat="60.50367" lon="8.01877">
        <ele>1016.9</ele>
      </trkpt>
      <trkpt lat="60.50386" lon="8.01817">
        <ele>1016.4</ele>
      </trkpt>
      <trkpt lat="60.50415" lon="8.01688">
        <ele>1014.3</ele>
      </trkpt>
      <trkpt lat="60.50444" lon="8.015599">
        <ele>1009.6</ele>
      </trkpt>
      <trkpt lat="60.50473" lon="8.01432">
        <ele>1005.7</ele>
      </trkpt>
      <trkpt lat="60.50502" lon="8.01304">
        <ele>1002.2</ele>
      </trkpt>
      <trkpt lat="60.50518" lon="8.012259">
        <ele>1000.3</ele>
      </trkpt>
      <trkpt lat="60.50523" lon="8.01185">
        <ele>999.5</ele>
      </trkpt>
      <trkpt lat="60.50526" lon="8.01144">
        <ele>998.6</ele>
      </trkpt>
      <trkpt lat="60.50526" lon="8.011329">
        <ele>998.4</ele>
      </trkpt>
      <trkpt lat="60.50531" lon="8.01003">
        <ele>995.8</ele>
      </trkpt>
      <trkpt lat="60.50531" lon="8.01003">
        <ele>995.8</ele>
      </trkpt>
      <trkpt lat="60.50533" lon="8.00937">
        <ele>996.3</ele>
      </trkpt>
      <trkpt lat="60.50525" lon="8.009399">
        <ele>995.6</ele>
      </trkpt>
      <trkpt lat="60.50523" lon="8.00949">
        <ele>995.2</ele>
      </trkpt>
      <trkpt lat="60.50525" lon="8.009399">
        <ele>995.6</ele>
      </trkpt>
      <trkpt lat="60.50533" lon="8.00937">
        <ele>996.3</ele>
      </trkpt>
      <trkpt lat="60.50539" lon="8.00775">
        <ele>997.8</ele>
      </trkpt>
      <trkpt lat="60.50544" lon="8.00613">
        <ele>996.2</ele>
      </trkpt>
      <trkpt lat="60.5055" lon="8.00451">
        <ele>991.1</ele>
      </trkpt>
      <trkpt lat="60.50556" lon="8.00289">
        <ele>985.0</ele>
      </trkpt>
      <trkpt lat="60.50562" lon="8.001279">
        <ele>983.6</ele>
      </trkpt>
      <trkpt lat="60.50562" lon="8.001279">
        <ele>983.6</ele>
      </trkpt>
      <trkpt lat="60.50568" lon="7.99967">
        <ele>980.9</ele>
      </trkpt>
      <trkpt lat="60.50574" lon="7.99897">
        <ele>980.5</ele>
      </trkpt>
      <trkpt lat="60.50592" lon="7.99765">
        <ele>981.8</ele>
      </trkpt>
      <trkpt lat="60.5061" lon="7.99633">
        <ele>987.0</ele>
      </trkpt>
      <trkpt lat="60.50629" lon="7.99501">
        <ele>982.0</ele>
      </trkpt>
      <trkpt lat="60.50635" lon="7.99431">
        <ele>980.7</ele>
      </trkpt>
      <trkpt lat="60.5064" lon="7.99337">
        <ele>980.7</ele>
      </trkpt>
      <trkpt lat="60.5064" lon="7.99224">
        <ele>981.5</ele>
      </trkpt>
      <trkpt lat="60.50637" lon="7.99158">
        <ele>982.4</ele>
      </trkpt>
      <trkpt lat="60.50626" lon="7.99049">
        <ele>980.3</ele>
      </trkpt>
      <trkpt lat="60.50616" lon="7.98939">
        <ele>981.8</ele>
      </trkpt>
      <trkpt lat="60.50612" lon="7.98901">
        <ele>982.3</ele>
      </trkpt>
      <trkpt lat="60.50605" lon="7.9884">
        <ele>983.2</ele>
      </trkpt>
      <trkpt lat="60.50593" lon="7.98768">
        <ele>986.0</ele>
      </trkpt>
      <trkpt lat="60.50575" lon="7.98699">
        <ele>986.9</ele>
      </trkpt>
      <trkpt lat="60.50551" lon="7.98627">
        <ele>988.0</ele>
      </trkpt>
      <trkpt lat="60.50515" lon="7.98532">
        <ele>988.1</ele>
      </trkpt>
      <trkpt lat="60.50479" lon="7.98437">
        <ele>986.6</ele>
      </trkpt>
      <trkpt lat="60.50469" lon="7.98403">
        <ele>987.9</ele>
      </trkpt>
      <trkpt lat="60.50458" lon="7.98358">
        <ele>987.0</ele>
      </trkpt>
      <trkpt lat="60.50438" lon="7.98265">
        <ele>986.8</ele>
      </trkpt>
      <trkpt lat="60.50426" lon="7.98193">
        <ele>987.2</ele>
      </trkpt>
      <trkpt lat="60.50413" lon="7.98075">
        <ele>989.5</ele>
      </trkpt>
      <trkpt lat="60.50409" lon="7.97988">
        <ele>988.4</ele>
      </trkpt>
      <trkpt lat="60.50406" lon="7.97822">
        <ele>984.2</ele>
      </trkpt>
      <trkpt lat="60.50404" lon="7.97656">
        <ele>979.1</ele>
      </trkpt>
      <trkpt lat="60.50401" lon="7.97491">
        <ele>980.8</ele>
      </trkpt>
      <trkpt lat="60.50398" lon="7.97325">
        <ele>989.9</ele>
      </trkpt>
      <trkpt lat="60.50395" lon="7.97247">
        <ele>993.9</ele>
      </trkpt>
      <trkpt lat="60.50388" lon="7.9717">
        <ele>995.7</ele>
      </trkpt>
      <trkpt lat="60.50377" lon="7.97085">
        <ele>994.5</ele>
      </trkpt>
      <trkpt lat="60.50374" lon="7.9704">
        <ele>994.7</ele>
      </trkpt>
      <trkpt lat="60.50377" lon="7.96914">
        <ele>999.8</ele>
      </trkpt>
      <trkpt lat="60.50375" lon="7.96879">
        <ele>1000.9</ele>
      </trkpt>
      <trkpt lat="60.5037" lon="7.96848">
        <ele>1001.2</ele>
      </trkpt>
      <trkpt lat="60.50361" lon="7.96808">
        <ele>1000.2</ele>
      </trkpt>
      <trkpt lat="60.50332" lon="7.96714">
        <ele>1000.7</ele>
      </trkpt>
      <trkpt lat="60.50303" lon="7.96619">
        <ele>998.3</ele>
      </trkpt>
      <trkpt lat="60.50286" lon="7.96554">
        <ele>997.7</ele>
      </trkpt>
      <trkpt lat="60.50273" lon="7.96482">
        <ele>997.8</ele>
      </trkpt>
      <trkpt lat="60.50265" lon="7.96407">
        <ele>997.2</ele>
      </trkpt>
      <trkpt lat="60.50264" lon="7.96352">
        <ele>997.0</ele>
      </trkpt>
      <trkpt lat="60.5027" lon="7.9619">
        <ele>997.5</ele>
      </trkpt>
      <trkpt lat="60.50276" lon="7.96028">
        <ele>997.3</ele>
      </trkpt>
      <trkpt lat="60.50276" lon="7.96028">
        <ele>997.3</ele>
      </trkpt>
      <trkpt lat="60.5028" lon="7.95929">
        <ele>997.1</ele>
      </trkpt>
      <trkpt lat="60.50284" lon="7.95829">
        <ele>997.6</ele>
      </trkpt>
      <trkpt lat="60.50288" lon="7.95778">
        <ele>995.0</ele>
      </trkpt>
      <trkpt lat="60.50296" lon="7.95724">
        <ele>994.4</ele>
      </trkpt>
      <trkpt lat="60.50326" lon="7.9557">
        <ele>994.9</ele>
      </trkpt>
      <trkpt lat="60.50357" lon="7.95416">
        <ele>995.3</ele>
      </trkpt>
      <trkpt lat="60.50367" lon="7.95353">
        <ele>995.0</ele>
      </trkpt>
      <trkpt lat="60.50384" lon="7.95188">
        <ele>993.9</ele>
      </trkpt>
      <trkpt lat="60.50399" lon="7.95034">
        <ele>995.0</ele>
      </trkpt>
      <trkpt lat="60.50413" lon="7.94881">
        <ele>997.9</ele>
      </trkpt>
      <trkpt lat="60.50428" lon="7.94727">
        <ele>999.0</ele>
      </trkpt>
      <trkpt lat="60.50442" lon="7.94573">
        <ele>997.6</ele>
      </trkpt>
      <trkpt lat="60.50448" lon="7.94526">
        <ele>996.6</ele>
      </trkpt>
      <trkpt lat="60.50461" lon="7.94451">
        <ele>996.2</ele>
      </trkpt>
      <trkpt lat="60.50474" lon="7.94391">
        <ele>995.8</ele>
      </trkpt>
      <trkpt lat="60.5047" lon="7.94382">
        <ele>994.9</ele>
      </trkpt>
      <trkpt lat="60.50479" lon="7.94341">
        <ele>994.8</ele>
      </trkpt>
      <trkpt lat="60.50483" lon="7.94314">
        <ele>994.6</ele>
      </trkpt>
      <trkpt lat="60.50495" lon="7.94274">
        <ele>994.9</ele>
      </trkpt>
      <trkpt lat="60.50503" lon="7.94273">
        <ele>995.9</ele>
      </trkpt>
      <trkpt lat="60.50506" lon="7.94275">
        <ele>996.4</ele>
      </trkpt>
      <trkpt lat="60.50547" lon="7.94129">
        <ele>997.1</ele>
      </trkpt>
      <trkpt lat="60.50587" lon="7.93982">
        <ele>996.0</ele>
      </trkpt>
      <trkpt lat="60.50628" lon="7.93836">
        <ele>993.6</ele>
      </trkpt>
      <trkpt lat="60.50669" lon="7.9369">
        <ele>990.6</ele>
      </trkpt>
      <trkpt lat="60.5071" lon="7.93543">
        <ele>989.5</ele>
      </trkpt>
      <trkpt lat="60.50751" lon="7.93397">
        <ele>989.9</ele>
      </trkpt>
      <trkpt lat="60.50792" lon="7.93251">
        <ele>989.1</ele>
      </trkpt>
      <trkpt lat="60.50833" lon="7.93104">
        <ele>989.7</ele>
      </trkpt>
      <trkpt lat="60.50873" lon="7.92958">
        <ele>991.6</ele>
      </trkpt>
      <trkpt lat="60.50914" lon="7.92812">
        <ele>995.3</ele>
      </trkpt>
      <trkpt lat="60.50929" lon="7.92738">
        <ele>996.7</ele>
      </trkpt>
      <trkpt lat="60.50944" lon="7.9264">
        <ele>997.9</ele>
      </trkpt>
      <trkpt lat="60.50965" lon="7.92478">
        <ele>999.2</ele>
      </trkpt>
      <trkpt lat="60.50969" lon="7.9242">
        <ele>999.8</ele>
      </trkpt>
      <trkpt lat="60.50968" lon="7.92353">
        <ele>999.4</ele>
      </trkpt>
      <trkpt lat="60.50962" lon="7.92286">
        <ele>999.4</ele>
      </trkpt>
      <trkpt lat="60.50952" lon="7.92231">
        <ele>999.4</ele>
      </trkpt>
      <trkpt lat="60.50937" lon="7.92174">
        <ele>999.9</ele>
      </trkpt>
      <trkpt lat="60.50911" lon="7.92099">
        <ele>1001.8</ele>
      </trkpt>
      <trkpt lat="60.50885" lon="7.92024">
        <ele>1002.9</ele>
      </trkpt>
      <trkpt lat="60.50848" lon="7.91886">
        <ele>1001.8</ele>
      </trkpt>
      <trkpt lat="60.50811" lon="7.91748">
        <ele>1001.0</ele>
      </trkpt>
      <trkpt lat="60.50774" lon="7.91609">
        <ele>1001.2</ele>
      </trkpt>
      <trkpt lat="60.50737" lon="7.91471">
        <ele>1000.1</ele>
      </trkpt>
      <trkpt lat="60.507" lon="7.91333">
        <ele>998.7</ele>
      </trkpt>
      <trkpt lat="60.50681" lon="7.91283">
        <ele>997.7</ele>
      </trkpt>
      <trkpt lat="60.50665" lon="7.91255">
        <ele>996.4</ele>
      </trkpt>
      <trkpt lat="60.50646" lon="7.9123">
        <ele>995.8</ele>
      </trkpt>
      <trkpt lat="60.50621" lon="7.91213">
        <ele>994.8</ele>
      </trkpt>
      <trkpt lat="60.50594" lon="7.91208">
        <ele>993.8</ele>
      </trkpt>
      <trkpt lat="60.50538" lon="7.91203">
        <ele>992.5</ele>
      </trkpt>
      <trkpt lat="60.50519" lon="7.91196">
        <ele>993.7</ele>
      </trkpt>
      <trkpt lat="60.50505" lon="7.91185">
        <ele>995.0</ele>
      </trkpt>
      <trkpt lat="60.50489" lon="7.91167">
        <ele>996.9</ele>
      </trkpt>
      <trkpt lat="60.50475" lon="7.91147">
        <ele>999.3</ele>
      </trkpt>
      <trkpt lat="60.50463" lon="7.91123">
        <ele>1001.2</ele>
      </trkpt>
      <trkpt lat="60.50418" lon="7.90996">
        <ele>1007.6</ele>
      </trkpt>
      <trkpt lat="60.50372" lon="7.9087">
        <ele>1010.1</ele>
      </trkpt>
      <trkpt lat="60.50326" lon="7.90744">
        <ele>1016.1</ele>
      </trkpt>
      <trkpt lat="60.50308" lon="7.90705">
        <ele>1016.0</ele>
      </trkpt>
      <trkpt lat="60.50276" lon="7.90646">
        <ele>1013.3</ele>
      </trkpt>
      <trkpt lat="60.50269" lon="7.90628">
        <ele>1012.1</ele>
      </trkpt>
      <trkpt lat="60.50265" lon="7.90611">
        <ele>1011.7</ele>
      </trkpt>
      <trkpt lat="60.50263" lon="7.90582">
        <ele>1011.7</ele>
      </trkpt>
      <trkpt lat="60.50266" lon="7.90553">
        <ele>1011.9</ele>
      </trkpt>
      <trkpt lat="60.50275" lon="7.90525">
        <ele>1012.2</ele>
      </trkpt>
      <trkpt lat="60.50297" lon="7.90473">
        <ele>1014.8</ele>
      </trkpt>
      <trkpt lat="60.50331" lon="7.90398">
        <ele>1016.7</ele>
      </trkpt>
      <trkpt lat="60.50348" lon="7.90366">
        <ele>1018.5</ele>
      </trkpt>
      <trkpt lat="60.50396" lon="7.90296">
        <ele>1024.9</ele>
      </trkpt>
      <trkpt lat="60.50412" lon="7.90268">
        <ele>1027.7</ele>
      </trkpt>
      <trkpt lat="60.50452" lon="7.90176">
        <ele>1031.9</ele>
      </trkpt>
      <trkpt lat="60.50492" lon="7.90084">
        <ele>1033.8</ele>
      </trkpt>
      <trkpt lat="60.50504" lon="7.90049">
        <ele>1035.6</ele>
      </trkpt>
      <trkpt lat="60.5051" lon="7.90022">
        <ele>1036.3</ele>
      </trkpt>
      <trkpt lat="60.50515" lon="7.89995">
        <ele>1037.2</ele>
      </trkpt>
      <trkpt lat="60.5053" lon="7.89853">
        <ele>1039.6</ele>
      </trkpt>
      <trkpt lat="60.50545" lon="7.89771">
        <ele>1038.7</ele>
      </trkpt>
      <trkpt lat="60.50557" lon="7.89723">
        <ele>1038.3</ele>
      </trkpt>
      <trkpt lat="60.50605" lon="7.89575">
        <ele>1034.9</ele>
      </trkpt>
      <trkpt lat="60.50652" lon="7.89428">
        <ele>1031.7</ele>
      </trkpt>
      <trkpt lat="60.507" lon="7.8928">
        <ele>1029.7</ele>
      </trkpt>
      <trkpt lat="60.50747" lon="7.89133">
        <ele>1030.9</ele>
      </trkpt>
      <trkpt lat="60.50795" lon="7.88985">
        <ele>1031.3</ele>
      </trkpt>
      <trkpt lat="60.50844" lon="7.88834">
        <ele>1029.2</ele>
      </trkpt>
      <trkpt lat="60.50893" lon="7.88683">
        <ele>1028.4</ele>
      </trkpt>
      <trkpt lat="60.50941" lon="7.88532">
        <ele>1027.1</ele>
      </trkpt>
      <trkpt lat="60.5099" lon="7.88381">
        <ele>1024.0</ele>
      </trkpt>
      <trkpt lat="60.51039" lon="7.8823">
        <ele>1022.3</ele>
      </trkpt>
      <trkpt lat="60.51088" lon="7.88079">
        <ele>1022.7</ele>
      </trkpt>
      <trkpt lat="60.51137" lon="7.87928">
        <ele>1020.8</ele>
      </trkpt>
      <trkpt lat="60.51185" lon="7.87777">
        <ele>1019.7</ele>
      </trkpt>
      <trkpt lat="60.512" lon="7.87717">
        <ele>1019.8</ele>
      </trkpt>
      <trkpt lat="60.51207" lon="7.8768">
        <ele>1019.7</ele>
      </trkpt>
      <trkpt lat="60.51209" lon="7.87655">
        <ele>1019.2</ele>
      </trkpt>
      <trkpt lat="60.51215" lon="7.87548">
        <ele>1016.9</ele>
      </trkpt>
      <trkpt lat="60.51221" lon="7.87515">
        <ele>1015.4</ele>
      </trkpt>
      <trkpt lat="60.51233" lon="7.87469">
        <ele>1014.4</ele>
      </trkpt>
      <trkpt lat="60.51263" lon="7.87378">
        <ele>1015.0</ele>
      </trkpt>
      <trkpt lat="60.51282" lon="7.87317">
        <ele>1012.8</ele>
      </trkpt>
      <trkpt lat="60.51303" lon="7.87223">
        <ele>1010.0</ele>
      </trkpt>
      <trkpt lat="60.51328" lon="7.87085">
        <ele>1007.2</ele>
      </trkpt>
      <trkpt lat="60.51352" lon="7.86946">
        <ele>1000.3</ele>
      </trkpt>
      <trkpt lat="60.51377" lon="7.86808">
        <ele>1000.9</ele>
      </trkpt>
      <trkpt lat="60.51381" lon="7.86771">
        <ele>1000.7</ele>
      </trkpt>
      <trkpt lat="60.51381" lon="7.86733">
        <ele>1000.0</ele>
      </trkpt>
      <trkpt lat="60.51377" lon="7.86691">
        <ele>1000.2</ele>
      </trkpt>
      <trkpt lat="60.51371" lon="7.86664">
        <ele>999.7</ele>
      </trkpt>
      <trkpt lat="60.51363" lon="7.86638">
        <ele>999.7</ele>
      </trkpt>
      <trkpt lat="60.51338" lon="7.86586">
        <ele>998.9</ele>
      </trkpt>
      <trkpt lat="60.5129" lon="7.86499">
        <ele>996.4</ele>
      </trkpt>
      <trkpt lat="60.51241" lon="7.86411">
        <ele>989.0</ele>
      </trkpt>
      <trkpt lat="60.51228" lon="7.86384">
        <ele>986.2</ele>
      </trkpt>
      <trkpt lat="60.51218" lon="7.86358">
        <ele>983.8</ele>
      </trkpt>
      <trkpt lat="60.51205" lon="7.86321">
        <ele>980.4</ele>
      </trkpt>
      <trkpt lat="60.51201" lon="7.86301">
        <ele>978.9</ele>
      </trkpt>
      <trkpt lat="60.512" lon="7.86286">
        <ele>977.8</ele>
      </trkpt>
      <trkpt lat="60.51202" lon="7.8627">
        <ele>976.9</ele>
      </trkpt>
      <trkpt lat="60.5121" lon="7.86242">
        <ele>975.5</ele>
      </trkpt>
      <trkpt lat="60.51255" lon="7.86156">
        <ele>971.6</ele>
      </trkpt>
      <trkpt lat="60.51301" lon="7.8607">
        <ele>970.4</ele>
      </trkpt>
      <trkpt lat="60.51325" lon="7.86019">
        <ele>971.2</ele>
      </trkpt>
      <trkpt lat="60.51341" lon="7.85983">
        <ele>971.8</ele>
      </trkpt>
      <trkpt lat="60.5136" lon="7.85929">
        <ele>973.7</ele>
      </trkpt>
      <trkpt lat="60.5139" lon="7.85822">
        <ele>976.8</ele>
      </trkpt>
      <trkpt lat="60.51424" lon="7.85727">
        <ele>980.8</ele>
      </trkpt>
      <trkpt lat="60.51429" lon="7.85704">
        <ele>981.0</ele>
      </trkpt>
      <trkpt lat="60.51431" lon="7.8568">
        <ele>982.0</ele>
      </trkpt>
      <trkpt lat="60.51432" lon="7.85649">
        <ele>982.4</ele>
      </trkpt>
      <trkpt lat="60.51431" lon="7.85601">
        <ele>984.9</ele>
      </trkpt>
      <trkpt lat="60.51428" lon="7.85574">
        <ele>985.8</ele>
      </trkpt>
      <trkpt lat="60.5142" lon="7.85538">
        <ele>989.4</ele>
      </trkpt>
      <trkpt lat="60.51411" lon="7.85519">
        <ele>992.0</ele>
      </trkpt>
      <trkpt lat="60.51346" lon="7.85406">
        <ele>1004.9</ele>
      </trkpt>
      <trkpt lat="60.51305" lon="7.85327">
        <ele>999.2</ele>
      </trkpt>
      <trkpt lat="60.51263" lon="7.85248">
        <ele>987.3</ele>
      </trkpt>
      <trkpt lat="60.51266" lon="7.85238">
        <ele>987.4</ele>
      </trkpt>
      <trkpt lat="60.51265" lon="7.85226">
        <ele>986.8</ele>
      </trkpt>
      <trkpt lat="60.51252" lon="7.85208">
        <ele>984.3</ele>
      </trkpt>
      <trkpt lat="60.51221" lon="7.85175">
        <ele>980.8</ele>
      </trkpt>
      <trkpt lat="60.51229" lon="7.85144">
        <ele>981.2</ele>
      </trkpt>
      <trkpt lat="60.51234" lon="7.85135">
        <ele>981.8</ele>
      </trkpt>
      <trkpt lat="60.51242" lon="7.85128">
        <ele>982.8</ele>
      </trkpt>
      <trkpt lat="60.51273" lon="7.85113">
        <ele>988.1</ele>
      </trkpt>
      <trkpt lat="60.51286" lon="7.85101">
        <ele>990.8</ele>
      </trkpt>
      <trkpt lat="60.51291" lon="7.85093">
        <ele>992.2</ele>
      </trkpt>
      <trkpt lat="60.51308" lon="7.85056">
        <ele>1001.6</ele>
      </trkpt>
      <trkpt lat="60.51313" lon="7.85042">
        <ele>1005.4</ele>
      </trkpt>
      <trkpt lat="60.51314" lon="7.85025">
        <ele>1007.8</ele>
      </trkpt>
      <trkpt lat="60.51309" lon="7.84988">
        <ele>1009.1</ele>
      </trkpt>
      <trkpt lat="60.51295" lon="7.84946">
        <ele>1008.8</ele>
      </trkpt>
      <trkpt lat="60.51285" lon="7.84921">
        <ele>1009.8</ele>
      </trkpt>
      <trkpt lat="60.51238" lon="7.84879">
        <ele>1007.0</ele>
      </trkpt>
      <trkpt lat="60.51228" lon="7.84865">
        <ele>1004.5</ele>
      </trkpt>
      <trkpt lat="60.5122" lon="7.8485">
        <ele>1002.4</ele>
      </trkpt>
      <trkpt lat="60.51175" lon="7.84741">
        <ele>1004.6</ele>
      </trkpt>
      <trkpt lat="60.51153" lon="7.84684">
        <ele>1002.9</ele>
      </trkpt>
      <trkpt lat="60.51149" lon="7.84664">
        <ele>1002.0</ele>
      </trkpt>
      <trkpt lat="60.51138" lon="7.84592">
        <ele>1001.4</ele>
      </trkpt>
      <trkpt lat="60.51131" lon="7.84566">
        <ele>999.7</ele>
      </trkpt>
      <trkpt lat="60.51107" lon="7.84502">
        <ele>995.9</ele>
      </trkpt>
      <trkpt lat="60.5107" lon="7.84406">
        <ele>992.0</ele>
      </trkpt>
      <trkpt lat="60.51052" lon="7.84372">
        <ele>989.6</ele>
      </trkpt>
      <trkpt lat="60.51027" lon="7.84334">
        <ele>986.9</ele>
      </trkpt>
      <trkpt lat="60.51" lon="7.84287">
        <ele>983.5</ele>
      </trkpt>
      <trkpt lat="60.50996" lon="7.84258">
        <ele>983.1</ele>
      </trkpt>
      <trkpt lat="60.51" lon="7.84225">
        <ele>983.6</ele>
      </trkpt>
      <trkpt lat="60.51007" lon="7.84205">
        <ele>984.0</ele>
      </trkpt>
      <trkpt lat="60.51034" lon="7.84165">
        <ele>988.6</ele>
      </trkpt>
      <trkpt lat="60.5105" lon="7.84129">
        <ele>992.4</ele>
      </trkpt>
      <trkpt lat="60.51057" lon="7.84104">
        <ele>995.2</ele>
      </trkpt>
      <trkpt lat="60.51062" lon="7.84066">
        <ele>997.8</ele>
      </trkpt>
      <trkpt lat="60.51069" lon="7.83903">
        <ele>1003.8</ele>
      </trkpt>
      <trkpt lat="60.51069" lon="7.83806">
        <ele>1004.8</ele>
      </trkpt>
      <trkpt lat="60.51072" lon="7.83748">
        <ele>1005.5</ele>
      </trkpt>
      <trkpt lat="60.5107" lon="7.83715">
        <ele>1002.6</ele>
      </trkpt>
      <trkpt lat="60.51061" lon="7.8369">
        <ele>999.9</ele>
      </trkpt>
      <trkpt lat="60.51053" lon="7.83676">
        <ele>997.9</ele>
      </trkpt>
      <trkpt lat="60.51018" lon="7.83629">
        <ele>991.6</ele>
      </trkpt>
      <trkpt lat="60.51014" lon="7.83612">
        <ele>990.5</ele>
      </trkpt>
      <trkpt lat="60.51013" lon="7.83595">
        <ele>989.9</ele>
      </trkpt>
      <trkpt lat="60.51018" lon="7.83561">
        <ele>988.7</ele>
      </trkpt>
      <trkpt lat="60.51023" lon="7.83539">
        <ele>987.5</ele>
      </trkpt>
      <trkpt lat="60.51036" lon="7.83512">
        <ele>986.4</ele>
      </trkpt>
      <trkpt lat="60.51073" lon="7.83468">
        <ele>985.9</ele>
      </trkpt>
      <trkpt lat="60.5114" lon="7.83421">
        <ele>987.5</ele>
      </trkpt>
      <trkpt lat="60.51158" lon="7.83394">
        <ele>987.6</ele>
      </trkpt>
      <trkpt lat="60.51203" lon="7.83284">
        <ele>985.3</ele>
      </trkpt>
      <trkpt lat="60.51229" lon="7.83223">
        <ele>983.6</ele>
      </trkpt>
      <trkpt lat="60.5126" lon="7.83131">
        <ele>980.9</ele>
      </trkpt>
      <trkpt lat="60.51271" lon="7.83116">
        <ele>981.3</ele>
      </trkpt>
      <trkpt lat="60.51288" lon="7.831">
        <ele>981.9</ele>
      </trkpt>
      <trkpt lat="60.51328" lon="7.83051">
        <ele>984.3</ele>
      </trkpt>
      <trkpt lat="60.5136" lon="7.82996">
        <ele>986.6</ele>
      </trkpt>
      <trkpt lat="60.51393" lon="7.82946">
        <ele>991.7</ele>
      </trkpt>
      <trkpt lat="60.5142" lon="7.82892">
        <ele>989.8</ele>
      </trkpt>
      <trkpt lat="60.51465" lon="7.82847">
        <ele>989.7</ele>
      </trkpt>
      <trkpt lat="60.51477" lon="7.8283">
        <ele>989.6</ele>
      </trkpt>
      <trkpt lat="60.51503" lon="7.828">
        <ele>990.3</ele>
      </trkpt>
      <trkpt lat="60.51545" lon="7.82762">
        <ele>993.5</ele>
      </trkpt>
      <trkpt lat="60.51596" lon="7.82697">
        <ele>995.1</ele>
      </trkpt>
      <trkpt lat="60.51668" lon="7.82597">
        <ele>994.7</ele>
      </trkpt>
      <trkpt lat="60.51741" lon="7.82496">
        <ele>994.6</ele>
      </trkpt>
      <trkpt lat="60.51777" lon="7.82407">
        <ele>986.4</ele>
      </trkpt>
      <trkpt lat="60.51789" lon="7.82384">
        <ele>985.5</ele>
      </trkpt>
      <trkpt lat="60.51812" lon="7.8237">
        <ele>986.1</ele>
      </trkpt>
      <trkpt lat="60.51858" lon="7.8235">
        <ele>989.7</ele>
      </trkpt>
      <trkpt lat="60.5187" lon="7.8234">
        <ele>991.1</ele>
      </trkpt>
      <trkpt lat="60.51886" lon="7.82324">
        <ele>992.4</ele>
      </trkpt>
      <trkpt lat="60.51931" lon="7.82269">
        <ele>988.7</ele>
      </trkpt>
      <trkpt lat="60.51952" lon="7.8225">
        <ele>987.1</ele>
      </trkpt>
      <trkpt lat="60.51975" lon="7.82235">
        <ele>986.0</ele>
      </trkpt>
      <trkpt lat="60.51988" lon="7.82235">
        <ele>986.2</ele>
      </trkpt>
      <trkpt lat="60.51996" lon="7.82241">
        <ele>987.4</ele>
      </trkpt>
      <trkpt lat="60.52031" lon="7.82283">
        <ele>993.0</ele>
      </trkpt>
      <trkpt lat="60.52039" lon="7.82286">
        <ele>994.2</ele>
      </trkpt>
      <trkpt lat="60.52054" lon="7.82283">
        <ele>995.7</ele>
      </trkpt>
      <trkpt lat="60.52121" lon="7.82251">
        <ele>995.9</ele>
      </trkpt>
      <trkpt lat="60.52187" lon="7.82219">
        <ele>993.5</ele>
      </trkpt>
      <trkpt lat="60.52269" lon="7.82192">
        <ele>989.9</ele>
      </trkpt>
      <trkpt lat="60.52351" lon="7.82165">
        <ele>993.3</ele>
      </trkpt>
      <trkpt lat="60.52364" lon="7.82157">
        <ele>994.2</ele>
      </trkpt>
      <trkpt lat="60.52386" lon="7.82133">
        <ele>995.2</ele>
      </trkpt>
      <trkpt lat="60.52421" lon="7.82074">
        <ele>995.8</ele>
      </trkpt>
      <trkpt lat="60.52449" lon="7.82021">
        <ele>1001.3</ele>
      </trkpt>
      <trkpt lat="60.52455" lon="7.82015">
        <ele>1002.4</ele>
      </trkpt>
      <trkpt lat="60.52478" lon="7.82007">
        <ele>1006.3</ele>
      </trkpt>
      <trkpt lat="60.525" lon="7.81992">
        <ele>1009.8</ele>
      </trkpt>
      <trkpt lat="60.52525" lon="7.81966">
        <ele>1012.6</ele>
      </trkpt>
      <trkpt lat="60.5256" lon="7.81921">
        <ele>1014.4</ele>
      </trkpt>
      <trkpt lat="60.5257" lon="7.81912">
        <ele>1014.7</ele>
      </trkpt>
      <trkpt lat="60.52599" lon="7.81893">
        <ele>1013.2</ele>
      </trkpt>
      <trkpt lat="60.52626" lon="7.81867">
        <ele>1010.4</ele>
      </trkpt>
      <trkpt lat="60.5266" lon="7.81828">
        <ele>1005.7</ele>
      </trkpt>
      <trkpt lat="60.52685" lon="7.81812">
        <ele>1003.2</ele>
      </trkpt>
      <trkpt lat="60.52704" lon="7.81795">
        <ele>1001.4</ele>
      </trkpt>
      <trkpt lat="60.52736" lon="7.81791">
        <ele>1003.9</ele>
      </trkpt>
      <trkpt lat="60.52743" lon="7.81787">
        <ele>1005.4</ele>
      </trkpt>
      <trkpt lat="60.5276" lon="7.81772">
        <ele>1008.0</ele>
      </trkpt>
      <trkpt lat="60.52785" lon="7.81762">
        <ele>1013.1</ele>
      </trkpt>
      <trkpt lat="60.52793" lon="7.81755">
        <ele>1014.4</ele>
      </trkpt>
      <trkpt lat="60.52804" lon="7.8174">
        <ele>1016.0</ele>
      </trkpt>
      <trkpt lat="60.52852" lon="7.8164">
        <ele>1012.8</ele>
      </trkpt>
      <trkpt lat="60.52872" lon="7.81607">
        <ele>1013.3</ele>
      </trkpt>
      <trkpt lat="60.5288" lon="7.8158">
        <ele>1012.6</ele>
      </trkpt>
      <trkpt lat="60.5289" lon="7.8156">
        <ele>1013.2</ele>
      </trkpt>
      <trkpt lat="60.52936" lon="7.8149">
        <ele>1020.0</ele>
      </trkpt>
      <trkpt lat="60.52965" lon="7.81418">
        <ele>1020.8</ele>
      </trkpt>
      <trkpt lat="60.52985" lon="7.81335">
        <ele>1021.3</ele>
      </trkpt>
      <trkpt lat="60.53005" lon="7.81252">
        <ele>1020.4</ele>
      </trkpt>
      <trkpt lat="60.53018" lon="7.81091">
        <ele>1010.1</ele>
      </trkpt>
      <trkpt lat="60.53025" lon="7.8105">
        <ele>1008.6</ele>
      </trkpt>
      <trkpt lat="60.53041" lon="7.80999">
        <ele>1007.4</ele>
      </trkpt>
      <trkpt lat="60.53056" lon="7.80971">
        <ele>1007.0</ele>
      </trkpt>
      <trkpt lat="60.53075" lon="7.80948">
        <ele>1007.3</ele>
      </trkpt>
      <trkpt lat="60.53101" lon="7.80928">
        <ele>1008.3</ele>
      </trkpt>
      <trkpt lat="60.53138" lon="7.80909">
        <ele>1011.0</ele>
      </trkpt>
      <trkpt lat="60.5315" lon="7.80896">
        <ele>1012.3</ele>
      </trkpt>
      <trkpt lat="60.53154" lon="7.80886">
        <ele>1012.9</ele>
      </trkpt>
      <trkpt lat="60.53157" lon="7.80871">
        <ele>1013.7</ele>
      </trkpt>
      <trkpt lat="60.53158" lon="7.80856">
        <ele>1014.4</ele>
      </trkpt>
      <trkpt lat="60.53151" lon="7.80832">
        <ele>1015.8</ele>
      </trkpt>
      <trkpt lat="60.53126" lon="7.8079">
        <ele>1015.3</ele>
      </trkpt>
      <trkpt lat="60.53116" lon="7.80768">
        <ele>1016.0</ele>
      </trkpt>
      <trkpt lat="60.53113" lon="7.80748">
        <ele>1017.6</ele>
      </trkpt>
      <trkpt lat="60.53114" lon="7.80707">
        <ele>1021.5</ele>
      </trkpt>
      <trkpt lat="60.53113" lon="7.80663">
        <ele>1025.2</ele>
      </trkpt>
      <trkpt lat="60.53105" lon="7.80609">
        <ele>1029.1</ele>
      </trkpt>
      <trkpt lat="60.53098" lon="7.80523">
        <ele>1036.2</ele>
      </trkpt>
      <trkpt lat="60.53095" lon="7.80511">
        <ele>1036.9</ele>
      </trkpt>
      <trkpt lat="60.53087" lon="7.80487">
        <ele>1037.7</ele>
      </trkpt>
      <trkpt lat="60.53074" lon="7.80461">
        <ele>1037.5</ele>
      </trkpt>
      <trkpt lat="60.53049" lon="7.80421">
        <ele>1038.3</ele>
      </trkpt>
      <trkpt lat="60.53005" lon="7.80364">
        <ele>1041.3</ele>
      </trkpt>
      <trkpt lat="60.52962" lon="7.80307">
        <ele>1042.6</ele>
      </trkpt>
      <trkpt lat="60.52955" lon="7.80294">
        <ele>1042.7</ele>
      </trkpt>
      <trkpt lat="60.52948" lon="7.80275">
        <ele>1043.4</ele>
      </trkpt>
      <trkpt lat="60.52936" lon="7.80229">
        <ele>1045.5</ele>
      </trkpt>
      <trkpt lat="60.5292" lon="7.80198">
        <ele>1043.6</ele>
      </trkpt>
      <trkpt lat="60.52917" lon="7.80184">
        <ele>1043.8</ele>
      </trkpt>
      <trkpt lat="60.52913" lon="7.80132">
        <ele>1045.7</ele>
      </trkpt>
      <trkpt lat="60.52913" lon="7.80048">
        <ele>1048.8</ele>
      </trkpt>
      <trkpt lat="60.52916" lon="7.79937">
        <ele>1051.2</ele>
      </trkpt>
      <trkpt lat="60.5292" lon="7.79825">
        <ele>1052.5</ele>
      </trkpt>
      <trkpt lat="60.52924" lon="7.79643">
        <ele>1060.8</ele>
      </trkpt>
      <trkpt lat="60.52928" lon="7.79461">
        <ele>1061.6</ele>
      </trkpt>
      <trkpt lat="60.52927" lon="7.79447">
        <ele>1060.0</ele>
      </trkpt>
      <trkpt lat="60.52924" lon="7.79429">
        <ele>1057.5</ele>
      </trkpt>
      <trkpt lat="60.52917" lon="7.79405">
        <ele>1054.7</ele>
      </trkpt>
      <trkpt lat="60.52914" lon="7.79385">
        <ele>1053.3</ele>
      </trkpt>
      <trkpt lat="60.52914" lon="7.79355">
        <ele>1053.5</ele>
      </trkpt>
      <trkpt lat="60.52918" lon="7.79332">
        <ele>1054.7</ele>
      </trkpt>
      <trkpt lat="60.52944" lon="7.79281">
        <ele>1057.8</ele>
      </trkpt>
      <trkpt lat="60.52964" lon="7.79196">
        <ele>1058.7</ele>
      </trkpt>
      <trkpt lat="60.52984" lon="7.79112">
        <ele>1059.3</ele>
      </trkpt>
      <trkpt lat="60.52988" lon="7.791">
        <ele>1059.4</ele>
      </trkpt>
      <trkpt lat="60.52999" lon="7.79085">
        <ele>1060.4</ele>
      </trkpt>
      <trkpt lat="60.53013" lon="7.79044">
        <ele>1060.9</ele>
      </trkpt>
      <trkpt lat="60.53044" lon="7.78938">
        <ele>1061.0</ele>
      </trkpt>
      <trkpt lat="60.53053" lon="7.78898">
        <ele>1062.4</ele>
      </trkpt>
      <trkpt lat="60.53077" lon="7.7882">
        <ele>1060.9</ele>
      </trkpt>
      <trkpt lat="60.53102" lon="7.78743">
        <ele>1055.2</ele>
      </trkpt>
      <trkpt lat="60.5311" lon="7.78705">
        <ele>1054.2</ele>
      </trkpt>
      <trkpt lat="60.53113" lon="7.78641">
        <ele>1051.5</ele>
      </trkpt>
      <trkpt lat="60.53119" lon="7.78618">
        <ele>1050.5</ele>
      </trkpt>
      <trkpt lat="60.53164" lon="7.78508">
        <ele>1050.2</ele>
      </trkpt>
      <trkpt lat="60.53209" lon="7.78398">
        <ele>1049.9</ele>
      </trkpt>
      <trkpt lat="60.53233" lon="7.78347">
        <ele>1051.5</ele>
      </trkpt>
      <trkpt lat="60.53262" lon="7.78293">
        <ele>1053.8</ele>
      </trkpt>
      <trkpt lat="60.53284" lon="7.78247">
        <ele>1053.7</ele>
      </trkpt>
      <trkpt lat="60.53308" lon="7.7819">
        <ele>1055.0</ele>
      </trkpt>
      <trkpt lat="60.53314" lon="7.78166">
        <ele>1054.3</ele>
      </trkpt>
      <trkpt lat="60.53343" lon="7.78114">
        <ele>1056.4</ele>
      </trkpt>
      <trkpt lat="60.53376" lon="7.7802">
        <ele>1059.3</ele>
      </trkpt>
      <trkpt lat="60.534" lon="7.77954">
        <ele>1060.3</ele>
      </trkpt>
      <trkpt lat="60.53419" lon="7.7792">
        <ele>1061.0</ele>
      </trkpt>
      <trkpt lat="60.53441" lon="7.77884">
        <ele>1063.3</ele>
      </trkpt>
      <trkpt lat="60.53458" lon="7.7785">
        <ele>1064.1</ele>
      </trkpt>
      <trkpt lat="60.53474" lon="7.77801">
        <ele>1065.7</ele>
      </trkpt>
      <trkpt lat="60.53485" lon="7.77754">
        <ele>1065.4</ele>
      </trkpt>
      <trkpt lat="60.53499" lon="7.77629">
        <ele>1063.6</ele>
      </trkpt>
      <trkpt lat="60.53508" lon="7.7757">
        <ele>1060.4</ele>
      </trkpt>
      <trkpt lat="60.53531" lon="7.77465">
        <ele>1061.5</ele>
      </trkpt>
      <trkpt lat="60.53555" lon="7.7736">
        <ele>1059.9</ele>
      </trkpt>
      <trkpt lat="60.53604" lon="7.77234">
        <ele>1057.2</ele>
      </trkpt>
      <trkpt lat="60.5362" lon="7.77182">
        <ele>1056.0</ele>
      </trkpt>
      <trkpt lat="60.53636" lon="7.77087">
        <ele>1055.4</ele>
      </trkpt>
      <trkpt lat="60.53651" lon="7.76992">
        <ele>1055.0</ele>
      </trkpt>
      <trkpt lat="60.53658" lon="7.76961">
        <ele>1054.8</ele>
      </trkpt>
      <trkpt lat="60.53669" lon="7.76883">
        <ele>1052.5</ele>
      </trkpt>
      <trkpt lat="60.53674" lon="7.76865">
        <ele>1052.1</ele>
      </trkpt>
      <trkpt lat="60.53692" lon="7.76825">
        <ele>1051.7</ele>
      </trkpt>
      <trkpt lat="60.53751" lon="7.76725">
        <ele>1052.2</ele>
      </trkpt>
      <trkpt lat="60.53795" lon="7.76673">
        <ele>1055.9</ele>
      </trkpt>
      <trkpt lat="60.53838" lon="7.76621">
        <ele>1057.2</ele>
      </trkpt>
      <trkpt lat="60.53876" lon="7.76561">
        <ele>1056.2</ele>
      </trkpt>
      <trkpt lat="60.53949" lon="7.76464">
        <ele>1054.1</ele>
      </trkpt>
      <trkpt lat="60.54026" lon="7.76386">
        <ele>1045.3</ele>
      </trkpt>
      <trkpt lat="60.54035" lon="7.76379">
        <ele>1044.6</ele>
      </trkpt>
      <trkpt lat="60.54044" lon="7.76375">
        <ele>1043.9</ele>
      </trkpt>
      <trkpt lat="60.54095" lon="7.76366">
        <ele>1043.0</ele>
      </trkpt>
      <trkpt lat="60.54146" lon="7.76357">
        <ele>1043.3</ele>
      </trkpt>
      <trkpt lat="60.54186" lon="7.76347">
        <ele>1045.6</ele>
      </trkpt>
      <trkpt lat="60.54199" lon="7.7634">
        <ele>1047.0</ele>
      </trkpt>
      <trkpt lat="60.54258" lon="7.76284">
        <ele>1054.1</ele>
      </trkpt>
      <trkpt lat="60.54316" lon="7.76228">
        <ele>1053.5</ele>
      </trkpt>
      <trkpt lat="60.54328" lon="7.76217">
        <ele>1053.1</ele>
      </trkpt>
      <trkpt lat="60.54346" lon="7.76189">
        <ele>1051.8</ele>
      </trkpt>
      <trkpt lat="60.5439" lon="7.76104">
        <ele>1048.6</ele>
      </trkpt>
      <trkpt lat="60.54435" lon="7.76018">
        <ele>1055.5</ele>
      </trkpt>
      <trkpt lat="60.54479" lon="7.75933">
        <ele>1058.6</ele>
      </trkpt>
      <trkpt lat="60.54519" lon="7.75776">
        <ele>1052.9</ele>
      </trkpt>
      <trkpt lat="60.54555" lon="7.75693">
        <ele>1048.9</ele>
      </trkpt>
      <trkpt lat="60.54564" lon="7.75679">
        <ele>1048.8</ele>
      </trkpt>
      <trkpt lat="60.54574" lon="7.75671">
        <ele>1049.3</ele>
      </trkpt>
      <trkpt lat="60.5463" lon="7.75645">
        <ele>1051.2</ele>
      </trkpt>
      <trkpt lat="60.54652" lon="7.75641">
        <ele>1052.0</ele>
      </trkpt>
      <trkpt lat="60.54693" lon="7.75672">
        <ele>1053.7</ele>
      </trkpt>
      <trkpt lat="60.547" lon="7.75672">
        <ele>1053.7</ele>
      </trkpt>
      <trkpt lat="60.54726" lon="7.7566">
        <ele>1052.6</ele>
      </trkpt>
      <trkpt lat="60.54741" lon="7.75664">
        <ele>1052.3</ele>
      </trkpt>
      <trkpt lat="60.54813" lon="7.75711">
        <ele>1053.9</ele>
      </trkpt>
      <trkpt lat="60.54836" lon="7.75708">
        <ele>1055.2</ele>
      </trkpt>
      <trkpt lat="60.54857" lon="7.75685">
        <ele>1056.3</ele>
      </trkpt>
      <trkpt lat="60.54905" lon="7.75597">
        <ele>1059.3</ele>
      </trkpt>
      <trkpt lat="60.54929" lon="7.75547">
        <ele>1060.2</ele>
      </trkpt>
      <trkpt lat="60.54941" lon="7.75511">
        <ele>1060.4</ele>
      </trkpt>
      <trkpt lat="60.54976" lon="7.75396">
        <ele>1060.3</ele>
      </trkpt>
      <trkpt lat="60.55011" lon="7.7528">
        <ele>1062.2</ele>
      </trkpt>
      <trkpt lat="60.55045" lon="7.75164">
        <ele>1063.5</ele>
      </trkpt>
      <trkpt lat="60.55082" lon="7.75061">
        <ele>1068.7</ele>
      </trkpt>
      <trkpt lat="60.55087" lon="7.75037">
        <ele>1068.9</ele>
      </trkpt>
      <trkpt lat="60.55086" lon="7.75009">
        <ele>1068.9</ele>
      </trkpt>
      <trkpt lat="60.55083" lon="7.74987">
        <ele>1069.0</ele>
      </trkpt>
      <trkpt lat="60.5508" lon="7.74969">
        <ele>1069.0</ele>
      </trkpt>
      <trkpt lat="60.55073" lon="7.74898">
        <ele>1069.3</ele>
      </trkpt>
      <trkpt lat="60.55062" lon="7.74741">
        <ele>1074.1</ele>
      </trkpt>
      <trkpt lat="60.55051" lon="7.74585">
        <ele>1074.7</ele>
      </trkpt>
      <trkpt lat="60.55052" lon="7.74556">
        <ele>1074.9</ele>
      </trkpt>
      <trkpt lat="60.55055" lon="7.74529">
        <ele>1075.4</ele>
      </trkpt>
      <trkpt lat="60.55064" lon="7.74493">
        <ele>1077.0</ele>
      </trkpt>
      <trkpt lat="60.55068" lon="7.74468">
        <ele>1078.4</ele>
      </trkpt>
      <trkpt lat="60.55066" lon="7.74343">
        <ele>1080.7</ele>
      </trkpt>
      <trkpt lat="60.55064" lon="7.74218">
        <ele>1087.0</ele>
      </trkpt>
      <trkpt lat="60.55062" lon="7.74198">
        <ele>1087.8</ele>
      </trkpt>
      <trkpt lat="60.55057" lon="7.74167">
        <ele>1088.2</ele>
      </trkpt>
      <trkpt lat="60.55054" lon="7.74084">
        <ele>1090.9</ele>
      </trkpt>
      <trkpt lat="60.55046" lon="7.74005">
        <ele>1090.2</ele>
      </trkpt>
      <trkpt lat="60.55038" lon="7.73907">
        <ele>1089.9</ele>
      </trkpt>
      <trkpt lat="60.55031" lon="7.73809">
        <ele>1091.1</ele>
      </trkpt>
      <trkpt lat="60.55027" lon="7.73787">
        <ele>1090.5</ele>
      </trkpt>
      <trkpt lat="60.55021" lon="7.73761">
        <ele>1089.9</ele>
      </trkpt>
      <trkpt lat="60.55017" lon="7.73739">
        <ele>1089.6</ele>
      </trkpt>
      <trkpt lat="60.55009" lon="7.73599">
        <ele>1093.8</ele>
      </trkpt>
      <trkpt lat="60.54999" lon="7.73501">
        <ele>1092.0</ele>
      </trkpt>
      <trkpt lat="60.54982" lon="7.73349">
        <ele>1092.1</ele>
      </trkpt>
      <trkpt lat="60.54972" lon="7.73207">
        <ele>1092.0</ele>
      </trkpt>
      <trkpt lat="60.54966" lon="7.7311">
        <ele>1092.1</ele>
      </trkpt>
      <trkpt lat="60.54964" lon="7.73016">
        <ele>1094.3</ele>
      </trkpt>
      <trkpt lat="60.54962" lon="7.72964">
        <ele>1097.1</ele>
      </trkpt>
      <trkpt lat="60.5496" lon="7.72952">
        <ele>1097.7</ele>
      </trkpt>
      <trkpt lat="60.54955" lon="7.72931">
        <ele>1098.7</ele>
      </trkpt>
      <trkpt lat="60.54952" lon="7.72883">
        <ele>1104.8</ele>
      </trkpt>
      <trkpt lat="60.54948" lon="7.7287">
        <ele>1106.7</ele>
      </trkpt>
      <trkpt lat="60.54943" lon="7.72863">
        <ele>1107.6</ele>
      </trkpt>
      <trkpt lat="60.54935" lon="7.72855">
        <ele>1108.1</ele>
      </trkpt>
      <trkpt lat="60.54919" lon="7.72847">
        <ele>1108.2</ele>
      </trkpt>
      <trkpt lat="60.54873" lon="7.72835">
        <ele>1108.2</ele>
      </trkpt>
      <trkpt lat="60.54853" lon="7.72826">
        <ele>1109.4</ele>
      </trkpt>
      <trkpt lat="60.54823" lon="7.72793">
        <ele>1112.9</ele>
      </trkpt>
      <trkpt lat="60.54795" lon="7.7275">
        <ele>1116.5</ele>
      </trkpt>
      <trkpt lat="60.54787" lon="7.7273">
        <ele>1118.1</ele>
      </trkpt>
      <trkpt lat="60.54778" lon="7.727">
        <ele>1119.0</ele>
      </trkpt>
      <trkpt lat="60.5474" lon="7.72588">
        <ele>1122.0</ele>
      </trkpt>
      <trkpt lat="60.54702" lon="7.72475">
        <ele>1127.0</ele>
      </trkpt>
      <trkpt lat="60.54678" lon="7.72396">
        <ele>1127.4</ele>
      </trkpt>
      <trkpt lat="60.5467" lon="7.72334">
        <ele>1128.4</ele>
      </trkpt>
      <trkpt lat="60.54663" lon="7.72257">
        <ele>1126.8</ele>
      </trkpt>
      <trkpt lat="60.54661" lon="7.72182">
        <ele>1123.0</ele>
      </trkpt>
      <trkpt lat="60.54666" lon="7.72092">
        <ele>1120.6</ele>
      </trkpt>
      <trkpt lat="60.54661" lon="7.72031">
        <ele>1117.8</ele>
      </trkpt>
      <trkpt lat="60.54664" lon="7.71993">
        <ele>1118.6</ele>
      </trkpt>
      <trkpt lat="60.54664" lon="7.71959">
        <ele>1119.2</ele>
      </trkpt>
      <trkpt lat="60.54655" lon="7.7184">
        <ele>1112.4</ele>
      </trkpt>
      <trkpt lat="60.54659" lon="7.71819">
        <ele>1112.7</ele>
      </trkpt>
      <trkpt lat="60.54666" lon="7.71787">
        <ele>1114.1</ele>
      </trkpt>
      <trkpt lat="60.54671" lon="7.71775">
        <ele>1115.6</ele>
      </trkpt>
      <trkpt lat="60.54695" lon="7.71753">
        <ele>1126.2</ele>
      </trkpt>
      <trkpt lat="60.54703" lon="7.71735">
        <ele>1129.9</ele>
      </trkpt>
      <trkpt lat="60.54703" lon="7.71654">
        <ele>1124.6</ele>
      </trkpt>
      <trkpt lat="60.54705" lon="7.71634">
        <ele>1124.1</ele>
      </trkpt>
      <trkpt lat="60.54714" lon="7.71593">
        <ele>1125.8</ele>
      </trkpt>
      <trkpt lat="60.54717" lon="7.71557">
        <ele>1125.0</ele>
      </trkpt>
      <trkpt lat="60.54713" lon="7.71495">
        <ele>1119.1</ele>
      </trkpt>
      <trkpt lat="60.54712" lon="7.71467">
        <ele>1117.5</ele>
      </trkpt>
      <trkpt lat="60.54713" lon="7.7143">
        <ele>1116.5</ele>
      </trkpt>
      <trkpt lat="60.54717" lon="7.71369">
        <ele>1116.4</ele>
      </trkpt>
      <trkpt lat="60.54717" lon="7.7123">
        <ele>1116.9</ele>
      </trkpt>
      <trkpt lat="60.54719" lon="7.71211">
        <ele>1117.3</ele>
      </trkpt>
      <trkpt lat="60.54726" lon="7.71179">
        <ele>1118.7</ele>
      </trkpt>
      <trkpt lat="60.54742" lon="7.71126">
        <ele>1117.0</ele>
      </trkpt>
      <trkpt lat="60.54748" lon="7.71103">
        <ele>1116.1</ele>
      </trkpt>
      <trkpt lat="60.5475" lon="7.71086">
        <ele>1114.8</ele>
      </trkpt>
      <trkpt lat="60.54753" lon="7.71047">
        <ele>1112.4</ele>
      </trkpt>
      <trkpt lat="60.5475" lon="7.70962">
        <ele>1108.6</ele>
      </trkpt>
      <trkpt lat="60.5475" lon="7.70946">
        <ele>1108.1</ele>
      </trkpt>
      <trkpt lat="60.54761" lon="7.70849">
        <ele>1108.0</ele>
      </trkpt>
      <trkpt lat="60.54771" lon="7.70753">
        <ele>1107.3</ele>
      </trkpt>
      <trkpt lat="60.54784" lon="7.70641">
        <ele>1108.7</ele>
      </trkpt>
      <trkpt lat="60.54786" lon="7.70598">
        <ele>1108.8</ele>
      </trkpt>
      <trkpt lat="60.54786" lon="7.70553">
        <ele>1108.8</ele>
      </trkpt>
      <trkpt lat="60.54782" lon="7.70449">
        <ele>1108.0</ele>
      </trkpt>
      <trkpt lat="60.54775" lon="7.70349">
        <ele>1107.0</ele>
      </trkpt>
      <trkpt lat="60.54773" lon="7.70282">
        <ele>1106.7</ele>
      </trkpt>
      <trkpt lat="60.54775" lon="7.70211">
        <ele>1106.6</ele>
      </trkpt>
      <trkpt lat="60.54785" lon="7.70076">
        <ele>1105.2</ele>
      </trkpt>
      <trkpt lat="60.54795" lon="7.69941">
        <ele>1106.9</ele>
      </trkpt>
      <trkpt lat="60.548" lon="7.69766">
        <ele>1118.5</ele>
      </trkpt>
      <trkpt lat="60.54805" lon="7.6959">
        <ele>1123.2</ele>
      </trkpt>
      <trkpt lat="60.54811" lon="7.69415">
        <ele>1117.5</ele>
      </trkpt>
      <trkpt lat="60.54818" lon="7.69352">
        <ele>1118.6</ele>
      </trkpt>
      <trkpt lat="60.54823" lon="7.69332">
        <ele>1119.6</ele>
      </trkpt>
      <trkpt lat="60.54845" lon="7.69222">
        <ele>1124.6</ele>
      </trkpt>
      <trkpt lat="60.54867" lon="7.69112">
        <ele>1131.4</ele>
      </trkpt>
      <trkpt lat="60.54882" lon="7.69021">
        <ele>1132.3</ele>
      </trkpt>
      <trkpt lat="60.54898" lon="7.68952">
        <ele>1132.1</ele>
      </trkpt>
      <trkpt lat="60.54904" lon="7.68933">
        <ele>1132.3</ele>
      </trkpt>
      <trkpt lat="60.54924" lon="7.6889">
        <ele>1133.2</ele>
      </trkpt>
      <trkpt lat="60.54958" lon="7.68809">
        <ele>1132.2</ele>
      </trkpt>
      <trkpt lat="60.54992" lon="7.68729">
        <ele>1130.5</ele>
      </trkpt>
      <trkpt lat="60.55022" lon="7.68649">
        <ele>1128.3</ele>
      </trkpt>
      <trkpt lat="60.55052" lon="7.68569">
        <ele>1127.9</ele>
      </trkpt>
      <trkpt lat="60.55068" lon="7.68514">
        <ele>1128.6</ele>
      </trkpt>
      <trkpt lat="60.5508" lon="7.68455">
        <ele>1129.7</ele>
      </trkpt>
      <trkpt lat="60.55104" lon="7.68303">
        <ele>1130.0</ele>
      </trkpt>
      <trkpt lat="60.55104" lon="7.68182">
        <ele>1122.5</ele>
      </trkpt>
      <trkpt lat="60.55107" lon="7.68163">
        <ele>1122.5</ele>
      </trkpt>
      <trkpt lat="60.55112" lon="7.68138">
        <ele>1122.4</ele>
      </trkpt>
      <trkpt lat="60.55128" lon="7.68079">
        <ele>1122.8</ele>
      </trkpt>
      <trkpt lat="60.55136" lon="7.68059">
        <ele>1123.4</ele>
      </trkpt>
      <trkpt lat="60.55138" lon="7.68045">
        <ele>1123.5</ele>
      </trkpt>
      <trkpt lat="60.55137" lon="7.68032">
        <ele>1122.9</ele>
      </trkpt>
      <trkpt lat="60.55127" lon="7.67988">
        <ele>1121.1</ele>
      </trkpt>
      <trkpt lat="60.55125" lon="7.67975">
        <ele>1120.6</ele>
      </trkpt>
      <trkpt lat="60.55127" lon="7.67958">
        <ele>1120.1</ele>
      </trkpt>
      <trkpt lat="60.55133" lon="7.6794">
        <ele>1120.4</ele>
      </trkpt>
      <trkpt lat="60.55147" lon="7.67909">
        <ele>1120.8</ele>
      </trkpt>
      <trkpt lat="60.55158" lon="7.67893">
        <ele>1120.6</ele>
      </trkpt>
      <trkpt lat="60.55168" lon="7.67888">
        <ele>1120.4</ele>
      </trkpt>
      <trkpt lat="60.55176" lon="7.67889">
        <ele>1120.3</ele>
      </trkpt>
      <trkpt lat="60.55194" lon="7.67879">
        <ele>1120.1</ele>
      </trkpt>
      <trkpt lat="60.55228" lon="7.67794">
        <ele>1119.6</ele>
      </trkpt>
      <trkpt lat="60.55262" lon="7.67709">
        <ele>1122.9</ele>
      </trkpt>
      <trkpt lat="60.55275" lon="7.67673">
        <ele>1124.5</ele>
      </trkpt>
      <trkpt lat="60.55313" lon="7.67541">
        <ele>1127.5</ele>
      </trkpt>
      <trkpt lat="60.55332" lon="7.67498">
        <ele>1126.6</ele>
      </trkpt>
      <trkpt lat="60.5537" lon="7.67423">
        <ele>1125.4</ele>
      </trkpt>
      <trkpt lat="60.55388" lon="7.67394">
        <ele>1125.0</ele>
      </trkpt>
      <trkpt lat="60.55403" lon="7.67376">
        <ele>1125.0</ele>
      </trkpt>
      <trkpt lat="60.55414" lon="7.67368">
        <ele>1124.9</ele>
      </trkpt>
      <trkpt lat="60.55468" lon="7.67342">
        <ele>1123.6</ele>
      </trkpt>
      <trkpt lat="60.5548" lon="7.67333">
        <ele>1123.0</ele>
      </trkpt>
      <trkpt lat="60.55531" lon="7.6727">
        <ele>1120.1</ele>
      </trkpt>
      <trkpt lat="60.55582" lon="7.67208">
        <ele>1118.9</ele>
      </trkpt>
      <trkpt lat="60.55617" lon="7.67163">
        <ele>1119.1</ele>
      </trkpt>
      <trkpt lat="60.55632" lon="7.67138">
        <ele>1118.9</ele>
      </trkpt>
      <trkpt lat="60.55655" lon="7.67079">
        <ele>1118.0</ele>
      </trkpt>
      <trkpt lat="60.55675" lon="7.67035">
        <ele>1117.0</ele>
      </trkpt>
      <trkpt lat="60.55702" lon="7.66991">
        <ele>1116.7</ele>
      </trkpt>
      <trkpt lat="60.55737" lon="7.66923">
        <ele>1117.8</ele>
      </trkpt>
      <trkpt lat="60.55793" lon="7.668">
        <ele>1122.2</ele>
      </trkpt>
      <trkpt lat="60.55817" lon="7.66751">
        <ele>1124.2</ele>
      </trkpt>
      <trkpt lat="60.55833" lon="7.66722">
        <ele>1126.2</ele>
      </trkpt>
      <trkpt lat="60.55859" lon="7.66684">
        <ele>1129.2</ele>
      </trkpt>
      <trkpt lat="60.55867" lon="7.66665">
        <ele>1130.2</ele>
      </trkpt>
      <trkpt lat="60.55872" lon="7.6663">
        <ele>1129.7</ele>
      </trkpt>
      <trkpt lat="60.55873" lon="7.66607">
        <ele>1129.7</ele>
      </trkpt>
      <trkpt lat="60.55874" lon="7.66489">
        <ele>1129.8</ele>
      </trkpt>
      <trkpt lat="60.55864" lon="7.66356">
        <ele>1136.2</ele>
      </trkpt>
      <trkpt lat="60.55855" lon="7.6628">
        <ele>1136.8</ele>
      </trkpt>
      <trkpt lat="60.5583" lon="7.66193">
        <ele>1138.3</ele>
      </trkpt>
      <trkpt lat="60.55807" lon="7.66132">
        <ele>1139.4</ele>
      </trkpt>
      <trkpt lat="60.55795" lon="7.66106">
        <ele>1137.6</ele>
      </trkpt>
      <trkpt lat="60.55747" lon="7.66022">
        <ele>1135.3</ele>
      </trkpt>
      <trkpt lat="60.55729" lon="7.65981">
        <ele>1135.7</ele>
      </trkpt>
      <trkpt lat="60.55724" lon="7.65947">
        <ele>1135.6</ele>
      </trkpt>
      <trkpt lat="60.55722" lon="7.65921">
        <ele>1135.7</ele>
      </trkpt>
      <trkpt lat="60.55721" lon="7.65816">
        <ele>1135.4</ele>
      </trkpt>
      <trkpt lat="60.55719" lon="7.65712">
        <ele>1136.0</ele>
      </trkpt>
      <trkpt lat="60.55709" lon="7.65583">
        <ele>1139.6</ele>
      </trkpt>
      <trkpt lat="60.55698" lon="7.65455">
        <ele>1139.3</ele>
      </trkpt>
      <trkpt lat="60.55695" lon="7.65436">
        <ele>1139.0</ele>
      </trkpt>
      <trkpt lat="60.55666" lon="7.65315">
        <ele>1135.9</ele>
      </trkpt>
      <trkpt lat="60.55636" lon="7.65193">
        <ele>1133.4</ele>
      </trkpt>
      <trkpt lat="60.5563" lon="7.65159">
        <ele>1133.3</ele>
      </trkpt>
      <trkpt lat="60.55615" lon="7.64994">
        <ele>1135.5</ele>
      </trkpt>
      <trkpt lat="60.55614" lon="7.64941">
        <ele>1136.0</ele>
      </trkpt>
      <trkpt lat="60.55616" lon="7.64869">
        <ele>1135.9</ele>
      </trkpt>
      <trkpt lat="60.55626" lon="7.64808">
        <ele>1133.7</ele>
      </trkpt>
      <trkpt lat="60.55642" lon="7.64744">
        <ele>1130.1</ele>
      </trkpt>
      <trkpt lat="60.55657" lon="7.64703">
        <ele>1128.4</ele>
      </trkpt>
      <trkpt lat="60.55707" lon="7.64597">
        <ele>1130.8</ele>
      </trkpt>
      <trkpt lat="60.55742" lon="7.64522">
        <ele>1133.1</ele>
      </trkpt>
      <trkpt lat="60.55778" lon="7.64459">
        <ele>1137.0</ele>
      </trkpt>
      <trkpt lat="60.55794" lon="7.64433">
        <ele>1138.8</ele>
      </trkpt>
      <trkpt lat="60.55799" lon="7.64423">
        <ele>1140.4</ele>
      </trkpt>
      <trkpt lat="60.55802" lon="7.64409">
        <ele>1141.4</ele>
      </trkpt>
      <trkpt lat="60.55806" lon="7.64386">
        <ele>1143.2</ele>
      </trkpt>
      <trkpt lat="60.55809" lon="7.64288">
        <ele>1145.7</ele>
      </trkpt>
      <trkpt lat="60.55813" lon="7.64251">
        <ele>1147.3</ele>
      </trkpt>
      <trkpt lat="60.55807" lon="7.64187">
        <ele>1146.4</ele>
      </trkpt>
      <trkpt lat="60.55801" lon="7.64095">
        <ele>1146.1</ele>
      </trkpt>
      <trkpt lat="60.55785" lon="7.63977">
        <ele>1141.7</ele>
      </trkpt>
      <trkpt lat="60.55782" lon="7.63927">
        <ele>1141.0</ele>
      </trkpt>
      <trkpt lat="60.55777" lon="7.63901">
        <ele>1140.3</ele>
      </trkpt>
      <trkpt lat="60.55777" lon="7.63828">
        <ele>1142.8</ele>
      </trkpt>
      <trkpt lat="60.55767" lon="7.63773">
        <ele>1142.5</ele>
      </trkpt>
      <trkpt lat="60.55764" lon="7.6375">
        <ele>1142.5</ele>
      </trkpt>
      <trkpt lat="60.55763" lon="7.63721">
        <ele>1143.3</ele>
      </trkpt>
      <trkpt lat="60.55766" lon="7.63668">
        <ele>1147.5</ele>
      </trkpt>
      <trkpt lat="60.55766" lon="7.63651">
        <ele>1148.3</ele>
      </trkpt>
      <trkpt lat="60.55763" lon="7.63631">
        <ele>1148.3</ele>
      </trkpt>
      <trkpt lat="60.55754" lon="7.6361">
        <ele>1146.7</ele>
      </trkpt>
      <trkpt lat="60.55703" lon="7.63508">
        <ele>1142.7</ele>
      </trkpt>
      <trkpt lat="60.55652" lon="7.63407">
        <ele>1145.0</ele>
      </trkpt>
      <trkpt lat="60.55644" lon="7.63377">
        <ele>1143.5</ele>
      </trkpt>
      <trkpt lat="60.55636" lon="7.6333">
        <ele>1142.8</ele>
      </trkpt>
      <trkpt lat="60.55623" lon="7.63211">
        <ele>1142.8</ele>
      </trkpt>
      <trkpt lat="60.55604" lon="7.63108">
        <ele>1142.1</ele>
      </trkpt>
      <trkpt lat="60.55586" lon="7.63005">
        <ele>1139.8</ele>
      </trkpt>
      <trkpt lat="60.55583" lon="7.62981">
        <ele>1139.5</ele>
      </trkpt>
      <trkpt lat="60.55581" lon="7.6293">
        <ele>1139.7</ele>
      </trkpt>
      <trkpt lat="60.55583" lon="7.62899">
        <ele>1139.2</ele>
      </trkpt>
      <trkpt lat="60.55584" lon="7.62887">
        <ele>1139.0</ele>
      </trkpt>
      <trkpt lat="60.55583" lon="7.62876">
        <ele>1138.9</ele>
      </trkpt>
      <trkpt lat="60.55581" lon="7.6287">
        <ele>1138.8</ele>
      </trkpt>
      <trkpt lat="60.55576" lon="7.62865">
        <ele>1138.6</ele>
      </trkpt>
      <trkpt lat="60.55568" lon="7.62854">
        <ele>1138.3</ele>
      </trkpt>
      <trkpt lat="60.55563" lon="7.62839">
        <ele>1138.1</ele>
      </trkpt>
      <trkpt lat="60.55563" lon="7.62826">
        <ele>1138.2</ele>
      </trkpt>
      <trkpt lat="60.55566" lon="7.62799">
        <ele>1139.3</ele>
      </trkpt>
      <trkpt lat="60.55572" lon="7.62768">
        <ele>1140.4</ele>
      </trkpt>
      <trkpt lat="60.55574" lon="7.62743">
        <ele>1140.0</ele>
      </trkpt>
      <trkpt lat="60.55567" lon="7.62579">
        <ele>1139.5</ele>
      </trkpt>
      <trkpt lat="60.55558" lon="7.62524">
        <ele>1140.2</ele>
      </trkpt>
      <trkpt lat="60.55522" lon="7.62412">
        <ele>1139.8</ele>
      </trkpt>
      <trkpt lat="60.55512" lon="7.62383">
        <ele>1139.6</ele>
      </trkpt>
      <trkpt lat="60.55504" lon="7.62342">
        <ele>1139.5</ele>
      </trkpt>
      <trkpt lat="60.55491" lon="7.62247">
        <ele>1141.0</ele>
      </trkpt>
      <trkpt lat="60.55479" lon="7.62153">
        <ele>1142.2</ele>
      </trkpt>
      <trkpt lat="60.55479" lon="7.61987">
        <ele>1141.6</ele>
      </trkpt>
      <trkpt lat="60.55475" lon="7.61976">
        <ele>1141.5</ele>
      </trkpt>
      <trkpt lat="60.5547" lon="7.61972">
        <ele>1141.5</ele>
      </trkpt>
      <trkpt lat="60.55457" lon="7.61972">
        <ele>1141.4</ele>
      </trkpt>
      <trkpt lat="60.55451" lon="7.61969">
        <ele>1141.4</ele>
      </trkpt>
      <trkpt lat="60.55446" lon="7.61959">
        <ele>1141.3</ele>
      </trkpt>
      <trkpt lat="60.55445" lon="7.61943">
        <ele>1141.3</ele>
      </trkpt>
      <trkpt lat="60.55447" lon="7.61873">
        <ele>1141.8</ele>
      </trkpt>
      <trkpt lat="60.55445" lon="7.61837">
        <ele>1141.6</ele>
      </trkpt>
      <trkpt lat="60.55429" lon="7.61711">
        <ele>1139.9</ele>
      </trkpt>
      <trkpt lat="60.55411" lon="7.61591">
        <ele>1138.7</ele>
      </trkpt>
      <trkpt lat="60.55407" lon="7.61456">
        <ele>1138.2</ele>
      </trkpt>
      <trkpt lat="60.55408" lon="7.61386">
        <ele>1138.2</ele>
      </trkpt>
      <trkpt lat="60.55419" lon="7.61284">
        <ele>1138.4</ele>
      </trkpt>
      <trkpt lat="60.55433" lon="7.61176">
        <ele>1137.9</ele>
      </trkpt>
      <trkpt lat="60.55447" lon="7.61069">
        <ele>1136.6</ele>
      </trkpt>
      <trkpt lat="60.55463" lon="7.61008">
        <ele>1135.2</ele>
      </trkpt>
      <trkpt lat="60.5548" lon="7.60976">
        <ele>1135.8</ele>
      </trkpt>
      <trkpt lat="60.55503" lon="7.60949">
        <ele>1136.2</ele>
      </trkpt>
      <trkpt lat="60.55515" lon="7.60946">
        <ele>1136.6</ele>
      </trkpt>
      <trkpt lat="60.55526" lon="7.60953">
        <ele>1137.0</ele>
      </trkpt>
      <trkpt lat="60.55535" lon="7.60959">
        <ele>1137.3</ele>
      </trkpt>
      <trkpt lat="60.55543" lon="7.60953">
        <ele>1137.6</ele>
      </trkpt>
      <trkpt lat="60.55551" lon="7.6092">
        <ele>1138.3</ele>
      </trkpt>
      <trkpt lat="60.55556" lon="7.60884">
        <ele>1138.5</ele>
      </trkpt>
      <trkpt lat="60.55605" lon="7.60816">
        <ele>1140.3</ele>
      </trkpt>
      <trkpt lat="60.55626" lon="7.6078">
        <ele>1141.0</ele>
      </trkpt>
      <trkpt lat="60.55678" lon="7.60652">
        <ele>1141.9</ele>
      </trkpt>
      <trkpt lat="60.55729" lon="7.60524">
        <ele>1139.5</ele>
      </trkpt>
      <trkpt lat="60.55746" lon="7.60492">
        <ele>1137.9</ele>
      </trkpt>
      <trkpt lat="60.55772" lon="7.60466">
        <ele>1135.8</ele>
      </trkpt>
      <trkpt lat="60.55785" lon="7.60441">
        <ele>1134.2</ele>
      </trkpt>
      <trkpt lat="60.5581" lon="7.60361">
        <ele>1132.0</ele>
      </trkpt>
      <trkpt lat="60.55836" lon="7.60281">
        <ele>1135.4</ele>
      </trkpt>
      <trkpt lat="60.55855" lon="7.60248">
        <ele>1137.5</ele>
      </trkpt>
      <trkpt lat="60.55863" lon="7.6023">
        <ele>1138.1</ele>
      </trkpt>
      <trkpt lat="60.5587" lon="7.60189">
        <ele>1137.0</ele>
      </trkpt>
      <trkpt lat="60.55877" lon="7.60131">
        <ele>1138.0</ele>
      </trkpt>
      <trkpt lat="60.55878" lon="7.60075">
        <ele>1140.0</ele>
      </trkpt>
      <trkpt lat="60.55882" lon="7.59914">
        <ele>1141.3</ele>
      </trkpt>
      <trkpt lat="60.55886" lon="7.59752">
        <ele>1142.2</ele>
      </trkpt>
      <trkpt lat="60.5589" lon="7.59591">
        <ele>1142.4</ele>
      </trkpt>
      <trkpt lat="60.55895" lon="7.59429">
        <ele>1145.1</ele>
      </trkpt>
      <trkpt lat="60.55894" lon="7.59332">
        <ele>1143.3</ele>
      </trkpt>
      <trkpt lat="60.55891" lon="7.59317">
        <ele>1143.0</ele>
      </trkpt>
      <trkpt lat="60.55888" lon="7.59311">
        <ele>1142.9</ele>
      </trkpt>
      <trkpt lat="60.5588" lon="7.59301">
        <ele>1142.5</ele>
      </trkpt>
      <trkpt lat="60.55877" lon="7.59295">
        <ele>1142.4</ele>
      </trkpt>
      <trkpt lat="60.55877" lon="7.59275">
        <ele>1142.0</ele>
      </trkpt>
      <trkpt lat="60.55887" lon="7.59237">
        <ele>1141.3</ele>
      </trkpt>
      <trkpt lat="60.5591" lon="7.59164">
        <ele>1143.4</ele>
      </trkpt>
      <trkpt lat="60.55918" lon="7.59126">
        <ele>1142.7</ele>
      </trkpt>
      <trkpt lat="60.55925" lon="7.59082">
        <ele>1141.4</ele>
      </trkpt>
      <trkpt lat="60.55937" lon="7.59045">
        <ele>1140.6</ele>
      </trkpt>
      <trkpt lat="60.55958" lon="7.58999">
        <ele>1139.9</ele>
      </trkpt>
      <trkpt lat="60.55991" lon="7.58906">
        <ele>1142.1</ele>
      </trkpt>
      <trkpt lat="60.56024" lon="7.58813">
        <ele>1143.5</ele>
      </trkpt>
      <trkpt lat="60.56042" lon="7.58771">
        <ele>1143.3</ele>
      </trkpt>
      <trkpt lat="60.56073" lon="7.58664">
        <ele>1143.3</ele>
      </trkpt>
      <trkpt lat="60.56109" lon="7.58579">
        <ele>1139.0</ele>
      </trkpt>
      <trkpt lat="60.56145" lon="7.58495">
        <ele>1134.8</ele>
      </trkpt>
      <trkpt lat="60.56161" lon="7.58473">
        <ele>1135.4</ele>
      </trkpt>
      <trkpt lat="60.56186" lon="7.5845">
        <ele>1137.2</ele>
      </trkpt>
      <trkpt lat="60.5621" lon="7.58422">
        <ele>1138.2</ele>
      </trkpt>
      <trkpt lat="60.56245" lon="7.58367">
        <ele>1139.2</ele>
      </trkpt>
      <trkpt lat="60.56281" lon="7.58304">
        <ele>1138.7</ele>
      </trkpt>
      <trkpt lat="60.56346" lon="7.58203">
        <ele>1137.0</ele>
      </trkpt>
      <trkpt lat="60.5635" lon="7.58201">
        <ele>1136.9</ele>
      </trkpt>
      <trkpt lat="60.56353" lon="7.58204">
        <ele>1136.9</ele>
      </trkpt>
      <trkpt lat="60.56359" lon="7.58221">
        <ele>1136.7</ele>
      </trkpt>
      <trkpt lat="60.56362" lon="7.58227">
        <ele>1136.6</ele>
      </trkpt>
      <trkpt lat="60.56367" lon="7.58229">
        <ele>1136.5</ele>
      </trkpt>
      <trkpt lat="60.56383" lon="7.58219">
        <ele>1136.2</ele>
      </trkpt>
      <trkpt lat="60.56456" lon="7.58163">
        <ele>1136.9</ele>
      </trkpt>
      <trkpt lat="60.5652" lon="7.58114">
        <ele>1141.2</ele>
      </trkpt>
      <trkpt lat="60.56539" lon="7.58093">
        <ele>1142.2</ele>
      </trkpt>
      <trkpt lat="60.56567" lon="7.58046">
        <ele>1142.1</ele>
      </trkpt>
      <trkpt lat="60.56575" lon="7.58026">
        <ele>1141.2</ele>
      </trkpt>
      <trkpt lat="60.56592" lon="7.57999">
        <ele>1140.6</ele>
      </trkpt>
      <trkpt lat="60.56631" lon="7.57927">
        <ele>1139.5</ele>
      </trkpt>
      <trkpt lat="60.5667" lon="7.57855">
        <ele>1139.3</ele>
      </trkpt>
      <trkpt lat="60.56693" lon="7.57843">
        <ele>1142.1</ele>
      </trkpt>
      <trkpt lat="60.5672" lon="7.57799">
        <ele>1145.8</ele>
      </trkpt>
      <trkpt lat="60.5674" lon="7.57807">
        <ele>1150.3</ele>
      </trkpt>
      <trkpt lat="60.56759" lon="7.5781">
        <ele>1154.3</ele>
      </trkpt>
      <trkpt lat="60.56795" lon="7.57823">
        <ele>1163.0</ele>
      </trkpt>
      <trkpt lat="60.56825" lon="7.57818">
        <ele>1168.9</ele>
      </trkpt>
      <trkpt lat="60.5684" lon="7.5781">
        <ele>1171.0</ele>
      </trkpt>
      <trkpt lat="60.56852" lon="7.57796">
        <ele>1172.1</ele>
      </trkpt>
      <trkpt lat="60.56877" lon="7.57736">
        <ele>1174.4</ele>
      </trkpt>
      <trkpt lat="60.5689" lon="7.57728">
        <ele>1176.7</ele>
      </trkpt>
      <trkpt lat="60.56921" lon="7.57729">
        <ele>1181.0</ele>
      </trkpt>
      <trkpt lat="60.56931" lon="7.57723">
        <ele>1182.0</ele>
      </trkpt>
      <trkpt lat="60.56973" lon="7.57682">
        <ele>1183.6</ele>
      </trkpt>
      <trkpt lat="60.57021" lon="7.57618">
        <ele>1179.3</ele>
      </trkpt>
      <trkpt lat="60.57034" lon="7.57564">
        <ele>1176.0</ele>
      </trkpt>
      <trkpt lat="60.57041" lon="7.57548">
        <ele>1175.2</ele>
      </trkpt>
      <trkpt lat="60.5707" lon="7.57523">
        <ele>1173.3</ele>
      </trkpt>
      <trkpt lat="60.57093" lon="7.57512">
        <ele>1171.2</ele>
      </trkpt>
      <trkpt lat="60.57102" lon="7.57511">
        <ele>1170.5</ele>
      </trkpt>
      <trkpt lat="60.57118" lon="7.57512">
        <ele>1169.4</ele>
      </trkpt>
      <trkpt lat="60.57161" lon="7.57527">
        <ele>1168.4</ele>
      </trkpt>
      <trkpt lat="60.57196" lon="7.57531">
        <ele>1170.3</ele>
      </trkpt>
      <trkpt lat="60.57248" lon="7.57483">
        <ele>1168.2</ele>
      </trkpt>
      <trkpt lat="60.57263" lon="7.57466">
        <ele>1167.3</ele>
      </trkpt>
      <trkpt lat="60.57312" lon="7.57416">
        <ele>1163.2</ele>
      </trkpt>
      <trkpt lat="60.57382" lon="7.57379">
        <ele>1161.7</ele>
      </trkpt>
      <trkpt lat="60.57452" lon="7.57341">
        <ele>1167.0</ele>
      </trkpt>
      <trkpt lat="60.57473" lon="7.57332">
        <ele>1167.8</ele>
      </trkpt>
      <trkpt lat="60.57492" lon="7.57332">
        <ele>1169.7</ele>
      </trkpt>
      <trkpt lat="60.57514" lon="7.57339">
        <ele>1172.5</ele>
      </trkpt>
      <trkpt lat="60.57548" lon="7.57356">
        <ele>1177.3</ele>
      </trkpt>
      <trkpt lat="60.57582" lon="7.5738">
        <ele>1180.8</ele>
      </trkpt>
      <trkpt lat="60.57597" lon="7.57387">
        <ele>1181.9</ele>
      </trkpt>
      <trkpt lat="60.57615" lon="7.57391">
        <ele>1184.7</ele>
      </trkpt>
      <trkpt lat="60.57629" lon="7.57385">
        <ele>1186.3</ele>
      </trkpt>
      <trkpt lat="60.5764" lon="7.57377">
        <ele>1186.8</ele>
      </trkpt>
      <trkpt lat="60.57655" lon="7.57353">
        <ele>1183.5</ele>
      </trkpt>
      <trkpt lat="60.57673" lon="7.57304">
        <ele>1175.8</ele>
      </trkpt>
      <trkpt lat="60.57686" lon="7.57285">
        <ele>1173.6</ele>
      </trkpt>
      <trkpt lat="60.57697" lon="7.57281">
        <ele>1174.0</ele>
      </trkpt>
      <trkpt lat="60.57706" lon="7.57281">
        <ele>1174.9</ele>
      </trkpt>
      <trkpt lat="60.57722" lon="7.57268">
        <ele>1174.2</ele>
      </trkpt>
      <trkpt lat="60.57737" lon="7.57249">
        <ele>1172.5</ele>
      </trkpt>
      <trkpt lat="60.57803" lon="7.57196">
        <ele>1173.8</ele>
      </trkpt>
      <trkpt lat="60.57862" lon="7.57178">
        <ele>1179.7</ele>
      </trkpt>
      <trkpt lat="60.57881" lon="7.57166">
        <ele>1180.1</ele>
      </trkpt>
      <trkpt lat="60.57923" lon="7.57104">
        <ele>1177.2</ele>
      </trkpt>
      <trkpt lat="60.57955" lon="7.57088">
        <ele>1181.7</ele>
      </trkpt>
      <trkpt lat="60.57983" lon="7.57078">
        <ele>1186.7</ele>
      </trkpt>
      <trkpt lat="60.57996" lon="7.5707">
        <ele>1189.2</ele>
      </trkpt>
      <trkpt lat="60.58005" lon="7.57059">
        <ele>1190.6</ele>
      </trkpt>
      <trkpt lat="60.58035" lon="7.57041">
        <ele>1195.0</ele>
      </trkpt>
      <trkpt lat="60.58038" lon="7.57031">
        <ele>1195.1</ele>
      </trkpt>
      <trkpt lat="60.58038" lon="7.57016">
        <ele>1194.5</ele>
      </trkpt>
      <trkpt lat="60.58033" lon="7.57001">
        <ele>1193.3</ele>
      </trkpt>
      <trkpt lat="60.58021" lon="7.56987">
        <ele>1191.1</ele>
      </trkpt>
      <trkpt lat="60.58017" lon="7.56968">
        <ele>1190.4</ele>
      </trkpt>
      <trkpt lat="60.58023" lon="7.56928">
        <ele>1189.9</ele>
      </trkpt>
      <trkpt lat="60.58031" lon="7.56909">
        <ele>1190.1</ele>
      </trkpt>
      <trkpt lat="60.5806" lon="7.56888">
        <ele>1191.8</ele>
      </trkpt>
      <trkpt lat="60.58067" lon="7.56878">
        <ele>1191.9</ele>
      </trkpt>
      <trkpt lat="60.58082" lon="7.56818">
        <ele>1187.3</ele>
      </trkpt>
      <trkpt lat="60.58092" lon="7.56801">
        <ele>1186.4</ele>
      </trkpt>
      <trkpt lat="60.58105" lon="7.56797">
        <ele>1186.7</ele>
      </trkpt>
      <trkpt lat="60.58126" lon="7.568">
        <ele>1187.9</ele>
      </trkpt>
      <trkpt lat="60.58136" lon="7.56796">
        <ele>1187.9</ele>
      </trkpt>
      <trkpt lat="60.58161" lon="7.56756">
        <ele>1186.8</ele>
      </trkpt>
      <trkpt lat="60.58211" lon="7.56613">
        <ele>1184.8</ele>
      </trkpt>
      <trkpt lat="60.5822" lon="7.56605">
        <ele>1185.4</ele>
      </trkpt>
      <trkpt lat="60.5825" lon="7.56613">
        <ele>1188.3</ele>
      </trkpt>
      <trkpt lat="60.58261" lon="7.56607">
        <ele>1189.1</ele>
      </trkpt>
      <trkpt lat="60.58304" lon="7.56561">
        <ele>1190.8</ele>
      </trkpt>
      <trkpt lat="60.58313" lon="7.5656">
        <ele>1191.3</ele>
      </trkpt>
      <trkpt lat="60.58364" lon="7.56592">
        <ele>1197.4</ele>
      </trkpt>
      <trkpt lat="60.5837" lon="7.56587">
        <ele>1197.7</ele>
      </trkpt>
      <trkpt lat="60.584" lon="7.56553">
        <ele>1200.0</ele>
      </trkpt>
      <trkpt lat="60.58414" lon="7.56558">
        <ele>1202.4</ele>
      </trkpt>
      <trkpt lat="60.58435" lon="7.56559">
        <ele>1206.0</ele>
      </trkpt>
      <trkpt lat="60.58452" lon="7.56539">
        <ele>1209.6</ele>
      </trkpt>
      <trkpt lat="60.58463" lon="7.56519">
        <ele>1211.7</ele>
      </trkpt>
      <trkpt lat="60.58469" lon="7.56497">
        <ele>1211.7</ele>
      </trkpt>
      <trkpt lat="60.58477" lon="7.56439">
        <ele>1209.3</ele>
      </trkpt>
      <trkpt lat="60.58485" lon="7.56423">
        <ele>1208.7</ele>
      </trkpt>
      <trkpt lat="60.58499" lon="7.56405">
        <ele>1208.6</ele>
      </trkpt>
      <trkpt lat="60.58505" lon="7.56393">
        <ele>1208.0</ele>
      </trkpt>
      <trkpt lat="60.58525" lon="7.56308">
        <ele>1204.0</ele>
      </trkpt>
      <trkpt lat="60.58546" lon="7.56223">
        <ele>1201.5</ele>
      </trkpt>
      <trkpt lat="60.58557" lon="7.56205">
        <ele>1200.9</ele>
      </trkpt>
      <trkpt lat="60.58569" lon="7.56202">
        <ele>1200.8</ele>
      </trkpt>
      <trkpt lat="60.5858" lon="7.5621">
        <ele>1201.1</ele>
      </trkpt>
      <trkpt lat="60.586" lon="7.56231">
        <ele>1202.8</ele>
      </trkpt>
      <trkpt lat="60.58611" lon="7.56232">
        <ele>1203.3</ele>
      </trkpt>
      <trkpt lat="60.58622" lon="7.56224">
        <ele>1203.4</ele>
      </trkpt>
      <trkpt lat="60.5864" lon="7.56203">
        <ele>1203.8</ele>
      </trkpt>
      <trkpt lat="60.5868" lon="7.56153">
        <ele>1205.9</ele>
      </trkpt>
      <trkpt lat="60.5872" lon="7.56104">
        <ele>1207.6</ele>
      </trkpt>
      <trkpt lat="60.58725" lon="7.56094">
        <ele>1207.9</ele>
      </trkpt>
      <trkpt lat="60.58731" lon="7.56083">
        <ele>1208.2</ele>
      </trkpt>
      <trkpt lat="60.58754" lon="7.55915">
        <ele>1211.4</ele>
      </trkpt>
      <trkpt lat="60.58776" lon="7.55746">
        <ele>1203.9</ele>
      </trkpt>
      <trkpt lat="60.58784" lon="7.55721">
        <ele>1203.2</ele>
      </trkpt>
      <trkpt lat="60.58799" lon="7.55694">
        <ele>1203.1</ele>
      </trkpt>
      <trkpt lat="60.58823" lon="7.55659">
        <ele>1202.8</ele>
      </trkpt>
      <trkpt lat="60.5884" lon="7.5562">
        <ele>1202.3</ele>
      </trkpt>
      <trkpt lat="60.58874" lon="7.55559">
        <ele>1201.3</ele>
      </trkpt>
      <trkpt lat="60.58881" lon="7.55546">
        <ele>1201.1</ele>
      </trkpt>
      <trkpt lat="60.58898" lon="7.55489">
        <ele>1200.5</ele>
      </trkpt>
      <trkpt lat="60.58933" lon="7.5534">
        <ele>1196.0</ele>
      </trkpt>
      <trkpt lat="60.58957" lon="7.55287">
        <ele>1196.4</ele>
      </trkpt>
      <trkpt lat="60.58961" lon="7.55267">
        <ele>1195.8</ele>
      </trkpt>
      <trkpt lat="60.5896" lon="7.55255">
        <ele>1194.7</ele>
      </trkpt>
      <trkpt lat="60.58935" lon="7.552">
        <ele>1192.6</ele>
      </trkpt>
      <trkpt lat="60.58929" lon="7.55187">
        <ele>1192.1</ele>
      </trkpt>
      <trkpt lat="60.58926" lon="7.55177">
        <ele>1191.8</ele>
      </trkpt>
      <trkpt lat="60.58926" lon="7.55171">
        <ele>1191.6</ele>
      </trkpt>
      <trkpt lat="60.58971" lon="7.55071">
        <ele>1187.9</ele>
      </trkpt>
      <trkpt lat="60.58985" lon="7.55032">
        <ele>1187.6</ele>
      </trkpt>
      <trkpt lat="60.59013" lon="7.54939">
        <ele>1187.2</ele>
      </trkpt>
      <trkpt lat="60.59021" lon="7.54922">
        <ele>1187.5</ele>
      </trkpt>
      <trkpt lat="60.59043" lon="7.54898">
        <ele>1189.0</ele>
      </trkpt>
      <trkpt lat="60.59054" lon="7.54878">
        <ele>1189.4</ele>
      </trkpt>
      <trkpt lat="60.59073" lon="7.5483">
        <ele>1190.4</ele>
      </trkpt>
      <trkpt lat="60.5912" lon="7.54698">
        <ele>1193.7</ele>
      </trkpt>
      <trkpt lat="60.59168" lon="7.54544">
        <ele>1193.6</ele>
      </trkpt>
      <trkpt lat="60.5919" lon="7.54468">
        <ele>1195.6</ele>
      </trkpt>
      <trkpt lat="60.59211" lon="7.54367">
        <ele>1200.5</ele>
      </trkpt>
      <trkpt lat="60.59231" lon="7.54266">
        <ele>1200.9</ele>
      </trkpt>
      <trkpt lat="60.59237" lon="7.54207">
        <ele>1200.0</ele>
      </trkpt>
      <trkpt lat="60.59247" lon="7.54171">
        <ele>1199.0</ele>
      </trkpt>
      <trkpt lat="60.59286" lon="7.5409">
        <ele>1197.5</ele>
      </trkpt>
      <trkpt lat="60.59311" lon="7.53979">
        <ele>1197.1</ele>
      </trkpt>
      <trkpt lat="60.59336" lon="7.53868">
        <ele>1201.6</ele>
      </trkpt>
      <trkpt lat="60.59361" lon="7.53756">
        <ele>1201.5</ele>
      </trkpt>
      <trkpt lat="60.59364" lon="7.53736">
        <ele>1201.8</ele>
      </trkpt>
      <trkpt lat="60.59356" lon="7.53651">
        <ele>1199.6</ele>
      </trkpt>
      <trkpt lat="60.59361" lon="7.53596">
        <ele>1199.5</ele>
      </trkpt>
      <trkpt lat="60.59368" lon="7.5356">
        <ele>1199.5</ele>
      </trkpt>
      <trkpt lat="60.59384" lon="7.53534">
        <ele>1199.2</ele>
      </trkpt>
      <trkpt lat="60.59441" lon="7.53467">
        <ele>1200.4</ele>
      </trkpt>
      <trkpt lat="60.5945" lon="7.53451">
        <ele>1200.9</ele>
      </trkpt>
      <trkpt lat="60.59467" lon="7.53409">
        <ele>1201.5</ele>
      </trkpt>
      <trkpt lat="60.59481" lon="7.53361">
        <ele>1202.0</ele>
      </trkpt>
      <trkpt lat="60.59505" lon="7.53271">
        <ele>1204.6</ele>
      </trkpt>
      <trkpt lat="60.59515" lon="7.53212">
        <ele>1208.6</ele>
      </trkpt>
      <trkpt lat="60.5952" lon="7.53151">
        <ele>1209.7</ele>
      </trkpt>
      <trkpt lat="60.5952" lon="7.53108">
        <ele>1207.3</ele>
      </trkpt>
      <trkpt lat="60.59516" lon="7.52979">
        <ele>1206.8</ele>
      </trkpt>
      <trkpt lat="60.59517" lon="7.52939">
        <ele>1206.7</ele>
      </trkpt>
      <trkpt lat="60.59527" lon="7.5287">
        <ele>1207.1</ele>
      </trkpt>
      <trkpt lat="60.59541" lon="7.52795">
        <ele>1208.9</ele>
      </trkpt>
      <trkpt lat="60.59547" lon="7.52767">
        <ele>1209.6</ele>
      </trkpt>
      <trkpt lat="60.59552" lon="7.52738">
        <ele>1210.3</ele>
      </trkpt>
      <trkpt lat="60.59555" lon="7.52708">
        <ele>1211.0</ele>
      </trkpt>
      <trkpt lat="60.59551" lon="7.52676">
        <ele>1210.1</ele>
      </trkpt>
      <trkpt lat="60.59517" lon="7.52513">
        <ele>1206.1</ele>
      </trkpt>
      <trkpt lat="60.59494" lon="7.52395">
        <ele>1207.3</ele>
      </trkpt>
      <trkpt lat="60.5947" lon="7.52278">
        <ele>1207.9</ele>
      </trkpt>
      <trkpt lat="60.59459" lon="7.52181">
        <ele>1211.0</ele>
      </trkpt>
      <trkpt lat="60.59448" lon="7.52084">
        <ele>1214.6</ele>
      </trkpt>
      <trkpt lat="60.59437" lon="7.52056">
        <ele>1213.8</ele>
      </trkpt>
      <trkpt lat="60.59436" lon="7.52027">
        <ele>1214.7</ele>
      </trkpt>
      <trkpt lat="60.5945" lon="7.51958">
        <ele>1219.5</ele>
      </trkpt>
      <trkpt lat="60.59454" lon="7.51921">
        <ele>1220.1</ele>
      </trkpt>
      <trkpt lat="60.59451" lon="7.51874">
        <ele>1220.2</ele>
      </trkpt>
      <trkpt lat="60.59451" lon="7.51824">
        <ele>1219.9</ele>
      </trkpt>
      <trkpt lat="60.59461" lon="7.51703">
        <ele>1214.9</ele>
      </trkpt>
      <trkpt lat="60.59466" lon="7.51685">
        <ele>1214.1</ele>
      </trkpt>
      <trkpt lat="60.59473" lon="7.51674">
        <ele>1214.2</ele>
      </trkpt>
      <trkpt lat="60.59505" lon="7.51655">
        <ele>1214.2</ele>
      </trkpt>
      <trkpt lat="60.59578" lon="7.51578">
        <ele>1207.0</ele>
      </trkpt>
      <trkpt lat="60.5962" lon="7.51559">
        <ele>1206.8</ele>
      </trkpt>
      <trkpt lat="60.59642" lon="7.51542">
        <ele>1207.6</ele>
      </trkpt>
      <trkpt lat="60.59657" lon="7.51523">
        <ele>1208.2</ele>
      </trkpt>
      <trkpt lat="60.59667" lon="7.51505">
        <ele>1208.5</ele>
      </trkpt>
      <trkpt lat="60.5968" lon="7.51476">
        <ele>1208.6</ele>
      </trkpt>
      <trkpt lat="60.59691" lon="7.51439">
        <ele>1208.1</ele>
      </trkpt>
      <trkpt lat="60.59695" lon="7.51422">
        <ele>1208.0</ele>
      </trkpt>
      <trkpt lat="60.59698" lon="7.51397">
        <ele>1207.9</ele>
      </trkpt>
      <trkpt lat="60.59697" lon="7.51379">
        <ele>1207.5</ele>
      </trkpt>
      <trkpt lat="60.59693" lon="7.51353">
        <ele>1206.8</ele>
      </trkpt>
      <trkpt lat="60.59693" lon="7.5133">
        <ele>1205.9</ele>
      </trkpt>
      <trkpt lat="60.59699" lon="7.51311">
        <ele>1205.0</ele>
      </trkpt>
      <trkpt lat="60.59704" lon="7.51305">
        <ele>1204.6</ele>
      </trkpt>
      <trkpt lat="60.59732" lon="7.51286">
        <ele>1203.0</ele>
      </trkpt>
      <trkpt lat="60.59754" lon="7.51259">
        <ele>1201.8</ele>
      </trkpt>
      <trkpt lat="60.59808" lon="7.51162">
        <ele>1198.9</ele>
      </trkpt>
      <trkpt lat="60.59855" lon="7.51027">
        <ele>1196.4</ele>
      </trkpt>
      <trkpt lat="60.59903" lon="7.50891">
        <ele>1197.0</ele>
      </trkpt>
      <trkpt lat="60.59914" lon="7.50872">
        <ele>1197.0</ele>
      </trkpt>
      <trkpt lat="60.59934" lon="7.5085">
        <ele>1197.0</ele>
      </trkpt>
      <trkpt lat="60.59966" lon="7.50807">
        <ele>1195.4</ele>
      </trkpt>
      <trkpt lat="60.59974" lon="7.50794">
        <ele>1195.0</ele>
      </trkpt>
      <trkpt lat="60.59985" lon="7.50774">
        <ele>1194.4</ele>
      </trkpt>
      <trkpt lat="60.6002" lon="7.50702">
        <ele>1192.4</ele>
      </trkpt>
      <trkpt lat="60.60026" lon="7.50688">
        <ele>1192.6</ele>
      </trkpt>
      <trkpt lat="60.60065" lon="7.50614">
        <ele>1194.2</ele>
      </trkpt>
      <trkpt lat="60.60076" lon="7.50599">
        <ele>1195.0</ele>
      </trkpt>
      <trkpt lat="60.60107" lon="7.50543">
        <ele>1199.4</ele>
      </trkpt>
      <trkpt lat="60.60115" lon="7.50523">
        <ele>1200.8</ele>
      </trkpt>
      <trkpt lat="60.60125" lon="7.50486">
        <ele>1201.0</ele>
      </trkpt>
      <trkpt lat="60.60148" lon="7.50436">
        <ele>1201.2</ele>
      </trkpt>
      <trkpt lat="60.60157" lon="7.50408">
        <ele>1200.9</ele>
      </trkpt>
      <trkpt lat="60.60171" lon="7.50375">
        <ele>1199.3</ele>
      </trkpt>
      <trkpt lat="60.60195" lon="7.50325">
        <ele>1195.9</ele>
      </trkpt>
      <trkpt lat="60.60207" lon="7.50284">
        <ele>1193.8</ele>
      </trkpt>
      <trkpt lat="60.60211" lon="7.50269">
        <ele>1193.2</ele>
      </trkpt>
      <trkpt lat="60.6022" lon="7.50259">
        <ele>1192.9</ele>
      </trkpt>
      <trkpt lat="60.60232" lon="7.50239">
        <ele>1192.9</ele>
      </trkpt>
      <trkpt lat="60.60243" lon="7.5021">
        <ele>1193.7</ele>
      </trkpt>
      <trkpt lat="60.60264" lon="7.50148">
        <ele>1197.2</ele>
      </trkpt>
      <trkpt lat="60.60281" lon="7.50055">
        <ele>1202.0</ele>
      </trkpt>
      <trkpt lat="60.60278" lon="7.49953">
        <ele>1203.6</ele>
      </trkpt>
      <trkpt lat="60.6028" lon="7.49923">
        <ele>1204.0</ele>
      </trkpt>
      <trkpt lat="60.60284" lon="7.49895">
        <ele>1204.0</ele>
      </trkpt>
      <trkpt lat="60.60304" lon="7.49839">
        <ele>1204.9</ele>
      </trkpt>
      <trkpt lat="60.60328" lon="7.49782">
        <ele>1206.6</ele>
      </trkpt>
      <trkpt lat="60.60334" lon="7.49749">
        <ele>1207.0</ele>
      </trkpt>
      <trkpt lat="60.6034" lon="7.49687">
        <ele>1206.9</ele>
      </trkpt>
      <trkpt lat="60.60346" lon="7.49594">
        <ele>1207.5</ele>
      </trkpt>
      <trkpt lat="60.60349" lon="7.49526">
        <ele>1207.9</ele>
      </trkpt>
      <trkpt lat="60.60348" lon="7.49513">
        <ele>1208.0</ele>
      </trkpt>
      <trkpt lat="60.60338" lon="7.49486">
        <ele>1208.3</ele>
      </trkpt>
      <trkpt lat="60.60317" lon="7.49442">
        <ele>1210.1</ele>
      </trkpt>
      <trkpt lat="60.60286" lon="7.49398">
        <ele>1211.3</ele>
      </trkpt>
      <trkpt lat="60.60276" lon="7.49376">
        <ele>1212.0</ele>
      </trkpt>
      <trkpt lat="60.60272" lon="7.49359">
        <ele>1212.0</ele>
      </trkpt>
      <trkpt lat="60.60269" lon="7.49335">
        <ele>1211.6</ele>
      </trkpt>
      <trkpt lat="60.60269" lon="7.49258">
        <ele>1212.2</ele>
      </trkpt>
      <trkpt lat="60.60267" lon="7.49237">
        <ele>1212.1</ele>
      </trkpt>
      <trkpt lat="60.60255" lon="7.49184">
        <ele>1212.3</ele>
      </trkpt>
      <trkpt lat="60.60251" lon="7.49174">
        <ele>1212.3</ele>
      </trkpt>
      <trkpt lat="60.60235" lon="7.49152">
        <ele>1211.9</ele>
      </trkpt>
      <trkpt lat="60.60225" lon="7.49133">
        <ele>1211.9</ele>
      </trkpt>
      <trkpt lat="60.60202" lon="7.49078">
        <ele>1212.3</ele>
      </trkpt>
      <trkpt lat="60.60191" lon="7.49061">
        <ele>1212.1</ele>
      </trkpt>
      <trkpt lat="60.6018" lon="7.49055">
        <ele>1211.5</ele>
      </trkpt>
      <trkpt lat="60.60166" lon="7.49056">
        <ele>1211.2</ele>
      </trkpt>
      <trkpt lat="60.60134" lon="7.49071">
        <ele>1211.0</ele>
      </trkpt>
      <trkpt lat="60.60114" lon="7.49066">
        <ele>1211.0</ele>
      </trkpt>
      <trkpt lat="60.60105" lon="7.49056">
        <ele>1211.0</ele>
      </trkpt>
      <trkpt lat="60.60089" lon="7.49031">
        <ele>1210.4</ele>
      </trkpt>
      <trkpt lat="60.60065" lon="7.48971">
        <ele>1209.9</ele>
      </trkpt>
      <trkpt lat="60.60051" lon="7.48944">
        <ele>1210.0</ele>
      </trkpt>
      <trkpt lat="60.6003" lon="7.48929">
        <ele>1209.2</ele>
      </trkpt>
      <trkpt lat="60.59999" lon="7.48916">
        <ele>1207.5</ele>
      </trkpt>
      <trkpt lat="60.59955" lon="7.48887">
        <ele>1206.0</ele>
      </trkpt>
      <trkpt lat="60.59911" lon="7.48857">
        <ele>1208.2</ele>
      </trkpt>
      <trkpt lat="60.59874" lon="7.48844">
        <ele>1210.0</ele>
      </trkpt>
      <trkpt lat="60.59853" lon="7.48823">
        <ele>1208.6</ele>
      </trkpt>
      <trkpt lat="60.59828" lon="7.48806">
        <ele>1205.2</ele>
      </trkpt>
      <trkpt lat="60.59814" lon="7.48792">
        <ele>1204.8</ele>
      </trkpt>
      <trkpt lat="60.59802" lon="7.48775">
        <ele>1205.6</ele>
      </trkpt>
      <trkpt lat="60.59787" lon="7.48745">
        <ele>1207.8</ele>
      </trkpt>
      <trkpt lat="60.59734" lon="7.48637">
        <ele>1220.4</ele>
      </trkpt>
      <trkpt lat="60.59682" lon="7.48529">
        <ele>1224.8</ele>
      </trkpt>
      <trkpt lat="60.59668" lon="7.48491">
        <ele>1224.8</ele>
      </trkpt>
      <trkpt lat="60.59625" lon="7.48357">
        <ele>1224.6</ele>
      </trkpt>
      <trkpt lat="60.59614" lon="7.48317">
        <ele>1224.1</ele>
      </trkpt>
      <trkpt lat="60.59599" lon="7.48203">
        <ele>1223.3</ele>
      </trkpt>
      <trkpt lat="60.59597" lon="7.48165">
        <ele>1223.0</ele>
      </trkpt>
      <trkpt lat="60.59597" lon="7.48106">
        <ele>1223.6</ele>
      </trkpt>
      <trkpt lat="60.59598" lon="7.48081">
        <ele>1224.7</ele>
      </trkpt>
      <trkpt lat="60.59604" lon="7.48032">
        <ele>1225.1</ele>
      </trkpt>
      <trkpt lat="60.59609" lon="7.48023">
        <ele>1224.9</ele>
      </trkpt>
      <trkpt lat="60.59621" lon="7.48019">
        <ele>1225.2</ele>
      </trkpt>
      <trkpt lat="60.59625" lon="7.48013">
        <ele>1224.9</ele>
      </trkpt>
      <trkpt lat="60.59634" lon="7.47989">
        <ele>1223.9</ele>
      </trkpt>
      <trkpt lat="60.59635" lon="7.47975">
        <ele>1223.3</ele>
      </trkpt>
      <trkpt lat="60.59635" lon="7.47963">
        <ele>1222.9</ele>
      </trkpt>
      <trkpt lat="60.59623" lon="7.47914">
        <ele>1220.9</ele>
      </trkpt>
      <trkpt lat="60.59622" lon="7.47894">
        <ele>1220.8</ele>
      </trkpt>
      <trkpt lat="60.59627" lon="7.47851">
        <ele>1222.1</ele>
      </trkpt>
      <trkpt lat="60.59631" lon="7.4783">
        <ele>1223.1</ele>
      </trkpt>
      <trkpt lat="60.59648" lon="7.47781">
        <ele>1225.5</ele>
      </trkpt>
      <trkpt lat="60.59667" lon="7.4775">
        <ele>1228.6</ele>
      </trkpt>
      <trkpt lat="60.59678" lon="7.47734">
        <ele>1230.5</ele>
      </trkpt>
      <trkpt lat="60.5971" lon="7.47726">
        <ele>1237.5</ele>
      </trkpt>
      <trkpt lat="60.59715" lon="7.47713">
        <ele>1239.0</ele>
      </trkpt>
      <trkpt lat="60.59726" lon="7.47658">
        <ele>1236.7</ele>
      </trkpt>
      <trkpt lat="60.59764" lon="7.47531">
        <ele>1244.3</ele>
      </trkpt>
      <trkpt lat="60.59774" lon="7.47476">
        <ele>1245.4</ele>
      </trkpt>
      <trkpt lat="60.59792" lon="7.47401">
        <ele>1250.0</ele>
      </trkpt>
      <trkpt lat="60.59799" lon="7.47357">
        <ele>1250.6</ele>
      </trkpt>
      <trkpt lat="60.5981" lon="7.4731">
        <ele>1252.6</ele>
      </trkpt>
      <trkpt lat="60.59812" lon="7.4729">
        <ele>1252.7</ele>
      </trkpt>
      <trkpt lat="60.5983" lon="7.4722">
        <ele>1257.9</ele>
      </trkpt>
      <trkpt lat="60.59828" lon="7.47171">
        <ele>1254.6</ele>
      </trkpt>
      <trkpt lat="60.59832" lon="7.47067">
        <ele>1249.4</ele>
      </trkpt>
      <trkpt lat="60.59831" lon="7.46993">
        <ele>1244.3</ele>
      </trkpt>
      <trkpt lat="60.59822" lon="7.46917">
        <ele>1238.1</ele>
      </trkpt>
      <trkpt lat="60.5982" lon="7.46842">
        <ele>1236.1</ele>
      </trkpt>
      <trkpt lat="60.59821" lon="7.46808">
        <ele>1236.3</ele>
      </trkpt>
      <trkpt lat="60.59819" lon="7.46779">
        <ele>1235.5</ele>
      </trkpt>
      <trkpt lat="60.59822" lon="7.46762">
        <ele>1235.6</ele>
      </trkpt>
      <trkpt lat="60.59825" lon="7.46687">
        <ele>1237.4</ele>
      </trkpt>
      <trkpt lat="60.59824" lon="7.46651">
        <ele>1237.3</ele>
      </trkpt>
      <trkpt lat="60.59824" lon="7.46628">
        <ele>1237.5</ele>
      </trkpt>
      <trkpt lat="60.59835" lon="7.46559">
        <ele>1243.2</ele>
      </trkpt>
      <trkpt lat="60.59851" lon="7.46481">
        <ele>1249.8</ele>
      </trkpt>
      <trkpt lat="60.59857" lon="7.46461">
        <ele>1249.2</ele>
      </trkpt>
      <trkpt lat="60.59894" lon="7.46367">
        <ele>1249.4</ele>
      </trkpt>
      <trkpt lat="60.59917" lon="7.46221">
        <ele>1241.5</ele>
      </trkpt>
      <trkpt lat="60.59924" lon="7.46196">
        <ele>1241.1</ele>
      </trkpt>
      <trkpt lat="60.59928" lon="7.46188">
        <ele>1241.2</ele>
      </trkpt>
      <trkpt lat="60.59957" lon="7.46107">
        <ele>1244.8</ele>
      </trkpt>
      <trkpt lat="60.59975" lon="7.46047">
        <ele>1247.7</ele>
      </trkpt>
      <trkpt lat="60.59989" lon="7.46022">
        <ele>1250.1</ele>
      </trkpt>
      <trkpt lat="60.60022" lon="7.45978">
        <ele>1253.1</ele>
      </trkpt>
      <trkpt lat="60.60039" lon="7.4595">
        <ele>1253.9</ele>
      </trkpt>
      <trkpt lat="60.60047" lon="7.45945">
        <ele>1254.6</ele>
      </trkpt>
      <trkpt lat="60.60076" lon="7.45964">
        <ele>1258.1</ele>
      </trkpt>
      <trkpt lat="60.60087" lon="7.45968">
        <ele>1259.4</ele>
      </trkpt>
      <trkpt lat="60.60091" lon="7.45968">
        <ele>1259.8</ele>
      </trkpt>
      <trkpt lat="60.60119" lon="7.45965">
        <ele>1263.1</ele>
      </trkpt>
      <trkpt lat="60.60128" lon="7.4596">
        <ele>1263.6</ele>
      </trkpt>
      <trkpt lat="60.60135" lon="7.45942">
        <ele>1262.9</ele>
      </trkpt>
      <trkpt lat="60.60147" lon="7.4589">
        <ele>1258.8</ele>
      </trkpt>
      <trkpt lat="60.60171" lon="7.45808">
        <ele>1254.8</ele>
      </trkpt>
      <trkpt lat="60.60208" lon="7.45658">
        <ele>1257.3</ele>
      </trkpt>
      <trkpt lat="60.6026" lon="7.45555">
        <ele>1260.6</ele>
      </trkpt>
      <trkpt lat="60.60271" lon="7.45539">
        <ele>1259.9</ele>
      </trkpt>
      <trkpt lat="60.60292" lon="7.45532">
        <ele>1259.8</ele>
      </trkpt>
      <trkpt lat="60.603" lon="7.45525">
        <ele>1259.7</ele>
      </trkpt>
      <trkpt lat="60.60305" lon="7.45517">
        <ele>1259.7</ele>
      </trkpt>
      <trkpt lat="60.60364" lon="7.45413">
        <ele>1259.5</ele>
      </trkpt>
      <trkpt lat="60.60372" lon="7.45409">
        <ele>1260.4</ele>
      </trkpt>
      <trkpt lat="60.60429" lon="7.45397">
        <ele>1268.3</ele>
      </trkpt>
      <trkpt lat="60.6044" lon="7.45391">
        <ele>1269.5</ele>
      </trkpt>
      <trkpt lat="60.6047" lon="7.45368">
        <ele>1271.8</ele>
      </trkpt>
      <trkpt lat="60.60498" lon="7.45364">
        <ele>1274.9</ele>
      </trkpt>
      <trkpt lat="60.60508" lon="7.45351">
        <ele>1274.9</ele>
      </trkpt>
      <trkpt lat="60.60518" lon="7.45328">
        <ele>1275.1</ele>
      </trkpt>
      <trkpt lat="60.60524" lon="7.453">
        <ele>1275.2</ele>
      </trkpt>
      <trkpt lat="60.60534" lon="7.4526">
        <ele>1275.4</ele>
      </trkpt>
      <trkpt lat="60.60548" lon="7.45197">
        <ele>1270.0</ele>
      </trkpt>
      <trkpt lat="60.60556" lon="7.45168">
        <ele>1266.7</ele>
      </trkpt>
      <trkpt lat="60.60563" lon="7.45159">
        <ele>1266.7</ele>
      </trkpt>
      <trkpt lat="60.60569" lon="7.45159">
        <ele>1267.6</ele>
      </trkpt>
      <trkpt lat="60.60588" lon="7.45166">
        <ele>1272.8</ele>
      </trkpt>
      <trkpt lat="60.6062" lon="7.45188">
        <ele>1284.7</ele>
      </trkpt>
      <trkpt lat="60.60648" lon="7.45176">
        <ele>1287.0</ele>
      </trkpt>
      <trkpt lat="60.60667" lon="7.45153">
        <ele>1284.5</ele>
      </trkpt>
      <trkpt lat="60.60736" lon="7.45106">
        <ele>1274.3</ele>
      </trkpt>
      <trkpt lat="60.60742" lon="7.45104">
        <ele>1273.8</ele>
      </trkpt>
      <trkpt lat="60.60768" lon="7.45095">
        <ele>1271.8</ele>
      </trkpt>
      <trkpt lat="60.60819" lon="7.45059">
        <ele>1268.9</ele>
      </trkpt>
      <trkpt lat="60.6087" lon="7.45023">
        <ele>1266.8</ele>
      </trkpt>
      <trkpt lat="60.6089" lon="7.45012">
        <ele>1266.4</ele>
      </trkpt>
      <trkpt lat="60.60943" lon="7.44999">
        <ele>1265.2</ele>
      </trkpt>
      <trkpt lat="60.60998" lon="7.44988">
        <ele>1261.7</ele>
      </trkpt>
      <trkpt lat="60.61052" lon="7.44977">
        <ele>1261.5</ele>
      </trkpt>
      <trkpt lat="60.61086" lon="7.44979">
        <ele>1263.5</ele>
      </trkpt>
      <trkpt lat="60.61112" lon="7.44984">
        <ele>1265.8</ele>
      </trkpt>
      <trkpt lat="60.61171" lon="7.44983">
        <ele>1270.1</ele>
      </trkpt>
      <trkpt lat="60.61193" lon="7.44982">
        <ele>1271.5</ele>
      </trkpt>
      <trkpt lat="60.6121" lon="7.44975">
        <ele>1271.9</ele>
      </trkpt>
      <trkpt lat="60.61254" lon="7.4495">
        <ele>1273.3</ele>
      </trkpt>
      <trkpt lat="60.61297" lon="7.44925">
        <ele>1276.2</ele>
      </trkpt>
      <trkpt lat="60.61323" lon="7.44891">
        <ele>1276.5</ele>
      </trkpt>
      <trkpt lat="60.61334" lon="7.44868">
        <ele>1276.1</ele>
      </trkpt>
      <trkpt lat="60.61344" lon="7.44855">
        <ele>1276.4</ele>
      </trkpt>
      <trkpt lat="60.61361" lon="7.4485">
        <ele>1276.9</ele>
      </trkpt>
      <trkpt lat="60.6137" lon="7.44843">
        <ele>1277.2</ele>
      </trkpt>
      <trkpt lat="60.61385" lon="7.44816">
        <ele>1277.8</ele>
      </trkpt>
      <trkpt lat="60.61408" lon="7.44702">
        <ele>1273.7</ele>
      </trkpt>
      <trkpt lat="60.61423" lon="7.44652">
        <ele>1274.6</ele>
      </trkpt>
      <trkpt lat="60.61427" lon="7.44628">
        <ele>1274.5</ele>
      </trkpt>
      <trkpt lat="60.61436" lon="7.44541">
        <ele>1275.4</ele>
      </trkpt>
      <trkpt lat="60.6145" lon="7.44458">
        <ele>1279.9</ele>
      </trkpt>
      <trkpt lat="60.61458" lon="7.44379">
        <ele>1281.1</ele>
      </trkpt>
      <trkpt lat="60.61457" lon="7.44261">
        <ele>1277.6</ele>
      </trkpt>
      <trkpt lat="60.6145" lon="7.44137">
        <ele>1275.5</ele>
      </trkpt>
      <trkpt lat="60.6145" lon="7.44084">
        <ele>1276.0</ele>
      </trkpt>
      <trkpt lat="60.61455" lon="7.43928">
        <ele>1277.2</ele>
      </trkpt>
      <trkpt lat="60.61473" lon="7.43778">
        <ele>1277.2</ele>
      </trkpt>
      <trkpt lat="60.61479" lon="7.43656">
        <ele>1274.3</ele>
      </trkpt>
      <trkpt lat="60.61494" lon="7.43504">
        <ele>1274.3</ele>
      </trkpt>
      <trkpt lat="60.61495" lon="7.43445">
        <ele>1274.6</ele>
      </trkpt>
      <trkpt lat="60.61504" lon="7.43391">
        <ele>1277.2</ele>
      </trkpt>
      <trkpt lat="60.61519" lon="7.43321">
        <ele>1281.5</ele>
      </trkpt>
      <trkpt lat="60.61521" lon="7.43206">
        <ele>1281.0</ele>
      </trkpt>
      <trkpt lat="60.61525" lon="7.43151">
        <ele>1281.2</ele>
      </trkpt>
      <trkpt lat="60.61527" lon="7.43046">
        <ele>1281.3</ele>
      </trkpt>
      <trkpt lat="60.61531" lon="7.42976">
        <ele>1283.1</ele>
      </trkpt>
      <trkpt lat="60.61529" lon="7.42924">
        <ele>1284.4</ele>
      </trkpt>
      <trkpt lat="60.61523" lon="7.42876">
        <ele>1284.6</ele>
      </trkpt>
      <trkpt lat="60.61517" lon="7.42781">
        <ele>1287.8</ele>
      </trkpt>
      <trkpt lat="60.61524" lon="7.42654">
        <ele>1290.8</ele>
      </trkpt>
      <trkpt lat="60.61524" lon="7.42548">
        <ele>1291.1</ele>
      </trkpt>
      <trkpt lat="60.61515" lon="7.42455">
        <ele>1290.2</ele>
      </trkpt>
      <trkpt lat="60.61508" lon="7.42415">
        <ele>1289.4</ele>
      </trkpt>
      <trkpt lat="60.61485" lon="7.42284">
        <ele>1287.9</ele>
      </trkpt>
      <trkpt lat="60.61472" lon="7.42226">
        <ele>1286.7</ele>
      </trkpt>
      <trkpt lat="60.61467" lon="7.42169">
        <ele>1287.1</ele>
      </trkpt>
      <trkpt lat="60.61461" lon="7.42031">
        <ele>1288.8</ele>
      </trkpt>
      <trkpt lat="60.61455" lon="7.41894">
        <ele>1289.4</ele>
      </trkpt>
      <trkpt lat="60.61448" lon="7.41755">
        <ele>1286.1</ele>
      </trkpt>
      <trkpt lat="60.61447" lon="7.41676">
        <ele>1284.0</ele>
      </trkpt>
      <trkpt lat="60.61451" lon="7.4163">
        <ele>1283.9</ele>
      </trkpt>
      <trkpt lat="60.61456" lon="7.41592">
        <ele>1284.2</ele>
      </trkpt>
      <trkpt lat="60.61466" lon="7.41553">
        <ele>1286.3</ele>
      </trkpt>
      <trkpt lat="60.61479" lon="7.41519">
        <ele>1289.1</ele>
      </trkpt>
      <trkpt lat="60.61501" lon="7.4143">
        <ele>1290.2</ele>
      </trkpt>
      <trkpt lat="60.61523" lon="7.4134">
        <ele>1287.8</ele>
      </trkpt>
      <trkpt lat="60.61539" lon="7.41295">
        <ele>1286.9</ele>
      </trkpt>
      <trkpt lat="60.61548" lon="7.41282">
        <ele>1287.7</ele>
      </trkpt>
      <trkpt lat="60.6157" lon="7.41239">
        <ele>1288.3</ele>
      </trkpt>
      <trkpt lat="60.61619" lon="7.41104">
        <ele>1288.8</ele>
      </trkpt>
      <trkpt lat="60.61651" lon="7.41011">
        <ele>1288.5</ele>
      </trkpt>
      <trkpt lat="60.61683" lon="7.40957">
        <ele>1289.2</ele>
      </trkpt>
      <trkpt lat="60.61694" lon="7.40943">
        <ele>1289.9</ele>
      </trkpt>
      <trkpt lat="60.61714" lon="7.40902">
        <ele>1290.6</ele>
      </trkpt>
      <trkpt lat="60.61746" lon="7.40825">
        <ele>1291.6</ele>
      </trkpt>
      <trkpt lat="60.61778" lon="7.40749">
        <ele>1293.0</ele>
      </trkpt>
      <trkpt lat="60.61797" lon="7.40713">
        <ele>1293.7</ele>
      </trkpt>
      <trkpt lat="60.61856" lon="7.40624">
        <ele>1294.2</ele>
      </trkpt>
      <trkpt lat="60.61879" lon="7.40551">
        <ele>1290.0</ele>
      </trkpt>
      <trkpt lat="60.61927" lon="7.40444">
        <ele>1287.6</ele>
      </trkpt>
      <trkpt lat="60.61975" lon="7.40337">
        <ele>1288.4</ele>
      </trkpt>
      <trkpt lat="60.62013" lon="7.4024">
        <ele>1290.0</ele>
      </trkpt>
      <trkpt lat="60.62026" lon="7.40168">
        <ele>1289.3</ele>
      </trkpt>
      <trkpt lat="60.62035" lon="7.40091">
        <ele>1287.6</ele>
      </trkpt>
      <trkpt lat="60.62042" lon="7.39976">
        <ele>1291.4</ele>
      </trkpt>
      <trkpt lat="60.62043" lon="7.39847">
        <ele>1296.3</ele>
      </trkpt>
      <trkpt lat="60.62044" lon="7.39718">
        <ele>1300.5</ele>
      </trkpt>
      <trkpt lat="60.62045" lon="7.39562">
        <ele>1303.8</ele>
      </trkpt>
      <trkpt lat="60.62041" lon="7.3952">
        <ele>1303.7</ele>
      </trkpt>
      <trkpt lat="60.62029" lon="7.39463">
        <ele>1304.8</ele>
      </trkpt>
      <trkpt lat="60.61994" lon="7.39327">
        <ele>1309.9</ele>
      </trkpt>
      <trkpt lat="60.61972" lon="7.39225">
        <ele>1309.0</ele>
      </trkpt>
      <trkpt lat="60.6197" lon="7.39208">
        <ele>1309.2</ele>
      </trkpt>
      <trkpt lat="60.61971" lon="7.39098">
        <ele>1311.1</ele>
      </trkpt>
      <trkpt lat="60.61973" lon="7.38989">
        <ele>1312.7</ele>
      </trkpt>
      <trkpt lat="60.61982" lon="7.38885">
        <ele>1314.7</ele>
      </trkpt>
      <trkpt lat="60.61991" lon="7.38781">
        <ele>1313.7</ele>
      </trkpt>
      <trkpt lat="60.61999" lon="7.3872">
        <ele>1311.7</ele>
      </trkpt>
      <trkpt lat="60.62013" lon="7.38675">
        <ele>1312.3</ele>
      </trkpt>
      <trkpt lat="60.62031" lon="7.3863">
        <ele>1315.8</ele>
      </trkpt>
      <trkpt lat="60.62024" lon="7.38538">
        <ele>1305.2</ele>
      </trkpt>
      <trkpt lat="60.62025" lon="7.38486">
        <ele>1299.0</ele>
      </trkpt>
      <trkpt lat="60.62034" lon="7.38454">
        <ele>1298.8</ele>
      </trkpt>
      <trkpt lat="60.62085" lon="7.38352">
        <ele>1308.3</ele>
      </trkpt>
      <trkpt lat="60.62107" lon="7.38321">
        <ele>1313.4</ele>
      </trkpt>
      <trkpt lat="60.6212" lon="7.38307">
        <ele>1316.4</ele>
      </trkpt>
      <trkpt lat="60.62144" lon="7.38267">
        <ele>1320.0</ele>
      </trkpt>
      <trkpt lat="60.62156" lon="7.38237">
        <ele>1320.5</ele>
      </trkpt>
      <trkpt lat="60.62166" lon="7.38192">
        <ele>1320.0</ele>
      </trkpt>
      <trkpt lat="60.62169" lon="7.38154">
        <ele>1317.8</ele>
      </trkpt>
      <trkpt lat="60.62168" lon="7.38128">
        <ele>1315.9</ele>
      </trkpt>
      <trkpt lat="60.62171" lon="7.38081">
        <ele>1312.8</ele>
      </trkpt>
      <trkpt lat="60.62188" lon="7.38076">
        <ele>1313.7</ele>
      </trkpt>
      <trkpt lat="60.62198" lon="7.38091">
        <ele>1315.2</ele>
      </trkpt>
      <trkpt lat="60.62225" lon="7.38179">
        <ele>1319.7</ele>
      </trkpt>
      <trkpt lat="60.62244" lon="7.38227">
        <ele>1321.5</ele>
      </trkpt>
      <trkpt lat="60.62255" lon="7.38247">
        <ele>1321.5</ele>
      </trkpt>
      <trkpt lat="60.62274" lon="7.38272">
        <ele>1319.8</ele>
      </trkpt>
      <trkpt lat="60.62285" lon="7.38276">
        <ele>1318.1</ele>
      </trkpt>
      <trkpt lat="60.62294" lon="7.38275">
        <ele>1316.4</ele>
      </trkpt>
      <trkpt lat="60.62303" lon="7.38268">
        <ele>1314.6</ele>
      </trkpt>
      <trkpt lat="60.62312" lon="7.38246">
        <ele>1312.0</ele>
      </trkpt>
      <trkpt lat="60.62326" lon="7.38205">
        <ele>1308.2</ele>
      </trkpt>
      <trkpt lat="60.62349" lon="7.38159">
        <ele>1304.8</ele>
      </trkpt>
      <trkpt lat="60.62369" lon="7.38144">
        <ele>1302.6</ele>
      </trkpt>
      <trkpt lat="60.6241" lon="7.38144">
        <ele>1299.2</ele>
      </trkpt>
      <trkpt lat="60.62422" lon="7.38137">
        <ele>1298.4</ele>
      </trkpt>
      <trkpt lat="60.62462" lon="7.38079">
        <ele>1296.0</ele>
      </trkpt>
      <trkpt lat="60.6248" lon="7.38065">
        <ele>1295.8</ele>
      </trkpt>
      <trkpt lat="60.62509" lon="7.38062">
        <ele>1295.6</ele>
      </trkpt>
      <trkpt lat="60.62516" lon="7.38056">
        <ele>1295.6</ele>
      </trkpt>
      <trkpt lat="60.62521" lon="7.38048">
        <ele>1295.6</ele>
      </trkpt>
      <trkpt lat="60.62552" lon="7.37962">
        <ele>1295.4</ele>
      </trkpt>
      <trkpt lat="60.62558" lon="7.37939">
        <ele>1295.6</ele>
      </trkpt>
      <trkpt lat="60.62562" lon="7.37885">
        <ele>1295.6</ele>
      </trkpt>
      <trkpt lat="60.62565" lon="7.37748">
        <ele>1295.7</ele>
      </trkpt>
      <trkpt lat="60.62558" lon="7.37716">
        <ele>1295.5</ele>
      </trkpt>
      <trkpt lat="60.62547" lon="7.37688">
        <ele>1295.2</ele>
      </trkpt>
      <trkpt lat="60.62506" lon="7.37633">
        <ele>1292.9</ele>
      </trkpt>
      <trkpt lat="60.62466" lon="7.37578">
        <ele>1290.3</ele>
      </trkpt>
      <trkpt lat="60.62455" lon="7.37558">
        <ele>1289.6</ele>
      </trkpt>
      <trkpt lat="60.62451" lon="7.37532">
        <ele>1289.2</ele>
      </trkpt>
      <trkpt lat="60.62449" lon="7.37474">
        <ele>1289.3</ele>
      </trkpt>
      <trkpt lat="60.62457" lon="7.37438">
        <ele>1290.8</ele>
      </trkpt>
      <trkpt lat="60.62484" lon="7.37364">
        <ele>1292.4</ele>
      </trkpt>
      <trkpt lat="60.6251" lon="7.37277">
        <ele>1292.8</ele>
      </trkpt>
      <trkpt lat="60.62522" lon="7.37209">
        <ele>1292.0</ele>
      </trkpt>
      <trkpt lat="60.62525" lon="7.37195">
        <ele>1291.7</ele>
      </trkpt>
      <trkpt lat="60.62527" lon="7.37148">
        <ele>1290.8</ele>
      </trkpt>
      <trkpt lat="60.62544" lon="7.37102">
        <ele>1290.0</ele>
      </trkpt>
      <trkpt lat="60.62578" lon="7.37067">
        <ele>1288.6</ele>
      </trkpt>
      <trkpt lat="60.62613" lon="7.37052">
        <ele>1287.6</ele>
      </trkpt>
      <trkpt lat="60.62635" lon="7.37053">
        <ele>1287.3</ele>
      </trkpt>
      <trkpt lat="60.62661" lon="7.37049">
        <ele>1287.3</ele>
      </trkpt>
      <trkpt lat="60.62686" lon="7.3703">
        <ele>1288.4</ele>
      </trkpt>
      <trkpt lat="60.62738" lon="7.37011">
        <ele>1295.4</ele>
      </trkpt>
      <trkpt lat="60.6275" lon="7.36986">
        <ele>1298.0</ele>
      </trkpt>
      <trkpt lat="60.62753" lon="7.36954">
        <ele>1298.8</ele>
      </trkpt>
      <trkpt lat="60.6275" lon="7.36918">
        <ele>1299.0</ele>
      </trkpt>
      <trkpt lat="60.62726" lon="7.36761">
        <ele>1294.4</ele>
      </trkpt>
      <trkpt lat="60.62703" lon="7.36675">
        <ele>1289.7</ele>
      </trkpt>
      <trkpt lat="60.62656" lon="7.36589">
        <ele>1289.0</ele>
      </trkpt>
      <trkpt lat="60.62609" lon="7.36503">
        <ele>1289.0</ele>
      </trkpt>
      <trkpt lat="60.62592" lon="7.36439">
        <ele>1287.8</ele>
      </trkpt>
      <trkpt lat="60.62585" lon="7.36396">
        <ele>1286.3</ele>
      </trkpt>
      <trkpt lat="60.62586" lon="7.36361">
        <ele>1285.6</ele>
      </trkpt>
      <trkpt lat="60.62596" lon="7.36299">
        <ele>1285.0</ele>
      </trkpt>
      <trkpt lat="60.62609" lon="7.36246">
        <ele>1284.2</ele>
      </trkpt>
      <trkpt lat="60.62625" lon="7.36202">
        <ele>1283.8</ele>
      </trkpt>
      <trkpt lat="60.62653" lon="7.36156">
        <ele>1285.1</ele>
      </trkpt>
      <trkpt lat="60.62671" lon="7.3611">
        <ele>1286.8</ele>
      </trkpt>
      <trkpt lat="60.62691" lon="7.36023">
        <ele>1289.5</ele>
      </trkpt>
      <trkpt lat="60.62723" lon="7.35925">
        <ele>1294.2</ele>
      </trkpt>
      <trkpt lat="60.6274" lon="7.35862">
        <ele>1296.8</ele>
      </trkpt>
      <trkpt lat="60.62762" lon="7.35685">
        <ele>1306.1</ele>
      </trkpt>
      <trkpt lat="60.62759" lon="7.35653">
        <ele>1306.6</ele>
      </trkpt>
      <trkpt lat="60.6276" lon="7.35619">
        <ele>1309.3</ele>
      </trkpt>
      <trkpt lat="60.62757" lon="7.35575">
        <ele>1310.8</ele>
      </trkpt>
      <trkpt lat="60.6273" lon="7.35419">
        <ele>1306.5</ele>
      </trkpt>
      <trkpt lat="60.62722" lon="7.3536">
        <ele>1303.4</ele>
      </trkpt>
      <trkpt lat="60.62717" lon="7.35247">
        <ele>1296.7</ele>
      </trkpt>
      <trkpt lat="60.62732" lon="7.35176">
        <ele>1296.9</ele>
      </trkpt>
      <trkpt lat="60.62742" lon="7.35102">
        <ele>1296.5</ele>
      </trkpt>
      <trkpt lat="60.62745" lon="7.35088">
        <ele>1296.6</ele>
      </trkpt>
      <trkpt lat="60.62764" lon="7.35051">
        <ele>1298.7</ele>
      </trkpt>
      <trkpt lat="60.62783" lon="7.35032">
        <ele>1300.6</ele>
      </trkpt>
      <trkpt lat="60.62793" lon="7.35018">
        <ele>1301.5</ele>
      </trkpt>
      <trkpt lat="60.62804" lon="7.34984">
        <ele>1300.5</ele>
      </trkpt>
      <trkpt lat="60.62814" lon="7.3492">
        <ele>1299.6</ele>
      </trkpt>
      <trkpt lat="60.62819" lon="7.34891">
        <ele>1299.2</ele>
      </trkpt>
      <trkpt lat="60.6282" lon="7.34874">
        <ele>1299.0</ele>
      </trkpt>
      <trkpt lat="60.62818" lon="7.34848">
        <ele>1298.7</ele>
      </trkpt>
      <trkpt lat="60.62818" lon="7.34746">
        <ele>1294.0</ele>
      </trkpt>
      <trkpt lat="60.62822" lon="7.34702">
        <ele>1292.0</ele>
      </trkpt>
      <trkpt lat="60.62859" lon="7.34637">
        <ele>1295.3</ele>
      </trkpt>
      <trkpt lat="60.62895" lon="7.34583">
        <ele>1299.2</ele>
      </trkpt>
      <trkpt lat="60.62911" lon="7.34539">
        <ele>1299.4</ele>
      </trkpt>
      <trkpt lat="60.62919" lon="7.34514">
        <ele>1299.3</ele>
      </trkpt>
      <trkpt lat="60.62937" lon="7.34485">
        <ele>1301.2</ele>
      </trkpt>
      <trkpt lat="60.62948" lon="7.34447">
        <ele>1300.8</ele>
      </trkpt>
      <trkpt lat="60.62953" lon="7.34422">
        <ele>1299.6</ele>
      </trkpt>
      <trkpt lat="60.62956" lon="7.34373">
        <ele>1296.3</ele>
      </trkpt>
      <trkpt lat="60.62973" lon="7.34331">
        <ele>1297.0</ele>
      </trkpt>
      <trkpt lat="60.62986" lon="7.34314">
        <ele>1298.7</ele>
      </trkpt>
      <trkpt lat="60.63002" lon="7.34308">
        <ele>1300.6</ele>
      </trkpt>
      <trkpt lat="60.63008" lon="7.343">
        <ele>1301.4</ele>
      </trkpt>
      <trkpt lat="60.63012" lon="7.3429">
        <ele>1302.1</ele>
      </trkpt>
      <trkpt lat="60.63026" lon="7.34242">
        <ele>1305.3</ele>
      </trkpt>
      <trkpt lat="60.63029" lon="7.34225">
        <ele>1305.0</ele>
      </trkpt>
      <trkpt lat="60.63026" lon="7.34203">
        <ele>1302.9</ele>
      </trkpt>
      <trkpt lat="60.63009" lon="7.34158">
        <ele>1296.4</ele>
      </trkpt>
      <trkpt lat="60.63005" lon="7.34091">
        <ele>1294.7</ele>
      </trkpt>
      <trkpt lat="60.63011" lon="7.34071">
        <ele>1295.6</ele>
      </trkpt>
      <trkpt lat="60.63019" lon="7.34056">
        <ele>1297.5</ele>
      </trkpt>
      <trkpt lat="60.63032" lon="7.34045">
        <ele>1300.2</ele>
      </trkpt>
      <trkpt lat="60.63049" lon="7.34047">
        <ele>1303.8</ele>
      </trkpt>
      <trkpt lat="60.63066" lon="7.34035">
        <ele>1307.9</ele>
      </trkpt>
      <trkpt lat="60.63075" lon="7.34014">
        <ele>1309.0</ele>
      </trkpt>
      <trkpt lat="60.6309" lon="7.33994">
        <ele>1310.5</ele>
      </trkpt>
      <trkpt lat="60.63101" lon="7.33953">
        <ele>1308.7</ele>
      </trkpt>
      <trkpt lat="60.63105" lon="7.3393">
        <ele>1307.0</ele>
      </trkpt>
      <trkpt lat="60.63109" lon="7.33917">
        <ele>1305.8</ele>
      </trkpt>
      <trkpt lat="60.63123" lon="7.33899">
        <ele>1303.8</ele>
      </trkpt>
      <trkpt lat="60.63148" lon="7.33916">
        <ele>1305.4</ele>
      </trkpt>
      <trkpt lat="60.63164" lon="7.33947">
        <ele>1309.4</ele>
      </trkpt>
      <trkpt lat="60.63184" lon="7.33964">
        <ele>1311.9</ele>
      </trkpt>
      <trkpt lat="60.63206" lon="7.33975">
        <ele>1314.3</ele>
      </trkpt>
      <trkpt lat="60.63236" lon="7.33962">
        <ele>1313.5</ele>
      </trkpt>
      <trkpt lat="60.63268" lon="7.33927">
        <ele>1308.9</ele>
      </trkpt>
      <trkpt lat="60.63275" lon="7.33912">
        <ele>1307.3</ele>
      </trkpt>
      <trkpt lat="60.63297" lon="7.33881">
        <ele>1304.3</ele>
      </trkpt>
      <trkpt lat="60.63317" lon="7.33841">
        <ele>1298.7</ele>
      </trkpt>
      <trkpt lat="60.63325" lon="7.33801">
        <ele>1292.7</ele>
      </trkpt>
      <trkpt lat="60.63362" lon="7.33735">
        <ele>1285.9</ele>
      </trkpt>
      <trkpt lat="60.63402" lon="7.33679">
        <ele>1281.8</ele>
      </trkpt>
      <trkpt lat="60.63409" lon="7.33662">
        <ele>1280.7</ele>
      </trkpt>
      <trkpt lat="60.63413" lon="7.33644">
        <ele>1278.9</ele>
      </trkpt>
      <trkpt lat="60.63415" lon="7.33603">
        <ele>1272.8</ele>
      </trkpt>
      <trkpt lat="60.6342" lon="7.33577">
        <ele>1268.2</ele>
      </trkpt>
      <trkpt lat="60.63436" lon="7.33538">
        <ele>1261.7</ele>
      </trkpt>
      <trkpt lat="60.63444" lon="7.3353">
        <ele>1260.8</ele>
      </trkpt>
      <trkpt lat="60.63454" lon="7.33524">
        <ele>1260.3</ele>
      </trkpt>
      <trkpt lat="60.63461" lon="7.33507">
        <ele>1258.3</ele>
      </trkpt>
      <trkpt lat="60.63502" lon="7.33463">
        <ele>1254.2</ele>
      </trkpt>
      <trkpt lat="60.63519" lon="7.3344">
        <ele>1249.7</ele>
      </trkpt>
      <trkpt lat="60.6355" lon="7.33415">
        <ele>1245.1</ele>
      </trkpt>
      <trkpt lat="60.63582" lon="7.33414">
        <ele>1245.3</ele>
      </trkpt>
      <trkpt lat="60.6366" lon="7.33415">
        <ele>1254.4</ele>
      </trkpt>
      <trkpt lat="60.637" lon="7.33399">
        <ele>1255.8</ele>
      </trkpt>
      <trkpt lat="60.63733" lon="7.33399">
        <ele>1259.6</ele>
      </trkpt>
      <trkpt lat="60.63751" lon="7.3339">
        <ele>1258.9</ele>
      </trkpt>
      <trkpt lat="60.63812" lon="7.33319">
        <ele>1249.1</ele>
      </trkpt>
      <trkpt lat="60.63877" lon="7.33287">
        <ele>1242.6</ele>
      </trkpt>
      <trkpt lat="60.63942" lon="7.33254">
        <ele>1233.6</ele>
      </trkpt>
      <trkpt lat="60.63956" lon="7.33252">
        <ele>1232.9</ele>
      </trkpt>
      <trkpt lat="60.6399" lon="7.33234">
        <ele>1228.8</ele>
      </trkpt>
      <trkpt lat="60.64019" lon="7.33228">
        <ele>1228.1</ele>
      </trkpt>
      <trkpt lat="60.64037" lon="7.33202">
        <ele>1227.7</ele>
      </trkpt>
      <trkpt lat="60.64046" lon="7.33177">
        <ele>1227.4</ele>
      </trkpt>
      <trkpt lat="60.64047" lon="7.33165">
        <ele>1227.2</ele>
      </trkpt>
      <trkpt lat="60.64051" lon="7.33145">
        <ele>1227.0</ele>
      </trkpt>
      <trkpt lat="60.64063" lon="7.33003">
        <ele>1225.6</ele>
      </trkpt>
      <trkpt lat="60.64073" lon="7.32905">
        <ele>1225.0</ele>
      </trkpt>
      <trkpt lat="60.64084" lon="7.32807">
        <ele>1217.0</ele>
      </trkpt>
      <trkpt lat="60.64091" lon="7.32758">
        <ele>1212.7</ele>
      </trkpt>
      <trkpt lat="60.64098" lon="7.32729">
        <ele>1210.4</ele>
      </trkpt>
      <trkpt lat="60.64108" lon="7.32708">
        <ele>1209.5</ele>
      </trkpt>
      <trkpt lat="60.64157" lon="7.32653">
        <ele>1208.4</ele>
      </trkpt>
      <trkpt lat="60.64206" lon="7.32613">
        <ele>1202.8</ele>
      </trkpt>
      <trkpt lat="60.64232" lon="7.32597">
        <ele>1200.0</ele>
      </trkpt>
      <trkpt lat="60.64264" lon="7.32587">
        <ele>1198.5</ele>
      </trkpt>
      <trkpt lat="60.64278" lon="7.3257">
        <ele>1196.1</ele>
      </trkpt>
      <trkpt lat="60.64292" lon="7.32564">
        <ele>1195.2</ele>
      </trkpt>
      <trkpt lat="60.64358" lon="7.32558">
        <ele>1193.0</ele>
      </trkpt>
      <trkpt lat="60.64405" lon="7.32566">
        <ele>1192.4</ele>
      </trkpt>
      <trkpt lat="60.64421" lon="7.32561">
        <ele>1190.9</ele>
      </trkpt>
      <trkpt lat="60.64461" lon="7.32531">
        <ele>1184.3</ele>
      </trkpt>
      <trkpt lat="60.6447" lon="7.32524">
        <ele>1182.9</ele>
      </trkpt>
      <trkpt lat="60.64528" lon="7.32498">
        <ele>1177.8</ele>
      </trkpt>
      <trkpt lat="60.64549" lon="7.32472">
        <ele>1174.2</ele>
      </trkpt>
      <trkpt lat="60.64563" lon="7.32463">
        <ele>1172.7</ele>
      </trkpt>
      <trkpt lat="60.64575" lon="7.32466">
        <ele>1172.6</ele>
      </trkpt>
      <trkpt lat="60.64595" lon="7.32487">
        <ele>1174.2</ele>
      </trkpt>
      <trkpt lat="60.64629" lon="7.32553">
        <ele>1178.9</ele>
      </trkpt>
      <trkpt lat="60.6465" lon="7.32575">
        <ele>1179.6</ele>
      </trkpt>
      <trkpt lat="60.64732" lon="7.32583">
        <ele>1173.3</ele>
      </trkpt>
      <trkpt lat="60.6478" lon="7.32579">
        <ele>1171.1</ele>
      </trkpt>
      <trkpt lat="60.64828" lon="7.32575">
        <ele>1170.4</ele>
      </trkpt>
      <trkpt lat="60.64872" lon="7.32561">
        <ele>1169.7</ele>
      </trkpt>
      <trkpt lat="60.64908" lon="7.32518">
        <ele>1169.0</ele>
      </trkpt>
      <trkpt lat="60.64962" lon="7.3251">
        <ele>1168.0</ele>
      </trkpt>
      <trkpt lat="60.64977" lon="7.32502">
        <ele>1167.8</ele>
      </trkpt>
      <trkpt lat="60.65032" lon="7.32444">
        <ele>1165.9</ele>
      </trkpt>
      <trkpt lat="60.65062" lon="7.32386">
        <ele>1165.1</ele>
      </trkpt>
      <trkpt lat="60.65076" lon="7.32309">
        <ele>1166.7</ele>
      </trkpt>
      <trkpt lat="60.65083" lon="7.3228">
        <ele>1166.8</ele>
      </trkpt>
      <trkpt lat="60.65099" lon="7.32229">
        <ele>1166.1</ele>
      </trkpt>
      <trkpt lat="60.65105" lon="7.32206">
        <ele>1166.2</ele>
      </trkpt>
      <trkpt lat="60.65117" lon="7.32076">
        <ele>1166.2</ele>
      </trkpt>
      <trkpt lat="60.6512" lon="7.32066">
        <ele>1165.7</ele>
      </trkpt>
      <trkpt lat="60.65139" lon="7.32052">
        <ele>1164.5</ele>
      </trkpt>
      <trkpt lat="60.65149" lon="7.32044">
        <ele>1163.9</ele>
      </trkpt>
      <trkpt lat="60.65161" lon="7.32029">
        <ele>1163.1</ele>
      </trkpt>
      <trkpt lat="60.65172" lon="7.32004">
        <ele>1162.2</ele>
      </trkpt>
      <trkpt lat="60.65192" lon="7.3199">
        <ele>1162.4</ele>
      </trkpt>
      <trkpt lat="60.65203" lon="7.31974">
        <ele>1162.7</ele>
      </trkpt>
      <trkpt lat="60.65216" lon="7.3193">
        <ele>1163.8</ele>
      </trkpt>
      <trkpt lat="60.65246" lon="7.31818">
        <ele>1166.4</ele>
      </trkpt>
      <trkpt lat="60.65277" lon="7.31706">
        <ele>1168.3</ele>
      </trkpt>
      <trkpt lat="60.65293" lon="7.31622">
        <ele>1167.1</ele>
      </trkpt>
      <trkpt lat="60.65309" lon="7.31571">
        <ele>1166.9</ele>
      </trkpt>
      <trkpt lat="60.65332" lon="7.31449">
        <ele>1167.2</ele>
      </trkpt>
      <trkpt lat="60.65344" lon="7.31359">
        <ele>1167.7</ele>
      </trkpt>
      <trkpt lat="60.65347" lon="7.31302">
        <ele>1169.0</ele>
      </trkpt>
      <trkpt lat="60.65347" lon="7.31273">
        <ele>1169.7</ele>
      </trkpt>
      <trkpt lat="60.65341" lon="7.31188">
        <ele>1171.3</ele>
      </trkpt>
      <trkpt lat="60.65353" lon="7.31134">
        <ele>1174.3</ele>
      </trkpt>
      <trkpt lat="60.65354" lon="7.31122">
        <ele>1174.8</ele>
      </trkpt>
      <trkpt lat="60.65352" lon="7.31101">
        <ele>1174.7</ele>
      </trkpt>
      <trkpt lat="60.65338" lon="7.31071">
        <ele>1174.3</ele>
      </trkpt>
      <trkpt lat="60.65334" lon="7.31059">
        <ele>1174.2</ele>
      </trkpt>
      <trkpt lat="60.65333" lon="7.31043">
        <ele>1174.4</ele>
      </trkpt>
      <trkpt lat="60.65333" lon="7.31028">
        <ele>1175.0</ele>
      </trkpt>
      <trkpt lat="60.65346" lon="7.30973">
        <ele>1178.3</ele>
      </trkpt>
      <trkpt lat="60.65348" lon="7.3095">
        <ele>1179.5</ele>
      </trkpt>
      <trkpt lat="60.6534" lon="7.30823">
        <ele>1181.1</ele>
      </trkpt>
      <trkpt lat="60.65327" lon="7.30757">
        <ele>1178.7</ele>
      </trkpt>
      <trkpt lat="60.6533" lon="7.30701">
        <ele>1179.8</ele>
      </trkpt>
      <trkpt lat="60.6533" lon="7.30672">
        <ele>1180.3</ele>
      </trkpt>
      <trkpt lat="60.65323" lon="7.30568">
        <ele>1178.9</ele>
      </trkpt>
      <trkpt lat="60.65316" lon="7.30464">
        <ele>1179.2</ele>
      </trkpt>
      <trkpt lat="60.65311" lon="7.3043">
        <ele>1178.8</ele>
      </trkpt>
      <trkpt lat="60.65303" lon="7.30397">
        <ele>1177.7</ele>
      </trkpt>
      <trkpt lat="60.65289" lon="7.30349">
        <ele>1175.8</ele>
      </trkpt>
      <trkpt lat="60.65275" lon="7.30313">
        <ele>1174.2</ele>
      </trkpt>
      <trkpt lat="60.6527" lon="7.30279">
        <ele>1173.2</ele>
      </trkpt>
      <trkpt lat="60.65261" lon="7.3023">
        <ele>1171.7</ele>
      </trkpt>
      <trkpt lat="60.6526" lon="7.30215">
        <ele>1171.1</ele>
      </trkpt>
      <trkpt lat="60.65259" lon="7.30138">
        <ele>1169.0</ele>
      </trkpt>
      <trkpt lat="60.65263" lon="7.30123">
        <ele>1168.9</ele>
      </trkpt>
      <trkpt lat="60.65272" lon="7.30112">
        <ele>1169.0</ele>
      </trkpt>
      <trkpt lat="60.65286" lon="7.30102">
        <ele>1169.6</ele>
      </trkpt>
      <trkpt lat="60.65293" lon="7.30083">
        <ele>1169.6</ele>
      </trkpt>
      <trkpt lat="60.65306" lon="7.29985">
        <ele>1169.0</ele>
      </trkpt>
      <trkpt lat="60.65308" lon="7.2995">
        <ele>1168.3</ele>
      </trkpt>
      <trkpt lat="60.65308" lon="7.29938">
        <ele>1167.9</ele>
      </trkpt>
      <trkpt lat="60.65305" lon="7.29916">
        <ele>1167.0</ele>
      </trkpt>
      <trkpt lat="60.65301" lon="7.299">
        <ele>1166.2</ele>
      </trkpt>
      <trkpt lat="60.65284" lon="7.29856">
        <ele>1163.5</ele>
      </trkpt>
      <trkpt lat="60.6527" lon="7.29812">
        <ele>1159.7</ele>
      </trkpt>
      <trkpt lat="60.65265" lon="7.29786">
        <ele>1157.4</ele>
      </trkpt>
      <trkpt lat="60.65265" lon="7.29776">
        <ele>1156.3</ele>
      </trkpt>
      <trkpt lat="60.65269" lon="7.29762">
        <ele>1155.0</ele>
      </trkpt>
      <trkpt lat="60.65272" lon="7.29758">
        <ele>1154.9</ele>
      </trkpt>
      <trkpt lat="60.65302" lon="7.29741">
        <ele>1154.4</ele>
      </trkpt>
      <trkpt lat="60.65326" lon="7.29738">
        <ele>1154.2</ele>
      </trkpt>
      <trkpt lat="60.65359" lon="7.29745">
        <ele>1155.4</ele>
      </trkpt>
      <trkpt lat="60.65366" lon="7.29742">
        <ele>1155.3</ele>
      </trkpt>
      <trkpt lat="60.65378" lon="7.29738">
        <ele>1155.5</ele>
      </trkpt>
      <trkpt lat="60.65388" lon="7.29728">
        <ele>1155.5</ele>
      </trkpt>
      <trkpt lat="60.6542" lon="7.29671">
        <ele>1153.0</ele>
      </trkpt>
      <trkpt lat="60.6543" lon="7.29641">
        <ele>1151.7</ele>
      </trkpt>
      <trkpt lat="60.6544" lon="7.29595">
        <ele>1150.3</ele>
      </trkpt>
      <trkpt lat="60.65458" lon="7.29561">
        <ele>1151.6</ele>
      </trkpt>
      <trkpt lat="60.65476" lon="7.29502">
        <ele>1152.9</ele>
      </trkpt>
      <trkpt lat="60.6548" lon="7.29487">
        <ele>1153.1</ele>
      </trkpt>
      <trkpt lat="60.65484" lon="7.29455">
        <ele>1153.6</ele>
      </trkpt>
      <trkpt lat="60.65485" lon="7.2943">
        <ele>1153.8</ele>
      </trkpt>
      <trkpt lat="60.65483" lon="7.29394">
        <ele>1153.6</ele>
      </trkpt>
      <trkpt lat="60.65479" lon="7.29375">
        <ele>1153.0</ele>
      </trkpt>
      <trkpt lat="60.65459" lon="7.29339">
        <ele>1151.4</ele>
      </trkpt>
      <trkpt lat="60.65451" lon="7.29318">
        <ele>1151.0</ele>
      </trkpt>
      <trkpt lat="60.6545" lon="7.29305">
        <ele>1151.3</ele>
      </trkpt>
      <trkpt lat="60.65449" lon="7.29273">
        <ele>1152.3</ele>
      </trkpt>
      <trkpt lat="60.6544" lon="7.29225">
        <ele>1152.8</ele>
      </trkpt>
      <trkpt lat="60.6544" lon="7.29203">
        <ele>1153.6</ele>
      </trkpt>
      <trkpt lat="60.65444" lon="7.29161">
        <ele>1154.6</ele>
      </trkpt>
      <trkpt lat="60.65448" lon="7.29137">
        <ele>1155.5</ele>
      </trkpt>
      <trkpt lat="60.65454" lon="7.29117">
        <ele>1157.4</ele>
      </trkpt>
      <trkpt lat="60.65456" lon="7.291">
        <ele>1157.6</ele>
      </trkpt>
      <trkpt lat="60.65455" lon="7.2909">
        <ele>1157.8</ele>
      </trkpt>
      <trkpt lat="60.65452" lon="7.29078">
        <ele>1158.0</ele>
      </trkpt>
      <trkpt lat="60.65449" lon="7.29067">
        <ele>1158.3</ele>
      </trkpt>
      <trkpt lat="60.65424" lon="7.28988">
        <ele>1159.9</ele>
      </trkpt>
      <trkpt lat="60.654" lon="7.28945">
        <ele>1158.3</ele>
      </trkpt>
      <trkpt lat="60.65368" lon="7.28867">
        <ele>1158.0</ele>
      </trkpt>
      <trkpt lat="60.65358" lon="7.28834">
        <ele>1159.1</ele>
      </trkpt>
      <trkpt lat="60.65345" lon="7.28785">
        <ele>1159.8</ele>
      </trkpt>
      <trkpt lat="60.65341" lon="7.28777">
        <ele>1159.3</ele>
      </trkpt>
      <trkpt lat="60.65331" lon="7.28765">
        <ele>1158.2</ele>
      </trkpt>
      <trkpt lat="60.65325" lon="7.28761">
        <ele>1157.6</ele>
      </trkpt>
      <trkpt lat="60.65318" lon="7.2876">
        <ele>1156.8</ele>
      </trkpt>
      <trkpt lat="60.65295" lon="7.28765">
        <ele>1154.4</ele>
      </trkpt>
      <trkpt lat="60.65285" lon="7.28762">
        <ele>1153.5</ele>
      </trkpt>
      <trkpt lat="60.6524" lon="7.28714">
        <ele>1150.2</ele>
      </trkpt>
      <trkpt lat="60.65236" lon="7.28706">
        <ele>1150.0</ele>
      </trkpt>
      <trkpt lat="60.65234" lon="7.28689">
        <ele>1149.9</ele>
      </trkpt>
      <trkpt lat="60.65238" lon="7.28649">
        <ele>1149.1</ele>
      </trkpt>
      <trkpt lat="60.65236" lon="7.28635">
        <ele>1149.0</ele>
      </trkpt>
      <trkpt lat="60.65225" lon="7.28621">
        <ele>1148.0</ele>
      </trkpt>
      <trkpt lat="60.65201" lon="7.286">
        <ele>1144.9</ele>
      </trkpt>
      <trkpt lat="60.6519" lon="7.28586">
        <ele>1143.7</ele>
      </trkpt>
      <trkpt lat="60.65176" lon="7.28544">
        <ele>1140.9</ele>
      </trkpt>
      <trkpt lat="60.65169" lon="7.2852">
        <ele>1139.3</ele>
      </trkpt>
      <trkpt lat="60.65172" lon="7.28505">
        <ele>1138.5</ele>
      </trkpt>
      <trkpt lat="60.65193" lon="7.28468">
        <ele>1135.9</ele>
      </trkpt>
      <trkpt lat="60.65202" lon="7.28446">
        <ele>1134.1</ele>
      </trkpt>
      <trkpt lat="60.65216" lon="7.28376">
        <ele>1128.4</ele>
      </trkpt>
      <trkpt lat="60.65219" lon="7.28369">
        <ele>1127.9</ele>
      </trkpt>
      <trkpt lat="60.65229" lon="7.2836">
        <ele>1127.3</ele>
      </trkpt>
      <trkpt lat="60.65254" lon="7.28345">
        <ele>1127.1</ele>
      </trkpt>
      <trkpt lat="60.65279" lon="7.28317">
        <ele>1125.3</ele>
      </trkpt>
      <trkpt lat="60.65307" lon="7.28255">
        <ele>1121.3</ele>
      </trkpt>
      <trkpt lat="60.6534" lon="7.28189">
        <ele>1118.1</ele>
      </trkpt>
      <trkpt lat="60.65383" lon="7.28089">
        <ele>1117.1</ele>
      </trkpt>
      <trkpt lat="60.65425" lon="7.27989">
        <ele>1118.4</ele>
      </trkpt>
      <trkpt lat="60.65446" lon="7.27931">
        <ele>1117.4</ele>
      </trkpt>
      <trkpt lat="60.65449" lon="7.27908">
        <ele>1117.1</ele>
      </trkpt>
      <trkpt lat="60.65448" lon="7.27893">
        <ele>1116.9</ele>
      </trkpt>
      <trkpt lat="60.65448" lon="7.27886">
        <ele>1116.9</ele>
      </trkpt>
      <trkpt lat="60.65443" lon="7.27867">
        <ele>1116.6</ele>
      </trkpt>
      <trkpt lat="60.65411" lon="7.27805">
        <ele>1115.5</ele>
      </trkpt>
      <trkpt lat="60.654" lon="7.27769">
        <ele>1114.9</ele>
      </trkpt>
      <trkpt lat="60.65395" lon="7.27742">
        <ele>1115.3</ele>
      </trkpt>
      <trkpt lat="60.6539" lon="7.27708">
        <ele>1115.5</ele>
      </trkpt>
      <trkpt lat="60.65387" lon="7.27624">
        <ele>1117.9</ele>
      </trkpt>
      <trkpt lat="60.65373" lon="7.27525">
        <ele>1118.9</ele>
      </trkpt>
      <trkpt lat="60.65372" lon="7.27503">
        <ele>1119.1</ele>
      </trkpt>
      <trkpt lat="60.65373" lon="7.27462">
        <ele>1119.8</ele>
      </trkpt>
      <trkpt lat="60.65388" lon="7.27354">
        <ele>1118.2</ele>
      </trkpt>
      <trkpt lat="60.65381" lon="7.27265">
        <ele>1114.3</ele>
      </trkpt>
      <trkpt lat="60.65387" lon="7.27211">
        <ele>1112.1</ele>
      </trkpt>
      <trkpt lat="60.65394" lon="7.27189">
        <ele>1111.3</ele>
      </trkpt>
      <trkpt lat="60.65418" lon="7.2718">
        <ele>1110.4</ele>
      </trkpt>
      <trkpt lat="60.65447" lon="7.27182">
        <ele>1108.9</ele>
      </trkpt>
      <trkpt lat="60.65487" lon="7.27202">
        <ele>1106.5</ele>
      </trkpt>
      <trkpt lat="60.65494" lon="7.27202">
        <ele>1105.8</ele>
      </trkpt>
      <trkpt lat="60.65501" lon="7.27197">
        <ele>1104.8</ele>
      </trkpt>
      <trkpt lat="60.65507" lon="7.27181">
        <ele>1103.5</ele>
      </trkpt>
      <trkpt lat="60.65533" lon="7.27045">
        <ele>1095.1</ele>
      </trkpt>
      <trkpt lat="60.65553" lon="7.26987">
        <ele>1093.4</ele>
      </trkpt>
      <trkpt lat="60.65582" lon="7.26911">
        <ele>1092.2</ele>
      </trkpt>
      <trkpt lat="60.6561" lon="7.26836">
        <ele>1091.7</ele>
      </trkpt>
      <trkpt lat="60.65614" lon="7.26827">
        <ele>1091.7</ele>
      </trkpt>
      <trkpt lat="60.65669" lon="7.26706">
        <ele>1091.0</ele>
      </trkpt>
      <trkpt lat="60.65686" lon="7.26665">
        <ele>1089.5</ele>
      </trkpt>
      <trkpt lat="60.6569" lon="7.26651">
        <ele>1088.9</ele>
      </trkpt>
      <trkpt lat="60.65714" lon="7.26537">
        <ele>1086.2</ele>
      </trkpt>
      <trkpt lat="60.65738" lon="7.26423">
        <ele>1084.8</ele>
      </trkpt>
      <trkpt lat="60.65745" lon="7.26396">
        <ele>1083.9</ele>
      </trkpt>
      <trkpt lat="60.65753" lon="7.26375">
        <ele>1083.2</ele>
      </trkpt>
      <trkpt lat="60.65777" lon="7.26325">
        <ele>1081.3</ele>
      </trkpt>
      <trkpt lat="60.65797" lon="7.26263">
        <ele>1078.1</ele>
      </trkpt>
      <trkpt lat="60.65838" lon="7.26186">
        <ele>1075.4</ele>
      </trkpt>
      <trkpt lat="60.65857" lon="7.26143">
        <ele>1075.4</ele>
      </trkpt>
      <trkpt lat="60.65863" lon="7.26114">
        <ele>1075.4</ele>
      </trkpt>
      <trkpt lat="60.65866" lon="7.26068">
        <ele>1073.9</ele>
      </trkpt>
      <trkpt lat="60.65866" lon="7.26055">
        <ele>1073.6</ele>
      </trkpt>
      <trkpt lat="60.65867" lon="7.25936">
        <ele>1070.0</ele>
      </trkpt>
      <trkpt lat="60.65869" lon="7.25922">
        <ele>1069.8</ele>
      </trkpt>
      <trkpt lat="60.65883" lon="7.25857">
        <ele>1069.8</ele>
      </trkpt>
      <trkpt lat="60.65884" lon="7.25842">
        <ele>1069.3</ele>
      </trkpt>
      <trkpt lat="60.65882" lon="7.25801">
        <ele>1066.2</ele>
      </trkpt>
      <trkpt lat="60.65884" lon="7.25786">
        <ele>1065.4</ele>
      </trkpt>
      <trkpt lat="60.65887" lon="7.25774">
        <ele>1064.8</ele>
      </trkpt>
      <trkpt lat="60.659" lon="7.25741">
        <ele>1063.1</ele>
      </trkpt>
      <trkpt lat="60.65903" lon="7.25725">
        <ele>1062.3</ele>
      </trkpt>
      <trkpt lat="60.6591" lon="7.25679">
        <ele>1060.2</ele>
      </trkpt>
      <trkpt lat="60.65916" lon="7.25665">
        <ele>1060.3</ele>
      </trkpt>
      <trkpt lat="60.65936" lon="7.25636">
        <ele>1061.7</ele>
      </trkpt>
      <trkpt lat="60.65944" lon="7.25617">
        <ele>1061.2</ele>
      </trkpt>
      <trkpt lat="60.65952" lon="7.25559">
        <ele>1057.0</ele>
      </trkpt>
      <trkpt lat="60.65958" lon="7.25539">
        <ele>1055.8</ele>
      </trkpt>
      <trkpt lat="60.65967" lon="7.25525">
        <ele>1056.2</ele>
      </trkpt>
      <trkpt lat="60.66013" lon="7.25485">
        <ele>1056.8</ele>
      </trkpt>
      <trkpt lat="60.66085" lon="7.25456">
        <ele>1061.0</ele>
      </trkpt>
      <trkpt lat="60.66095" lon="7.25447">
        <ele>1061.5</ele>
      </trkpt>
      <trkpt lat="60.66101" lon="7.25433">
        <ele>1060.9</ele>
      </trkpt>
      <trkpt lat="60.66106" lon="7.25422">
        <ele>1060.7</ele>
      </trkpt>
      <trkpt lat="60.6613" lon="7.25351">
        <ele>1057.3</ele>
      </trkpt>
      <trkpt lat="60.6617" lon="7.25286">
        <ele>1055.3</ele>
      </trkpt>
      <trkpt lat="60.6618" lon="7.25274">
        <ele>1055.0</ele>
      </trkpt>
      <trkpt lat="60.66224" lon="7.25263">
        <ele>1054.3</ele>
      </trkpt>
      <trkpt lat="60.66262" lon="7.25259">
        <ele>1051.6</ele>
      </trkpt>
      <trkpt lat="60.66277" lon="7.25254">
        <ele>1050.8</ele>
      </trkpt>
      <trkpt lat="60.66308" lon="7.2523">
        <ele>1048.0</ele>
      </trkpt>
      <trkpt lat="60.66347" lon="7.25191">
        <ele>1047.1</ele>
      </trkpt>
      <trkpt lat="60.66369" lon="7.2516">
        <ele>1047.1</ele>
      </trkpt>
      <trkpt lat="60.66378" lon="7.25144">
        <ele>1046.4</ele>
      </trkpt>
      <trkpt lat="60.66414" lon="7.25058">
        <ele>1042.1</ele>
      </trkpt>
      <trkpt lat="60.66438" lon="7.25017">
        <ele>1041.1</ele>
      </trkpt>
      <trkpt lat="60.66461" lon="7.24993">
        <ele>1041.0</ele>
      </trkpt>
      <trkpt lat="60.66466" lon="7.24989">
        <ele>1041.1</ele>
      </trkpt>
      <trkpt lat="60.66478" lon="7.24987">
        <ele>1042.2</ele>
      </trkpt>
      <trkpt lat="60.66525" lon="7.25003">
        <ele>1042.7</ele>
      </trkpt>
      <trkpt lat="60.66537" lon="7.25001">
        <ele>1042.9</ele>
      </trkpt>
      <trkpt lat="60.6654" lon="7.24999">
        <ele>1042.9</ele>
      </trkpt>
      <trkpt lat="60.66544" lon="7.24994">
        <ele>1043.0</ele>
      </trkpt>
      <trkpt lat="60.66548" lon="7.24989">
        <ele>1043.1</ele>
      </trkpt>
      <trkpt lat="60.66595" lon="7.24904">
        <ele>1043.9</ele>
      </trkpt>
      <trkpt lat="60.66643" lon="7.2482">
        <ele>1045.6</ele>
      </trkpt>
      <trkpt lat="60.66674" lon="7.24778">
        <ele>1047.6</ele>
      </trkpt>
      <trkpt lat="60.66694" lon="7.24763">
        <ele>1050.4</ele>
      </trkpt>
      <trkpt lat="60.66714" lon="7.24707">
        <ele>1051.2</ele>
      </trkpt>
      <trkpt lat="60.66735" lon="7.24633">
        <ele>1051.3</ele>
      </trkpt>
      <trkpt lat="60.6675" lon="7.24537">
        <ele>1048.1</ele>
      </trkpt>
      <trkpt lat="60.66762" lon="7.24489">
        <ele>1045.9</ele>
      </trkpt>
      <trkpt lat="60.66797" lon="7.24428">
        <ele>1045.4</ele>
      </trkpt>
      <trkpt lat="60.668" lon="7.24419">
        <ele>1045.4</ele>
      </trkpt>
      <trkpt lat="60.66805" lon="7.24405">
        <ele>1045.3</ele>
      </trkpt>
      <trkpt lat="60.66817" lon="7.24372">
        <ele>1045.2</ele>
      </trkpt>
      <trkpt lat="60.6688" lon="7.24286">
        <ele>1047.5</ele>
      </trkpt>
      <trkpt lat="60.66891" lon="7.24259">
        <ele>1047.6</ele>
      </trkpt>
      <trkpt lat="60.66894" lon="7.24243">
        <ele>1046.9</ele>
      </trkpt>
      <trkpt lat="60.66896" lon="7.24223">
        <ele>1046.1</ele>
      </trkpt>
      <trkpt lat="60.66896" lon="7.24214">
        <ele>1045.7</ele>
      </trkpt>
      <trkpt lat="60.66893" lon="7.24188">
        <ele>1044.7</ele>
      </trkpt>
      <trkpt lat="60.66887" lon="7.24164">
        <ele>1043.7</ele>
      </trkpt>
      <trkpt lat="60.66876" lon="7.24135">
        <ele>1042.1</ele>
      </trkpt>
      <trkpt lat="60.6686" lon="7.24102">
        <ele>1040.4</ele>
      </trkpt>
      <trkpt lat="60.66853" lon="7.24081">
        <ele>1039.6</ele>
      </trkpt>
      <trkpt lat="60.66847" lon="7.24055">
        <ele>1039.0</ele>
      </trkpt>
      <trkpt lat="60.66843" lon="7.24008">
        <ele>1038.2</ele>
      </trkpt>
      <trkpt lat="60.66843" lon="7.23947">
        <ele>1036.8</ele>
      </trkpt>
      <trkpt lat="60.66849" lon="7.239">
        <ele>1037.1</ele>
      </trkpt>
      <trkpt lat="60.66857" lon="7.23868">
        <ele>1037.2</ele>
      </trkpt>
      <trkpt lat="60.66864" lon="7.23852">
        <ele>1037.6</ele>
      </trkpt>
      <trkpt lat="60.66885" lon="7.23814">
        <ele>1037.8</ele>
      </trkpt>
      <trkpt lat="60.66915" lon="7.23768">
        <ele>1037.3</ele>
      </trkpt>
      <trkpt lat="60.66983" lon="7.2373">
        <ele>1036.4</ele>
      </trkpt>
      <trkpt lat="60.67022" lon="7.23686">
        <ele>1035.8</ele>
      </trkpt>
      <trkpt lat="60.67062" lon="7.23641">
        <ele>1036.7</ele>
      </trkpt>
      <trkpt lat="60.67073" lon="7.23636">
        <ele>1037.7</ele>
      </trkpt>
      <trkpt lat="60.67101" lon="7.2364">
        <ele>1042.0</ele>
      </trkpt>
      <trkpt lat="60.67132" lon="7.23633">
        <ele>1043.7</ele>
      </trkpt>
      <trkpt lat="60.67148" lon="7.23619">
        <ele>1042.8</ele>
      </trkpt>
      <trkpt lat="60.67165" lon="7.2359">
        <ele>1039.0</ele>
      </trkpt>
      <trkpt lat="60.67211" lon="7.23577">
        <ele>1036.9</ele>
      </trkpt>
      <trkpt lat="60.67228" lon="7.23592">
        <ele>1037.8</ele>
      </trkpt>
      <trkpt lat="60.67248" lon="7.23623">
        <ele>1041.8</ele>
      </trkpt>
      <trkpt lat="60.67266" lon="7.23642">
        <ele>1043.8</ele>
      </trkpt>
      <trkpt lat="60.67304" lon="7.2365">
        <ele>1041.2</ele>
      </trkpt>
      <trkpt lat="60.67329" lon="7.2367">
        <ele>1043.0</ele>
      </trkpt>
      <trkpt lat="60.67348" lon="7.23677">
        <ele>1043.2</ele>
      </trkpt>
      <trkpt lat="60.67363" lon="7.23673">
        <ele>1041.6</ele>
      </trkpt>
      <trkpt lat="60.67414" lon="7.23647">
        <ele>1035.1</ele>
      </trkpt>
      <trkpt lat="60.67465" lon="7.23622">
        <ele>1030.5</ele>
      </trkpt>
      <trkpt lat="60.6754" lon="7.23608">
        <ele>1030.4</ele>
      </trkpt>
      <trkpt lat="60.67567" lon="7.23598">
        <ele>1029.1</ele>
      </trkpt>
      <trkpt lat="60.67634" lon="7.23547">
        <ele>1028.3</ele>
      </trkpt>
      <trkpt lat="60.67645" lon="7.23539">
        <ele>1028.2</ele>
      </trkpt>
      <trkpt lat="60.67653" lon="7.23533">
        <ele>1028.1</ele>
      </trkpt>
      <trkpt lat="60.67691" lon="7.23519">
        <ele>1027.7</ele>
      </trkpt>
      <trkpt lat="60.67704" lon="7.23506">
        <ele>1027.1</ele>
      </trkpt>
      <trkpt lat="60.67742" lon="7.2344">
        <ele>1018.4</ele>
      </trkpt>
      <trkpt lat="60.67764" lon="7.2341">
        <ele>1014.8</ele>
      </trkpt>
      <trkpt lat="60.6782" lon="7.23317">
        <ele>1005.8</ele>
      </trkpt>
      <trkpt lat="60.67853" lon="7.23267">
        <ele>1004.5</ele>
      </trkpt>
      <trkpt lat="60.67894" lon="7.23186">
        <ele>1001.5</ele>
      </trkpt>
      <trkpt lat="60.67914" lon="7.23156">
        <ele>1001.4</ele>
      </trkpt>
      <trkpt lat="60.67967" lon="7.23088">
        <ele>1000.1</ele>
      </trkpt>
      <trkpt lat="60.68016" lon="7.23044">
        <ele>999.8</ele>
      </trkpt>
      <trkpt lat="60.68035" lon="7.2302">
        <ele>998.3</ele>
      </trkpt>
      <trkpt lat="60.68068" lon="7.22944">
        <ele>990.2</ele>
      </trkpt>
      <trkpt lat="60.6808" lon="7.22924">
        <ele>989.0</ele>
      </trkpt>
      <trkpt lat="60.6809" lon="7.22913">
        <ele>989.2</ele>
      </trkpt>
      <trkpt lat="60.68159" lon="7.22813">
        <ele>988.6</ele>
      </trkpt>
      <trkpt lat="60.68228" lon="7.22713">
        <ele>989.9</ele>
      </trkpt>
      <trkpt lat="60.6828" lon="7.2266">
        <ele>992.4</ele>
      </trkpt>
      <trkpt lat="60.68331" lon="7.22607">
        <ele>994.4</ele>
      </trkpt>
      <trkpt lat="60.68337" lon="7.22597">
        <ele>994.0</ele>
      </trkpt>
      <trkpt lat="60.68364" lon="7.22515">
        <ele>988.0</ele>
      </trkpt>
      <trkpt lat="60.68401" lon="7.22393">
        <ele>983.5</ele>
      </trkpt>
      <trkpt lat="60.68439" lon="7.22272">
        <ele>982.0</ele>
      </trkpt>
      <trkpt lat="60.68476" lon="7.2215">
        <ele>977.5</ele>
      </trkpt>
      <trkpt lat="60.68485" lon="7.22107">
        <ele>973.9</ele>
      </trkpt>
      <trkpt lat="60.68493" lon="7.22089">
        <ele>973.3</ele>
      </trkpt>
      <trkpt lat="60.6851" lon="7.22061">
        <ele>972.3</ele>
      </trkpt>
      <trkpt lat="60.68528" lon="7.22035">
        <ele>971.2</ele>
      </trkpt>
      <trkpt lat="60.68552" lon="7.22007">
        <ele>970.1</ele>
      </trkpt>
      <trkpt lat="60.68589" lon="7.21973">
        <ele>969.9</ele>
      </trkpt>
      <trkpt lat="60.6863" lon="7.21917">
        <ele>969.2</ele>
      </trkpt>
      <trkpt lat="60.68666" lon="7.21891">
        <ele>969.3</ele>
      </trkpt>
      <trkpt lat="60.68715" lon="7.21873">
        <ele>971.6</ele>
      </trkpt>
      <trkpt lat="60.68773" lon="7.21844">
        <ele>975.1</ele>
      </trkpt>
      <trkpt lat="60.68817" lon="7.21827">
        <ele>980.2</ele>
      </trkpt>
      <trkpt lat="60.68844" lon="7.21808">
        <ele>981.0</ele>
      </trkpt>
      <trkpt lat="60.68906" lon="7.21735">
        <ele>976.2</ele>
      </trkpt>
      <trkpt lat="60.68968" lon="7.21661">
        <ele>968.3</ele>
      </trkpt>
      <trkpt lat="60.68981" lon="7.21631">
        <ele>966.1</ele>
      </trkpt>
      <trkpt lat="60.68988" lon="7.21608">
        <ele>965.2</ele>
      </trkpt>
      <trkpt lat="60.68992" lon="7.21579">
        <ele>963.8</ele>
      </trkpt>
      <trkpt lat="60.68996" lon="7.21517">
        <ele>961.2</ele>
      </trkpt>
      <trkpt lat="60.69" lon="7.21486">
        <ele>960.0</ele>
      </trkpt>
      <trkpt lat="60.69008" lon="7.21458">
        <ele>959.8</ele>
      </trkpt>
      <trkpt lat="60.69017" lon="7.21436">
        <ele>959.7</ele>
      </trkpt>
      <trkpt lat="60.69038" lon="7.21403">
        <ele>961.6</ele>
      </trkpt>
      <trkpt lat="60.69069" lon="7.21329">
        <ele>965.3</ele>
      </trkpt>
      <trkpt lat="60.69092" lon="7.21246">
        <ele>970.1</ele>
      </trkpt>
      <trkpt lat="60.69104" lon="7.21188">
        <ele>972.0</ele>
      </trkpt>
      <trkpt lat="60.69109" lon="7.21152">
        <ele>972.5</ele>
      </trkpt>
      <trkpt lat="60.69107" lon="7.21128">
        <ele>971.2</ele>
      </trkpt>
      <trkpt lat="60.69091" lon="7.21042">
        <ele>966.6</ele>
      </trkpt>
      <trkpt lat="60.69088" lon="7.21016">
        <ele>964.8</ele>
      </trkpt>
      <trkpt lat="60.69085" lon="7.20939">
        <ele>961.0</ele>
      </trkpt>
      <trkpt lat="60.69087" lon="7.20922">
        <ele>960.3</ele>
      </trkpt>
      <trkpt lat="60.69092" lon="7.20907">
        <ele>960.0</ele>
      </trkpt>
      <trkpt lat="60.69119" lon="7.20848">
        <ele>957.8</ele>
      </trkpt>
      <trkpt lat="60.69157" lon="7.20777">
        <ele>955.2</ele>
      </trkpt>
      <trkpt lat="60.6919" lon="7.20738">
        <ele>953.8</ele>
      </trkpt>
      <trkpt lat="60.69217" lon="7.20715">
        <ele>953.0</ele>
      </trkpt>
      <trkpt lat="60.69242" lon="7.20686">
        <ele>950.8</ele>
      </trkpt>
      <trkpt lat="60.69249" lon="7.20681">
        <ele>950.5</ele>
      </trkpt>
      <trkpt lat="60.69256" lon="7.20679">
        <ele>950.6</ele>
      </trkpt>
      <trkpt lat="60.69266" lon="7.20683">
        <ele>951.2</ele>
      </trkpt>
      <trkpt lat="60.69324" lon="7.2073">
        <ele>956.5</ele>
      </trkpt>
      <trkpt lat="60.69368" lon="7.20757">
        <ele>960.3</ele>
      </trkpt>
      <trkpt lat="60.69385" lon="7.20757">
        <ele>960.6</ele>
      </trkpt>
      <trkpt lat="60.69404" lon="7.2075">
        <ele>960.5</ele>
      </trkpt>
      <trkpt lat="60.69422" lon="7.20739">
        <ele>959.3</ele>
      </trkpt>
      <trkpt lat="60.69494" lon="7.20685">
        <ele>955.3</ele>
      </trkpt>
      <trkpt lat="60.69544" lon="7.20658">
        <ele>954.1</ele>
      </trkpt>
      <trkpt lat="60.69573" lon="7.20648">
        <ele>952.7</ele>
      </trkpt>
      <trkpt lat="60.69581" lon="7.20642">
        <ele>952.2</ele>
      </trkpt>
      <trkpt lat="60.69601" lon="7.20615">
        <ele>950.4</ele>
      </trkpt>
      <trkpt lat="60.69608" lon="7.2061">
        <ele>949.7</ele>
      </trkpt>
      <trkpt lat="60.69619" lon="7.20611">
        <ele>948.9</ele>
      </trkpt>
      <trkpt lat="60.69688" lon="7.20639">
        <ele>945.6</ele>
      </trkpt>
      <trkpt lat="60.69757" lon="7.20666">
        <ele>944.1</ele>
      </trkpt>
      <trkpt lat="60.69825" lon="7.20694">
        <ele>944.6</ele>
      </trkpt>
      <trkpt lat="60.69894" lon="7.20721">
        <ele>944.6</ele>
      </trkpt>
      <trkpt lat="60.69978" lon="7.20755">
        <ele>950.8</ele>
      </trkpt>
      <trkpt lat="60.70006" lon="7.20759">
        <ele>952.2</ele>
      </trkpt>
      <trkpt lat="60.70018" lon="7.20751">
        <ele>952.1</ele>
      </trkpt>
      <trkpt lat="60.70032" lon="7.20737">
        <ele>952.1</ele>
      </trkpt>
      <trkpt lat="60.7006" lon="7.20722">
        <ele>953.8</ele>
      </trkpt>
      <trkpt lat="60.70087" lon="7.20722">
        <ele>956.2</ele>
      </trkpt>
      <trkpt lat="60.701" lon="7.20729">
        <ele>957.4</ele>
      </trkpt>
      <trkpt lat="60.70118" lon="7.20756">
        <ele>959.4</ele>
      </trkpt>
      <trkpt lat="60.70129" lon="7.20768">
        <ele>960.2</ele>
      </trkpt>
      <trkpt lat="60.70185" lon="7.20797">
        <ele>955.7</ele>
      </trkpt>
      <trkpt lat="60.70191" lon="7.20813">
        <ele>956.0</ele>
      </trkpt>
      <trkpt lat="60.70196" lon="7.20849">
        <ele>957.8</ele>
      </trkpt>
      <trkpt lat="60.70203" lon="7.20979">
        <ele>964.2</ele>
      </trkpt>
      <trkpt lat="60.70209" lon="7.21011">
        <ele>964.6</ele>
      </trkpt>
      <trkpt lat="60.70228" lon="7.21062">
        <ele>962.7</ele>
      </trkpt>
      <trkpt lat="60.7024" lon="7.21085">
        <ele>961.6</ele>
      </trkpt>
      <trkpt lat="60.70253" lon="7.21102">
        <ele>959.9</ele>
      </trkpt>
      <trkpt lat="60.70291" lon="7.2114">
        <ele>956.4</ele>
      </trkpt>
      <trkpt lat="60.70344" lon="7.21167">
        <ele>952.2</ele>
      </trkpt>
      <trkpt lat="60.70398" lon="7.21195">
        <ele>947.9</ele>
      </trkpt>
      <trkpt lat="60.70418" lon="7.21213">
        <ele>950.6</ele>
      </trkpt>
      <trkpt lat="60.70452" lon="7.21249">
        <ele>958.8</ele>
      </trkpt>
      <trkpt lat="60.70482" lon="7.21268">
        <ele>962.9</ele>
      </trkpt>
      <trkpt lat="60.70506" lon="7.21281">
        <ele>964.8</ele>
      </trkpt>
      <trkpt lat="60.70535" lon="7.21311">
        <ele>966.7</ele>
      </trkpt>
      <trkpt lat="60.70552" lon="7.21318">
        <ele>964.6</ele>
      </trkpt>
      <trkpt lat="60.70564" lon="7.21327">
        <ele>963.3</ele>
      </trkpt>
      <trkpt lat="60.70577" lon="7.21343">
        <ele>962.3</ele>
      </trkpt>
      <trkpt lat="60.70587" lon="7.21354">
        <ele>960.9</ele>
      </trkpt>
      <trkpt lat="60.70601" lon="7.21362">
        <ele>958.2</ele>
      </trkpt>
      <trkpt lat="60.70632" lon="7.2137">
        <ele>952.3</ele>
      </trkpt>
      <trkpt lat="60.7064" lon="7.21376">
        <ele>952.1</ele>
      </trkpt>
      <trkpt lat="60.70684" lon="7.21432">
        <ele>959.1</ele>
      </trkpt>
      <trkpt lat="60.70695" lon="7.21441">
        <ele>960.4</ele>
      </trkpt>
      <trkpt lat="60.70725" lon="7.21457">
        <ele>961.5</ele>
      </trkpt>
      <trkpt lat="60.7074" lon="7.21459">
        <ele>960.9</ele>
      </trkpt>
      <trkpt lat="60.70751" lon="7.21451">
        <ele>958.6</ele>
      </trkpt>
      <trkpt lat="60.7078" lon="7.21415">
        <ele>951.2</ele>
      </trkpt>
      <trkpt lat="60.70788" lon="7.21409">
        <ele>950.0</ele>
      </trkpt>
      <trkpt lat="60.7081" lon="7.21403">
        <ele>949.7</ele>
      </trkpt>
      <trkpt lat="60.70854" lon="7.21386">
        <ele>947.7</ele>
      </trkpt>
      <trkpt lat="60.70881" lon="7.21392">
        <ele>947.9</ele>
      </trkpt>
      <trkpt lat="60.70892" lon="7.21392">
        <ele>947.7</ele>
      </trkpt>
      <trkpt lat="60.70929" lon="7.21376">
        <ele>947.9</ele>
      </trkpt>
      <trkpt lat="60.70975" lon="7.21335">
        <ele>949.1</ele>
      </trkpt>
      <trkpt lat="60.71" lon="7.21299">
        <ele>948.5</ele>
      </trkpt>
      <trkpt lat="60.71019" lon="7.21285">
        <ele>948.8</ele>
      </trkpt>
      <trkpt lat="60.71042" lon="7.21259">
        <ele>947.7</ele>
      </trkpt>
      <trkpt lat="60.7107" lon="7.21237">
        <ele>946.1</ele>
      </trkpt>
      <trkpt lat="60.7109" lon="7.21234">
        <ele>945.8</ele>
      </trkpt>
      <trkpt lat="60.71101" lon="7.21235">
        <ele>945.9</ele>
      </trkpt>
      <trkpt lat="60.71126" lon="7.2126">
        <ele>949.4</ele>
      </trkpt>
      <trkpt lat="60.71149" lon="7.21275">
        <ele>952.3</ele>
      </trkpt>
      <trkpt lat="60.71168" lon="7.21275">
        <ele>952.2</ele>
      </trkpt>
      <trkpt lat="60.71187" lon="7.2127">
        <ele>950.6</ele>
      </trkpt>
      <trkpt lat="60.7123" lon="7.21286">
        <ele>949.6</ele>
      </trkpt>
      <trkpt lat="60.71237" lon="7.21287">
        <ele>949.1</ele>
      </trkpt>
      <trkpt lat="60.71243" lon="7.21283">
        <ele>947.8</ele>
      </trkpt>
      <trkpt lat="60.7126" lon="7.2125">
        <ele>941.3</ele>
      </trkpt>
      <trkpt lat="60.71271" lon="7.21237">
        <ele>938.6</ele>
      </trkpt>
      <trkpt lat="60.71288" lon="7.21229">
        <ele>936.5</ele>
      </trkpt>
      <trkpt lat="60.71295" lon="7.2123">
        <ele>936.4</ele>
      </trkpt>
      <trkpt lat="60.71302" lon="7.21235">
        <ele>936.9</ele>
      </trkpt>
      <trkpt lat="60.71325" lon="7.21263">
        <ele>941.1</ele>
      </trkpt>
      <trkpt lat="60.71338" lon="7.21273">
        <ele>943.0</ele>
      </trkpt>
      <trkpt lat="60.71362" lon="7.21285">
        <ele>945.7</ele>
      </trkpt>
      <trkpt lat="60.71371" lon="7.21286">
        <ele>946.2</ele>
      </trkpt>
      <trkpt lat="60.71388" lon="7.21282">
        <ele>946.7</ele>
      </trkpt>
      <trkpt lat="60.71408" lon="7.21269">
        <ele>945.9</ele>
      </trkpt>
      <trkpt lat="60.7142" lon="7.21266">
        <ele>945.9</ele>
      </trkpt>
      <trkpt lat="60.71448" lon="7.21292">
        <ele>949.4</ele>
      </trkpt>
      <trkpt lat="60.7146" lon="7.21298">
        <ele>949.9</ele>
      </trkpt>
      <trkpt lat="60.71481" lon="7.213">
        <ele>950.0</ele>
      </trkpt>
      <trkpt lat="60.7149" lon="7.21306">
        <ele>950.3</ele>
      </trkpt>
      <trkpt lat="60.7152" lon="7.21333">
        <ele>951.1</ele>
      </trkpt>
      <trkpt lat="60.71571" lon="7.21373">
        <ele>950.8</ele>
      </trkpt>
      <trkpt lat="60.71586" lon="7.21379">
        <ele>950.9</ele>
      </trkpt>
      <trkpt lat="60.71612" lon="7.21373">
        <ele>949.3</ele>
      </trkpt>
      <trkpt lat="60.7162" lon="7.21377">
        <ele>948.8</ele>
      </trkpt>
      <trkpt lat="60.71623" lon="7.2139">
        <ele>948.4</ele>
      </trkpt>
      <trkpt lat="60.7163" lon="7.21411">
        <ele>947.7</ele>
      </trkpt>
      <trkpt lat="60.7164" lon="7.21419">
        <ele>947.0</ele>
      </trkpt>
      <trkpt lat="60.71644" lon="7.21419">
        <ele>946.8</ele>
      </trkpt>
      <trkpt lat="60.71652" lon="7.21414">
        <ele>946.3</ele>
      </trkpt>
      <trkpt lat="60.71686" lon="7.21386">
        <ele>944.2</ele>
      </trkpt>
      <trkpt lat="60.71701" lon="7.21382">
        <ele>942.3</ele>
      </trkpt>
      <trkpt lat="60.71704" lon="7.21385">
        <ele>942.2</ele>
      </trkpt>
      <trkpt lat="60.71708" lon="7.21403">
        <ele>943.1</ele>
      </trkpt>
      <trkpt lat="60.71709" lon="7.21421">
        <ele>944.9</ele>
      </trkpt>
      <trkpt lat="60.71712" lon="7.21437">
        <ele>945.8</ele>
      </trkpt>
      <trkpt lat="60.71718" lon="7.21446">
        <ele>945.6</ele>
      </trkpt>
      <trkpt lat="60.71744" lon="7.21457">
        <ele>942.7</ele>
      </trkpt>
      <trkpt lat="60.71772" lon="7.21479">
        <ele>940.6</ele>
      </trkpt>
      <trkpt lat="60.718" lon="7.2149">
        <ele>939.1</ele>
      </trkpt>
      <trkpt lat="60.71813" lon="7.215">
        <ele>939.3</ele>
      </trkpt>
      <trkpt lat="60.71835" lon="7.21531">
        <ele>942.4</ele>
      </trkpt>
      <trkpt lat="60.71845" lon="7.21562">
        <ele>943.3</ele>
      </trkpt>
      <trkpt lat="60.71849" lon="7.21567">
        <ele>943.5</ele>
      </trkpt>
      <trkpt lat="60.71862" lon="7.2157">
        <ele>944.1</ele>
      </trkpt>
      <trkpt lat="60.71866" lon="7.21568">
        <ele>944.4</ele>
      </trkpt>
      <trkpt lat="60.71879" lon="7.21543">
        <ele>945.3</ele>
      </trkpt>
      <trkpt lat="60.71889" lon="7.21531">
        <ele>944.4</ele>
      </trkpt>
      <trkpt lat="60.71899" lon="7.21526">
        <ele>944.2</ele>
      </trkpt>
      <trkpt lat="60.71935" lon="7.21516">
        <ele>946.0</ele>
      </trkpt>
      <trkpt lat="60.71949" lon="7.21506">
        <ele>946.4</ele>
      </trkpt>
      <trkpt lat="60.71962" lon="7.21502">
        <ele>947.5</ele>
      </trkpt>
      <trkpt lat="60.71969" lon="7.21495">
        <ele>947.5</ele>
      </trkpt>
      <trkpt lat="60.71975" lon="7.21478">
        <ele>945.5</ele>
      </trkpt>
      <trkpt lat="60.71982" lon="7.21442">
        <ele>940.4</ele>
      </trkpt>
      <trkpt lat="60.72005" lon="7.21385">
        <ele>936.5</ele>
      </trkpt>
      <trkpt lat="60.72045" lon="7.21268">
        <ele>935.0</ele>
      </trkpt>
      <trkpt lat="60.72045" lon="7.21254">
        <ele>934.0</ele>
      </trkpt>
      <trkpt lat="60.72042" lon="7.21239">
        <ele>932.3</ele>
      </trkpt>
      <trkpt lat="60.72033" lon="7.21217">
        <ele>929.6</ele>
      </trkpt>
      <trkpt lat="60.72032" lon="7.21206">
        <ele>928.9</ele>
      </trkpt>
      <trkpt lat="60.72042" lon="7.21161">
        <ele>927.6</ele>
      </trkpt>
      <trkpt lat="60.72045" lon="7.21116">
        <ele>925.6</ele>
      </trkpt>
      <trkpt lat="60.72048" lon="7.21102">
        <ele>925.0</ele>
      </trkpt>
      <trkpt lat="60.72063" lon="7.21065">
        <ele>923.2</ele>
      </trkpt>
      <trkpt lat="60.72098" lon="7.21029">
        <ele>917.4</ele>
      </trkpt>
      <trkpt lat="60.72106" lon="7.21024">
        <ele>915.9</ele>
      </trkpt>
      <trkpt lat="60.72123" lon="7.21026">
        <ele>913.2</ele>
      </trkpt>
      <trkpt lat="60.72145" lon="7.21011">
        <ele>908.3</ele>
      </trkpt>
      <trkpt lat="60.7216" lon="7.2101">
        <ele>905.5</ele>
      </trkpt>
      <trkpt lat="60.72179" lon="7.21015">
        <ele>902.4</ele>
      </trkpt>
      <trkpt lat="60.72201" lon="7.21028">
        <ele>898.7</ele>
      </trkpt>
      <trkpt lat="60.72216" lon="7.21044">
        <ele>897.7</ele>
      </trkpt>
      <trkpt lat="60.72231" lon="7.21074">
        <ele>899.1</ele>
      </trkpt>
      <trkpt lat="60.7225" lon="7.2112">
        <ele>904.8</ele>
      </trkpt>
      <trkpt lat="60.72257" lon="7.2113">
        <ele>906.4</ele>
      </trkpt>
      <trkpt lat="60.72265" lon="7.21131">
        <ele>905.8</ele>
      </trkpt>
      <trkpt lat="60.72271" lon="7.21126">
        <ele>904.8</ele>
      </trkpt>
      <trkpt lat="60.723" lon="7.21088">
        <ele>897.4</ele>
      </trkpt>
      <trkpt lat="60.72314" lon="7.21061">
        <ele>893.3</ele>
      </trkpt>
      <trkpt lat="60.72325" lon="7.21036">
        <ele>891.1</ele>
      </trkpt>
      <trkpt lat="60.72351" lon="7.20964">
        <ele>884.4</ele>
      </trkpt>
      <trkpt lat="60.72373" lon="7.20919">
        <ele>884.8</ele>
      </trkpt>
      <trkpt lat="60.72402" lon="7.20882">
        <ele>889.0</ele>
      </trkpt>
      <trkpt lat="60.72417" lon="7.20856">
        <ele>889.8</ele>
      </trkpt>
      <trkpt lat="60.7243" lon="7.20818">
        <ele>886.6</ele>
      </trkpt>
      <trkpt lat="60.72458" lon="7.20754">
        <ele>882.5</ele>
      </trkpt>
      <trkpt lat="60.72469" lon="7.20724">
        <ele>881.6</ele>
      </trkpt>
      <trkpt lat="60.72469" lon="7.20724">
        <ele>881.6</ele>
      </trkpt>
      <trkpt lat="60.7251" lon="7.2061">
        <ele>875.4</ele>
      </trkpt>
      <trkpt lat="60.7252" lon="7.20592">
        <ele>874.5</ele>
      </trkpt>
      <trkpt lat="60.72537" lon="7.20566">
        <ele>874.2</ele>
      </trkpt>
      <trkpt lat="60.72565" lon="7.20499">
        <ele>872.2</ele>
      </trkpt>
      <trkpt lat="60.72573" lon="7.20492">
        <ele>871.8</ele>
      </trkpt>
      <trkpt lat="60.7258" lon="7.20494">
        <ele>871.5</ele>
      </trkpt>
      <trkpt lat="60.72591" lon="7.20502">
        <ele>871.3</ele>
      </trkpt>
      <trkpt lat="60.72605" lon="7.20505">
        <ele>871.8</ele>
      </trkpt>
      <trkpt lat="60.72615" lon="7.20501">
        <ele>872.1</ele>
      </trkpt>
      <trkpt lat="60.72632" lon="7.2047">
        <ele>871.6</ele>
      </trkpt>
      <trkpt lat="60.72641" lon="7.20449">
        <ele>874.1</ele>
      </trkpt>
      <trkpt lat="60.72642" lon="7.20438">
        <ele>875.1</ele>
      </trkpt>
      <trkpt lat="60.72642" lon="7.20413">
        <ele>877.4</ele>
      </trkpt>
      <trkpt lat="60.72645" lon="7.20389">
        <ele>879.7</ele>
      </trkpt>
      <trkpt lat="60.7265" lon="7.20375">
        <ele>881.3</ele>
      </trkpt>
      <trkpt lat="60.7268" lon="7.2035">
        <ele>884.6</ele>
      </trkpt>
      <trkpt lat="60.72734" lon="7.2034">
        <ele>882.2</ele>
      </trkpt>
      <trkpt lat="60.72761" lon="7.20339">
        <ele>878.4</ele>
      </trkpt>
      <trkpt lat="60.7279" lon="7.20335">
        <ele>874.3</ele>
      </trkpt>
      <trkpt lat="60.72828" lon="7.20324">
        <ele>869.0</ele>
      </trkpt>
      <trkpt lat="60.72836" lon="7.2032">
        <ele>867.4</ele>
      </trkpt>
      <trkpt lat="60.72847" lon="7.20309">
        <ele>865.8</ele>
      </trkpt>
      <trkpt lat="60.72856" lon="7.20293">
        <ele>865.6</ele>
      </trkpt>
      <trkpt lat="60.72896" lon="7.20195">
        <ele>867.3</ele>
      </trkpt>
      <trkpt lat="60.72901" lon="7.20186">
        <ele>867.0</ele>
      </trkpt>
      <trkpt lat="60.72938" lon="7.20142">
        <ele>863.2</ele>
      </trkpt>
      <trkpt lat="60.72965" lon="7.20123">
        <ele>859.3</ele>
      </trkpt>
      <trkpt lat="60.72972" lon="7.20109">
        <ele>858.5</ele>
      </trkpt>
      <trkpt lat="60.72974" lon="7.20098">
        <ele>858.3</ele>
      </trkpt>
      <trkpt lat="60.7297" lon="7.20013">
        <ele>856.3</ele>
      </trkpt>
      <trkpt lat="60.72971" lon="7.19966">
        <ele>852.3</ele>
      </trkpt>
      <trkpt lat="60.72967" lon="7.19928">
        <ele>848.7</ele>
      </trkpt>
      <trkpt lat="60.72957" lon="7.19911">
        <ele>847.4</ele>
      </trkpt>
      <trkpt lat="60.72943" lon="7.1991">
        <ele>849.8</ele>
      </trkpt>
      <trkpt lat="60.72926" lon="7.19914">
        <ele>853.6</ele>
      </trkpt>
      <trkpt lat="60.72911" lon="7.19906">
        <ele>855.7</ele>
      </trkpt>
      <trkpt lat="60.72906" lon="7.19901">
        <ele>856.0</ele>
      </trkpt>
      <trkpt lat="60.72896" lon="7.19847">
        <ele>849.7</ele>
      </trkpt>
      <trkpt lat="60.72888" lon="7.19838">
        <ele>850.1</ele>
      </trkpt>
      <trkpt lat="60.72872" lon="7.19832">
        <ele>853.1</ele>
      </trkpt>
      <trkpt lat="60.72864" lon="7.19825">
        <ele>854.2</ele>
      </trkpt>
      <trkpt lat="60.72845" lon="7.19774">
        <ele>851.3</ele>
      </trkpt>
      <trkpt lat="60.72818" lon="7.19734">
        <ele>855.4</ele>
      </trkpt>
      <trkpt lat="60.72813" lon="7.19722">
        <ele>856.3</ele>
      </trkpt>
      <trkpt lat="60.72813" lon="7.19722">
        <ele>856.3</ele>
      </trkpt>
      <trkpt lat="60.72818" lon="7.19734">
        <ele>855.4</ele>
      </trkpt>
      <trkpt lat="60.72845" lon="7.19774">
        <ele>851.3</ele>
      </trkpt>
      <trkpt lat="60.72864" lon="7.19825">
        <ele>854.2</ele>
      </trkpt>
      <trkpt lat="60.72872" lon="7.19832">
        <ele>853.1</ele>
      </trkpt>
      <trkpt lat="60.72888" lon="7.19838">
        <ele>850.1</ele>
      </trkpt>
      <trkpt lat="60.72896" lon="7.19847">
        <ele>849.7</ele>
      </trkpt>
      <trkpt lat="60.72906" lon="7.19901">
        <ele>856.0</ele>
      </trkpt>
      <trkpt lat="60.72911" lon="7.19906">
        <ele>855.7</ele>
      </trkpt>
      <trkpt lat="60.72926" lon="7.19914">
        <ele>853.6</ele>
      </trkpt>
      <trkpt lat="60.72943" lon="7.1991">
        <ele>849.8</ele>
      </trkpt>
      <trkpt lat="60.72957" lon="7.19911">
        <ele>847.4</ele>
      </trkpt>
      <trkpt lat="60.72967" lon="7.19928">
        <ele>848.7</ele>
      </trkpt>
      <trkpt lat="60.72971" lon="7.19966">
        <ele>852.3</ele>
      </trkpt>
      <trkpt lat="60.7297" lon="7.20013">
        <ele>856.3</ele>
      </trkpt>
      <trkpt lat="60.72974" lon="7.20098">
        <ele>858.3</ele>
      </trkpt>
      <trkpt lat="60.72972" lon="7.20109">
        <ele>858.5</ele>
      </trkpt>
      <trkpt lat="60.72965" lon="7.20123">
        <ele>859.3</ele>
      </trkpt>
      <trkpt lat="60.72938" lon="7.20142">
        <ele>863.2</ele>
      </trkpt>
      <trkpt lat="60.72901" lon="7.20186">
        <ele>867.0</ele>
      </trkpt>
      <trkpt lat="60.72896" lon="7.20195">
        <ele>867.3</ele>
      </trkpt>
      <trkpt lat="60.72856" lon="7.20293">
        <ele>865.6</ele>
      </trkpt>
      <trkpt lat="60.72847" lon="7.20309">
        <ele>865.8</ele>
      </trkpt>
      <trkpt lat="60.72836" lon="7.2032">
        <ele>867.4</ele>
      </trkpt>
      <trkpt lat="60.72828" lon="7.20324">
        <ele>869.0</ele>
      </trkpt>
      <trkpt lat="60.7279" lon="7.20335">
        <ele>874.3</ele>
      </trkpt>
      <trkpt lat="60.72761" lon="7.20339">
        <ele>878.4</ele>
      </trkpt>
      <trkpt lat="60.72734" lon="7.2034">
        <ele>882.2</ele>
      </trkpt>
      <trkpt lat="60.7268" lon="7.2035">
        <ele>884.6</ele>
      </trkpt>
      <trkpt lat="60.72672" lon="7.20357">
        <ele>884.0</ele>
      </trkpt>
      <trkpt lat="60.72672" lon="7.20357">
        <ele>884.0</ele>
      </trkpt>
      <trkpt lat="60.72672" lon="7.20357">
        <ele>884.0</ele>
      </trkpt>
      <trkpt lat="60.7268" lon="7.2035">
        <ele>884.6</ele>
      </trkpt>
      <trkpt lat="60.72716" lon="7.20344">
        <ele>883.0</ele>
      </trkpt>
      <trkpt lat="60.72716" lon="7.20344">
        <ele>883.0</ele>
      </trkpt>
      <trkpt lat="60.72761" lon="7.20339">
        <ele>877.3</ele>
      </trkpt>
      <trkpt lat="60.7279" lon="7.20335">
        <ele>873.7</ele>
      </trkpt>
      <trkpt lat="60.72828" lon="7.20324">
        <ele>869.0</ele>
      </trkpt>
      <trkpt lat="60.72836" lon="7.2032">
        <ele>867.4</ele>
      </trkpt>
      <trkpt lat="60.72847" lon="7.20309">
        <ele>865.8</ele>
      </trkpt>
      <trkpt lat="60.72856" lon="7.20293">
        <ele>865.6</ele>
      </trkpt>
      <trkpt lat="60.72896" lon="7.20195">
        <ele>867.3</ele>
      </trkpt>
      <trkpt lat="60.72901" lon="7.20186">
        <ele>867.0</ele>
      </trkpt>
      <trkpt lat="60.72938" lon="7.20142">
        <ele>863.2</ele>
      </trkpt>
      <trkpt lat="60.72965" lon="7.20123">
        <ele>859.3</ele>
      </trkpt>
      <trkpt lat="60.72972" lon="7.20109">
        <ele>858.5</ele>
      </trkpt>
      <trkpt lat="60.72974" lon="7.20098">
        <ele>858.3</ele>
      </trkpt>
      <trkpt lat="60.7297" lon="7.20013">
        <ele>856.3</ele>
      </trkpt>
      <trkpt lat="60.72971" lon="7.19966">
        <ele>852.3</ele>
      </trkpt>
      <trkpt lat="60.72967" lon="7.19928">
        <ele>848.7</ele>
      </trkpt>
      <trkpt lat="60.72957" lon="7.19911">
        <ele>847.4</ele>
      </trkpt>
      <trkpt lat="60.72943" lon="7.1991">
        <ele>849.8</ele>
      </trkpt>
      <trkpt lat="60.72926" lon="7.19914">
        <ele>853.6</ele>
      </trkpt>
      <trkpt lat="60.72911" lon="7.19906">
        <ele>855.7</ele>
      </trkpt>
      <trkpt lat="60.72906" lon="7.19901">
        <ele>856.0</ele>
      </trkpt>
      <trkpt lat="60.72896" lon="7.19847">
        <ele>849.7</ele>
      </trkpt>
      <trkpt lat="60.72888" lon="7.19838">
        <ele>850.1</ele>
      </trkpt>
      <trkpt lat="60.72872" lon="7.19832">
        <ele>853.1</ele>
      </trkpt>
      <trkpt lat="60.72864" lon="7.19825">
        <ele>854.2</ele>
      </trkpt>
      <trkpt lat="60.72845" lon="7.19774">
        <ele>851.3</ele>
      </trkpt>
      <trkpt lat="60.72818" lon="7.19734">
        <ele>855.4</ele>
      </trkpt>
      <trkpt lat="60.72812" lon="7.19719">
        <ele>856.4</ele>
      </trkpt>
      <trkpt lat="60.72809" lon="7.19699">
        <ele>855.6</ele>
      </trkpt>
      <trkpt lat="60.72811" lon="7.19635">
        <ele>849.7</ele>
      </trkpt>
      <trkpt lat="60.7283" lon="7.19503">
        <ele>836.7</ele>
      </trkpt>
      <trkpt lat="60.72861" lon="7.19372">
        <ele>823.8</ele>
      </trkpt>
      <trkpt lat="60.72898" lon="7.19243">
        <ele>817.8</ele>
      </trkpt>
      <trkpt lat="60.7292" lon="7.19198">
        <ele>813.2</ele>
      </trkpt>
      <trkpt lat="60.72945" lon="7.1914">
        <ele>809.0</ele>
      </trkpt>
      <trkpt lat="60.72973" lon="7.19025">
        <ele>805.8</ele>
      </trkpt>
      <trkpt lat="60.72991" lon="7.18934">
        <ele>803.2</ele>
      </trkpt>
      <trkpt lat="60.73015" lon="7.18843">
        <ele>799.1</ele>
      </trkpt>
      <trkpt lat="60.7304" lon="7.18751">
        <ele>796.9</ele>
      </trkpt>
      <trkpt lat="60.73044" lon="7.1872">
        <ele>797.2</ele>
      </trkpt>
      <trkpt lat="60.73043" lon="7.18663">
        <ele>798.4</ele>
      </trkpt>
      <trkpt lat="60.73048" lon="7.18621">
        <ele>799.1</ele>
      </trkpt>
      <trkpt lat="60.73053" lon="7.18606">
        <ele>798.6</ele>
      </trkpt>
      <trkpt lat="60.7307" lon="7.18583">
        <ele>797.0</ele>
      </trkpt>
      <trkpt lat="60.73076" lon="7.18571">
        <ele>796.8</ele>
      </trkpt>
      <trkpt lat="60.73083" lon="7.18546">
        <ele>796.9</ele>
      </trkpt>
      <trkpt lat="60.73099" lon="7.18442">
        <ele>795.9</ele>
      </trkpt>
      <trkpt lat="60.73116" lon="7.18338">
        <ele>798.5</ele>
      </trkpt>
      <trkpt lat="60.73127" lon="7.18296">
        <ele>799.5</ele>
      </trkpt>
      <trkpt lat="60.73133" lon="7.18282">
        <ele>800.1</ele>
      </trkpt>
      <trkpt lat="60.73162" lon="7.18236">
        <ele>799.0</ele>
      </trkpt>
      <trkpt lat="60.7318" lon="7.18198">
        <ele>798.8</ele>
      </trkpt>
      <trkpt lat="60.73202" lon="7.18164">
        <ele>797.5</ele>
      </trkpt>
      <trkpt lat="60.73206" lon="7.18143">
        <ele>797.7</ele>
      </trkpt>
      <trkpt lat="60.7321" lon="7.18048">
        <ele>799.5</ele>
      </trkpt>
      <trkpt lat="60.73223" lon="7.17938">
        <ele>801.1</ele>
      </trkpt>
      <trkpt lat="60.73224" lon="7.17917">
        <ele>801.9</ele>
      </trkpt>
      <trkpt lat="60.73218" lon="7.17883">
        <ele>804.2</ele>
      </trkpt>
      <trkpt lat="60.73214" lon="7.17834">
        <ele>805.6</ele>
      </trkpt>
      <trkpt lat="60.73216" lon="7.17821">
        <ele>804.9</ele>
      </trkpt>
      <trkpt lat="60.73234" lon="7.1778">
        <ele>801.3</ele>
      </trkpt>
      <trkpt lat="60.7324" lon="7.17748">
        <ele>799.3</ele>
      </trkpt>
      <trkpt lat="60.73238" lon="7.17736">
        <ele>798.9</ele>
      </trkpt>
      <trkpt lat="60.73234" lon="7.17726">
        <ele>798.8</ele>
      </trkpt>
      <trkpt lat="60.73228" lon="7.17716">
        <ele>798.9</ele>
      </trkpt>
      <trkpt lat="60.73166" lon="7.17648">
        <ele>805.4</ele>
      </trkpt>
      <trkpt lat="60.73152" lon="7.17623">
        <ele>807.2</ele>
      </trkpt>
      <trkpt lat="60.73147" lon="7.17602">
        <ele>807.6</ele>
      </trkpt>
      <trkpt lat="60.73146" lon="7.17583">
        <ele>807.0</ele>
      </trkpt>
      <trkpt lat="60.73153" lon="7.17557">
        <ele>803.5</ele>
      </trkpt>
      <trkpt lat="60.73154" lon="7.17545">
        <ele>802.9</ele>
      </trkpt>
      <trkpt lat="60.73153" lon="7.17536">
        <ele>802.8</ele>
      </trkpt>
      <trkpt lat="60.7315" lon="7.17527">
        <ele>803.3</ele>
      </trkpt>
      <trkpt lat="60.73127" lon="7.17498">
        <ele>808.9</ele>
      </trkpt>
      <trkpt lat="60.73117" lon="7.17478">
        <ele>812.8</ele>
      </trkpt>
      <trkpt lat="60.7311" lon="7.17453">
        <ele>816.0</ele>
      </trkpt>
      <trkpt lat="60.73105" lon="7.17422">
        <ele>817.9</ele>
      </trkpt>
      <trkpt lat="60.731" lon="7.17369">
        <ele>819.0</ele>
      </trkpt>
      <trkpt lat="60.73101" lon="7.17349">
        <ele>819.2</ele>
      </trkpt>
      <trkpt lat="60.73106" lon="7.17322">
        <ele>816.9</ele>
      </trkpt>
      <trkpt lat="60.73116" lon="7.17299">
        <ele>812.7</ele>
      </trkpt>
      <trkpt lat="60.73137" lon="7.17268">
        <ele>807.7</ele>
      </trkpt>
      <trkpt lat="60.73188" lon="7.17218">
        <ele>802.7</ele>
      </trkpt>
      <trkpt lat="60.73212" lon="7.17149">
        <ele>808.1</ele>
      </trkpt>
      <trkpt lat="60.73236" lon="7.17105">
        <ele>811.6</ele>
      </trkpt>
      <trkpt lat="60.73248" lon="7.1709">
        <ele>813.3</ele>
      </trkpt>
      <trkpt lat="60.73259" lon="7.17079">
        <ele>814.5</ele>
      </trkpt>
      <trkpt lat="60.73274" lon="7.17072">
        <ele>814.8</ele>
      </trkpt>
      <trkpt lat="60.73314" lon="7.17064">
        <ele>813.6</ele>
      </trkpt>
      <trkpt lat="60.73334" lon="7.17065">
        <ele>812.4</ele>
      </trkpt>
      <trkpt lat="60.73366" lon="7.17053">
        <ele>811.3</ele>
      </trkpt>
      <trkpt lat="60.7339" lon="7.17063">
        <ele>805.7</ele>
      </trkpt>
      <trkpt lat="60.73421" lon="7.1705">
        <ele>801.4</ele>
      </trkpt>
      <trkpt lat="60.73435" lon="7.17031">
        <ele>800.4</ele>
      </trkpt>
      <trkpt lat="60.7345" lon="7.16963">
        <ele>806.1</ele>
      </trkpt>
      <trkpt lat="60.73456" lon="7.16954">
        <ele>806.1</ele>
      </trkpt>
      <trkpt lat="60.73471" lon="7.16945">
        <ele>804.9</ele>
      </trkpt>
      <trkpt lat="60.73484" lon="7.16943">
        <ele>803.1</ele>
      </trkpt>
      <trkpt lat="60.73524" lon="7.16953">
        <ele>795.5</ele>
      </trkpt>
      <trkpt lat="60.73532" lon="7.16951">
        <ele>794.8</ele>
      </trkpt>
      <trkpt lat="60.73543" lon="7.16937">
        <ele>794.4</ele>
      </trkpt>
      <trkpt lat="60.73547" lon="7.16925">
        <ele>794.6</ele>
      </trkpt>
      <trkpt lat="60.73557" lon="7.16881">
        <ele>795.8</ele>
      </trkpt>
      <trkpt lat="60.73562" lon="7.16871">
        <ele>795.8</ele>
      </trkpt>
      <trkpt lat="60.73571" lon="7.16863">
        <ele>795.0</ele>
      </trkpt>
      <trkpt lat="60.73593" lon="7.16855">
        <ele>792.2</ele>
      </trkpt>
      <trkpt lat="60.73599" lon="7.1685">
        <ele>791.6</ele>
      </trkpt>
      <trkpt lat="60.73605" lon="7.16829">
        <ele>792.3</ele>
      </trkpt>
      <trkpt lat="60.73608" lon="7.16811">
        <ele>792.9</ele>
      </trkpt>
      <trkpt lat="60.73608" lon="7.16795">
        <ele>793.9</ele>
      </trkpt>
      <trkpt lat="60.736" lon="7.16735">
        <ele>800.4</ele>
      </trkpt>
      <trkpt lat="60.73595" lon="7.16714">
        <ele>803.1</ele>
      </trkpt>
      <trkpt lat="60.73585" lon="7.16695">
        <ele>806.8</ele>
      </trkpt>
      <trkpt lat="60.73576" lon="7.16685">
        <ele>809.4</ele>
      </trkpt>
      <trkpt lat="60.73542" lon="7.16654">
        <ele>817.9</ele>
      </trkpt>
      <trkpt lat="60.73535" lon="7.16642">
        <ele>820.3</ele>
      </trkpt>
      <trkpt lat="60.73531" lon="7.16622">
        <ele>822.4</ele>
      </trkpt>
      <trkpt lat="60.73532" lon="7.16596">
        <ele>823.2</ele>
      </trkpt>
      <trkpt lat="60.73539" lon="7.16557">
        <ele>821.9</ele>
      </trkpt>
      <trkpt lat="60.73546" lon="7.16539">
        <ele>819.2</ele>
      </trkpt>
      <trkpt lat="60.73555" lon="7.1653">
        <ele>815.4</ele>
      </trkpt>
      <trkpt lat="60.73576" lon="7.16525">
        <ele>807.9</ele>
      </trkpt>
      <trkpt lat="60.7358" lon="7.16517">
        <ele>806.2</ele>
      </trkpt>
      <trkpt lat="60.7358" lon="7.1651">
        <ele>805.7</ele>
      </trkpt>
      <trkpt lat="60.73579" lon="7.16504">
        <ele>805.5</ele>
      </trkpt>
      <trkpt lat="60.73562" lon="7.1647">
        <ele>808.4</ele>
      </trkpt>
      <trkpt lat="60.73555" lon="7.16447">
        <ele>808.7</ele>
      </trkpt>
      <trkpt lat="60.73554" lon="7.16427">
        <ele>807.1</ele>
      </trkpt>
      <trkpt lat="60.7356" lon="7.16419">
        <ele>803.9</ele>
      </trkpt>
      <trkpt lat="60.73563" lon="7.16423">
        <ele>803.3</ele>
      </trkpt>
      <trkpt lat="60.73576" lon="7.16458">
        <ele>803.1</ele>
      </trkpt>
      <trkpt lat="60.73586" lon="7.16478">
        <ele>801.6</ele>
      </trkpt>
      <trkpt lat="60.73606" lon="7.16503">
        <ele>798.0</ele>
      </trkpt>
      <trkpt lat="60.73625" lon="7.16512">
        <ele>793.9</ele>
      </trkpt>
      <trkpt lat="60.7363" lon="7.16511">
        <ele>793.0</ele>
      </trkpt>
      <trkpt lat="60.73634" lon="7.16506">
        <ele>792.0</ele>
      </trkpt>
      <trkpt lat="60.73635" lon="7.16493">
        <ele>790.5</ele>
      </trkpt>
      <trkpt lat="60.73634" lon="7.16486">
        <ele>790.0</ele>
      </trkpt>
      <trkpt lat="60.73631" lon="7.16481">
        <ele>790.2</ele>
      </trkpt>
      <trkpt lat="60.73619" lon="7.16484">
        <ele>793.3</ele>
      </trkpt>
      <trkpt lat="60.73614" lon="7.16481">
        <ele>794.3</ele>
      </trkpt>
      <trkpt lat="60.73606" lon="7.16469">
        <ele>795.4</ele>
      </trkpt>
      <trkpt lat="60.73583" lon="7.16403">
        <ele>794.1</ele>
      </trkpt>
      <trkpt lat="60.73555" lon="7.16294">
        <ele>793.0</ele>
      </trkpt>
      <trkpt lat="60.73552" lon="7.16277">
        <ele>792.1</ele>
      </trkpt>
      <trkpt lat="60.73547" lon="7.16212">
        <ele>788.0</ele>
      </trkpt>
      <trkpt lat="60.73522" lon="7.1611">
        <ele>781.0</ele>
      </trkpt>
      <trkpt lat="60.73512" lon="7.16082">
        <ele>779.6</ele>
      </trkpt>
      <trkpt lat="60.73498" lon="7.16054">
        <ele>780.7</ele>
      </trkpt>
      <trkpt lat="60.73484" lon="7.16019">
        <ele>780.8</ele>
      </trkpt>
      <trkpt lat="60.73466" lon="7.15934">
        <ele>776.0</ele>
      </trkpt>
      <trkpt lat="60.73463" lon="7.15915">
        <ele>774.4</ele>
      </trkpt>
      <trkpt lat="60.73461" lon="7.15873">
        <ele>770.1</ele>
      </trkpt>
      <trkpt lat="60.73465" lon="7.15819">
        <ele>764.8</ele>
      </trkpt>
      <trkpt lat="60.73476" lon="7.15742">
        <ele>758.7</ele>
      </trkpt>
      <trkpt lat="60.73482" lon="7.15716">
        <ele>756.8</ele>
      </trkpt>
      <trkpt lat="60.73494" lon="7.15682">
        <ele>754.5</ele>
      </trkpt>
      <trkpt lat="60.73497" lon="7.15663">
        <ele>753.6</ele>
      </trkpt>
      <trkpt lat="60.73499" lon="7.15651">
        <ele>753.0</ele>
      </trkpt>
      <trkpt lat="60.73501" lon="7.15557">
        <ele>753.0</ele>
      </trkpt>
      <trkpt lat="60.73501" lon="7.15544">
        <ele>753.0</ele>
      </trkpt>
      <trkpt lat="60.73502" lon="7.15523">
        <ele>753.0</ele>
      </trkpt>
      <trkpt lat="60.73507" lon="7.15498">
        <ele>753.0</ele>
      </trkpt>
      <trkpt lat="60.73539" lon="7.15425">
        <ele>753.1</ele>
      </trkpt>
      <trkpt lat="60.73548" lon="7.15411">
        <ele>752.3</ele>
      </trkpt>
      <trkpt lat="60.7356" lon="7.15396">
        <ele>751.4</ele>
      </trkpt>
      <trkpt lat="60.73597" lon="7.15369">
        <ele>749.5</ele>
      </trkpt>
      <trkpt lat="60.73615" lon="7.15337">
        <ele>749.6</ele>
      </trkpt>
      <trkpt lat="60.7363" lon="7.15277">
        <ele>750.5</ele>
      </trkpt>
      <trkpt lat="60.7365" lon="7.15214">
        <ele>749.6</ele>
      </trkpt>
      <trkpt lat="60.73652" lon="7.15197">
        <ele>749.6</ele>
      </trkpt>
      <trkpt lat="60.73652" lon="7.15176">
        <ele>750.4</ele>
      </trkpt>
      <trkpt lat="60.73648" lon="7.15113">
        <ele>753.1</ele>
      </trkpt>
      <trkpt lat="60.7365" lon="7.15083">
        <ele>753.6</ele>
      </trkpt>
      <trkpt lat="60.73655" lon="7.15061">
        <ele>752.8</ele>
      </trkpt>
      <trkpt lat="60.73666" lon="7.15025">
        <ele>751.3</ele>
      </trkpt>
      <trkpt lat="60.7368" lon="7.14997">
        <ele>748.2</ele>
      </trkpt>
      <trkpt lat="60.73708" lon="7.14963">
        <ele>744.9</ele>
      </trkpt>
      <trkpt lat="60.73726" lon="7.14936">
        <ele>744.5</ele>
      </trkpt>
      <trkpt lat="60.73739" lon="7.1491">
        <ele>745.3</ele>
      </trkpt>
      <trkpt lat="60.7377" lon="7.14832">
        <ele>748.9</ele>
      </trkpt>
      <trkpt lat="60.73785" lon="7.14806">
        <ele>749.0</ele>
      </trkpt>
      <trkpt lat="60.73849" lon="7.14715">
        <ele>744.6</ele>
      </trkpt>
      <trkpt lat="60.73914" lon="7.14625">
        <ele>742.8</ele>
      </trkpt>
      <trkpt lat="60.73932" lon="7.14605">
        <ele>742.3</ele>
      </trkpt>
      <trkpt lat="60.73956" lon="7.14586">
        <ele>741.1</ele>
      </trkpt>
      <trkpt lat="60.73989" lon="7.14564">
        <ele>740.2</ele>
      </trkpt>
      <trkpt lat="60.74015" lon="7.14542">
        <ele>739.9</ele>
      </trkpt>
      <trkpt lat="60.74029" lon="7.14524">
        <ele>740.2</ele>
      </trkpt>
      <trkpt lat="60.74047" lon="7.14496">
        <ele>740.5</ele>
      </trkpt>
      <trkpt lat="60.74071" lon="7.14451">
        <ele>741.3</ele>
      </trkpt>
      <trkpt lat="60.74089" lon="7.14404">
        <ele>743.2</ele>
      </trkpt>
      <trkpt lat="60.74102" lon="7.14363">
        <ele>744.4</ele>
      </trkpt>
      <trkpt lat="60.74113" lon="7.14319">
        <ele>745.5</ele>
      </trkpt>
      <trkpt lat="60.74113" lon="7.14319">
        <ele>745.5</ele>
      </trkpt>
      <trkpt lat="60.74124" lon="7.14269">
        <ele>746.9</ele>
      </trkpt>
      <trkpt lat="60.74133" lon="7.14216">
        <ele>749.0</ele>
      </trkpt>
      <trkpt lat="60.7414" lon="7.14151">
        <ele>754.6</ele>
      </trkpt>
      <trkpt lat="60.74139" lon="7.14095">
        <ele>759.0</ele>
      </trkpt>
      <trkpt lat="60.74134" lon="7.14043">
        <ele>761.0</ele>
      </trkpt>
      <trkpt lat="60.7412" lon="7.13977">
        <ele>766.0</ele>
      </trkpt>
      <trkpt lat="60.74116" lon="7.13922">
        <ele>769.6</ele>
      </trkpt>
      <trkpt lat="60.74112" lon="7.13892">
        <ele>770.3</ele>
      </trkpt>
      <trkpt lat="60.74099" lon="7.13833">
        <ele>773.6</ele>
      </trkpt>
      <trkpt lat="60.74096" lon="7.13809">
        <ele>774.7</ele>
      </trkpt>
      <trkpt lat="60.74096" lon="7.13793">
        <ele>775.3</ele>
      </trkpt>
      <trkpt lat="60.74098" lon="7.13777">
        <ele>775.4</ele>
      </trkpt>
      <trkpt lat="60.74105" lon="7.13751">
        <ele>775.2</ele>
      </trkpt>
      <trkpt lat="60.74114" lon="7.13696">
        <ele>776.3</ele>
      </trkpt>
      <trkpt lat="60.74125" lon="7.13663">
        <ele>776.3</ele>
      </trkpt>
      <trkpt lat="60.74139" lon="7.13634">
        <ele>775.3</ele>
      </trkpt>
      <trkpt lat="60.74153" lon="7.13588">
        <ele>776.6</ele>
      </trkpt>
      <trkpt lat="60.74154" lon="7.13576">
        <ele>777.3</ele>
      </trkpt>
      <trkpt lat="60.74153" lon="7.13565">
        <ele>778.3</ele>
      </trkpt>
      <trkpt lat="60.74145" lon="7.13534">
        <ele>781.5</ele>
      </trkpt>
      <trkpt lat="60.74145" lon="7.13528">
        <ele>781.3</ele>
      </trkpt>
      <trkpt lat="60.74147" lon="7.13516">
        <ele>780.5</ele>
      </trkpt>
      <trkpt lat="60.7416" lon="7.13488">
        <ele>778.9</ele>
      </trkpt>
      <trkpt lat="60.7417" lon="7.13442">
        <ele>781.9</ele>
      </trkpt>
      <trkpt lat="60.74193" lon="7.13379">
        <ele>790.3</ele>
      </trkpt>
      <trkpt lat="60.74209" lon="7.1335">
        <ele>792.6</ele>
      </trkpt>
      <trkpt lat="60.7423" lon="7.13328">
        <ele>792.7</ele>
      </trkpt>
      <trkpt lat="60.74237" lon="7.13315">
        <ele>793.5</ele>
      </trkpt>
      <trkpt lat="60.74258" lon="7.1325">
        <ele>797.7</ele>
      </trkpt>
      <trkpt lat="60.74289" lon="7.13136">
        <ele>802.5</ele>
      </trkpt>
      <trkpt lat="60.74321" lon="7.12988">
        <ele>806.8</ele>
      </trkpt>
      <trkpt lat="60.74335" lon="7.12913">
        <ele>803.7</ele>
      </trkpt>
      <trkpt lat="60.74335" lon="7.12896">
        <ele>802.5</ele>
      </trkpt>
      <trkpt lat="60.74331" lon="7.12879">
        <ele>800.8</ele>
      </trkpt>
      <trkpt lat="60.74325" lon="7.12866">
        <ele>799.8</ele>
      </trkpt>
      <trkpt lat="60.74317" lon="7.12857">
        <ele>799.6</ele>
      </trkpt>
      <trkpt lat="60.74309" lon="7.12855">
        <ele>799.9</ele>
      </trkpt>
      <trkpt lat="60.74294" lon="7.12857">
        <ele>801.2</ele>
      </trkpt>
      <trkpt lat="60.74285" lon="7.12837">
        <ele>799.0</ele>
      </trkpt>
      <trkpt lat="60.74271" lon="7.12816">
        <ele>796.8</ele>
      </trkpt>
      <trkpt lat="60.74269" lon="7.12799">
        <ele>793.8</ele>
      </trkpt>
      <trkpt lat="60.74266" lon="7.12792">
        <ele>792.8</ele>
      </trkpt>
      <trkpt lat="60.74251" lon="7.12791">
        <ele>794.2</ele>
      </trkpt>
      <trkpt lat="60.74229" lon="7.12776">
        <ele>793.6</ele>
      </trkpt>
      <trkpt lat="60.7421" lon="7.12746">
        <ele>789.9</ele>
      </trkpt>
      <trkpt lat="60.74202" lon="7.12729">
        <ele>787.6</ele>
      </trkpt>
      <trkpt lat="60.74198" lon="7.12724">
        <ele>787.2</ele>
      </trkpt>
      <trkpt lat="60.74188" lon="7.12723">
        <ele>789.1</ele>
      </trkpt>
      <trkpt lat="60.74166" lon="7.12734">
        <ele>797.7</ele>
      </trkpt>
      <trkpt lat="60.74154" lon="7.12734">
        <ele>801.2</ele>
      </trkpt>
      <trkpt lat="60.74131" lon="7.12718">
        <ele>805.9</ele>
      </trkpt>
      <trkpt lat="60.74105" lon="7.12694">
        <ele>811.7</ele>
      </trkpt>
      <trkpt lat="60.74088" lon="7.12662">
        <ele>813.2</ele>
      </trkpt>
      <trkpt lat="60.74078" lon="7.12639">
        <ele>814.0</ele>
      </trkpt>
      <trkpt lat="60.74072" lon="7.12607">
        <ele>809.8</ele>
      </trkpt>
      <trkpt lat="60.74066" lon="7.12585">
        <ele>807.6</ele>
      </trkpt>
      <trkpt lat="60.74063" lon="7.12552">
        <ele>800.3</ele>
      </trkpt>
      <trkpt lat="60.7406" lon="7.12533">
        <ele>798.2</ele>
      </trkpt>
      <trkpt lat="60.74053" lon="7.1242">
        <ele>785.4</ele>
      </trkpt>
      <trkpt lat="60.74055" lon="7.12411">
        <ele>782.9</ele>
      </trkpt>
      <trkpt lat="60.74058" lon="7.12411">
        <ele>780.9</ele>
      </trkpt>
      <trkpt lat="60.74068" lon="7.12457">
        <ele>780.7</ele>
      </trkpt>
      <trkpt lat="60.74098" lon="7.1254">
        <ele>777.2</ele>
      </trkpt>
      <trkpt lat="60.74128" lon="7.12589">
        <ele>773.3</ele>
      </trkpt>
      <trkpt lat="60.7413" lon="7.12591">
        <ele>773.0</ele>
      </trkpt>
      <trkpt lat="60.74132" lon="7.12589">
        <ele>771.6</ele>
      </trkpt>
      <trkpt lat="60.74133" lon="7.12583">
        <ele>769.4</ele>
      </trkpt>
      <trkpt lat="60.74125" lon="7.12554">
        <ele>765.1</ele>
      </trkpt>
      <trkpt lat="60.74116" lon="7.12489">
        <ele>755.2</ele>
      </trkpt>
      <trkpt lat="60.74116" lon="7.12472">
        <ele>752.0</ele>
      </trkpt>
      <trkpt lat="60.74124" lon="7.12384">
        <ele>734.6</ele>
      </trkpt>
      <trkpt lat="60.74126" lon="7.12379">
        <ele>732.9</ele>
      </trkpt>
      <trkpt lat="60.74128" lon="7.12379">
        <ele>731.9</ele>
      </trkpt>
      <trkpt lat="60.7413" lon="7.12384">
        <ele>731.5</ele>
      </trkpt>
      <trkpt lat="60.74131" lon="7.12415">
        <ele>734.3</ele>
      </trkpt>
      <trkpt lat="60.74141" lon="7.12457">
        <ele>735.7</ele>
      </trkpt>
      <trkpt lat="60.7415" lon="7.12476">
        <ele>735.2</ele>
      </trkpt>
      <trkpt lat="60.74169" lon="7.12502">
        <ele>734.2</ele>
      </trkpt>
      <trkpt lat="60.74171" lon="7.12502">
        <ele>733.4</ele>
      </trkpt>
      <trkpt lat="60.74173" lon="7.12496">
        <ele>731.2</ele>
      </trkpt>
      <trkpt lat="60.74165" lon="7.12475">
        <ele>729.2</ele>
      </trkpt>
      <trkpt lat="60.74162" lon="7.12447">
        <ele>724.5</ele>
      </trkpt>
      <trkpt lat="60.74162" lon="7.124">
        <ele>717.7</ele>
      </trkpt>
      <trkpt lat="60.74164" lon="7.12394">
        <ele>716.2</ele>
      </trkpt>
      <trkpt lat="60.74168" lon="7.12397">
        <ele>714.8</ele>
      </trkpt>
      <trkpt lat="60.74179" lon="7.12432">
        <ele>714.9</ele>
      </trkpt>
      <trkpt lat="60.7419" lon="7.12456">
        <ele>716.4</ele>
      </trkpt>
      <trkpt lat="60.74196" lon="7.12458">
        <ele>714.9</ele>
      </trkpt>
      <trkpt lat="60.7421" lon="7.12448">
        <ele>708.1</ele>
      </trkpt>
      <trkpt lat="60.74217" lon="7.12447">
        <ele>705.3</ele>
      </trkpt>
      <trkpt lat="60.74225" lon="7.1245">
        <ele>703.0</ele>
      </trkpt>
      <trkpt lat="60.74237" lon="7.12461">
        <ele>701.3</ele>
      </trkpt>
      <trkpt lat="60.74239" lon="7.1246">
        <ele>700.2</ele>
      </trkpt>
      <trkpt lat="60.7424" lon="7.12454">
        <ele>698.2</ele>
      </trkpt>
      <trkpt lat="60.74236" lon="7.12441">
        <ele>696.7</ele>
      </trkpt>
      <trkpt lat="60.74207" lon="7.12384">
        <ele>697.2</ele>
      </trkpt>
      <trkpt lat="60.74202" lon="7.12367">
        <ele>697.1</ele>
      </trkpt>
      <trkpt lat="60.74203" lon="7.12359">
        <ele>696.0</ele>
      </trkpt>
      <trkpt lat="60.74204" lon="7.12356">
        <ele>695.4</ele>
      </trkpt>
      <trkpt lat="60.74207" lon="7.12359">
        <ele>694.4</ele>
      </trkpt>
      <trkpt lat="60.74218" lon="7.12384">
        <ele>692.4</ele>
      </trkpt>
      <trkpt lat="60.74237" lon="7.12402">
        <ele>687.4</ele>
      </trkpt>
      <trkpt lat="60.7425" lon="7.12426">
        <ele>686.4</ele>
      </trkpt>
      <trkpt lat="60.74252" lon="7.12421">
        <ele>684.3</ele>
      </trkpt>
      <trkpt lat="60.74252" lon="7.12418">
        <ele>683.6</ele>
      </trkpt>
      <trkpt lat="60.74226" lon="7.1237">
        <ele>686.8</ele>
      </trkpt>
      <trkpt lat="60.74225" lon="7.1236">
        <ele>686.1</ele>
      </trkpt>
      <trkpt lat="60.74227" lon="7.12357">
        <ele>684.8</ele>
      </trkpt>
      <trkpt lat="60.7423" lon="7.12357">
        <ele>683.3</ele>
      </trkpt>
      <trkpt lat="60.7427" lon="7.12423">
        <ele>676.2</ele>
      </trkpt>
      <trkpt lat="60.74323" lon="7.12475">
        <ele>670.5</ele>
      </trkpt>
      <trkpt lat="60.74325" lon="7.1247">
        <ele>667.9</ele>
      </trkpt>
      <trkpt lat="60.74325" lon="7.12466">
        <ele>666.4</ele>
      </trkpt>
      <trkpt lat="60.74313" lon="7.12447">
        <ele>664.6</ele>
      </trkpt>
      <trkpt lat="60.74302" lon="7.12411">
        <ele>657.6</ele>
      </trkpt>
      <trkpt lat="60.74297" lon="7.12352">
        <ele>646.5</ele>
      </trkpt>
      <trkpt lat="60.74291" lon="7.12326">
        <ele>646.1</ele>
      </trkpt>
      <trkpt lat="60.74293" lon="7.1232">
        <ele>644.5</ele>
      </trkpt>
      <trkpt lat="60.74295" lon="7.12318">
        <ele>643.7</ele>
      </trkpt>
      <trkpt lat="60.74314" lon="7.12338">
        <ele>637.6</ele>
      </trkpt>
      <trkpt lat="60.74328" lon="7.12388">
        <ele>639.3</ele>
      </trkpt>
      <trkpt lat="60.74339" lon="7.12417">
        <ele>642.8</ele>
      </trkpt>
      <trkpt lat="60.74346" lon="7.12432">
        <ele>645.0</ele>
      </trkpt>
      <trkpt lat="60.74353" lon="7.12438">
        <ele>643.1</ele>
      </trkpt>
      <trkpt lat="60.74356" lon="7.12435">
        <ele>640.2</ele>
      </trkpt>
      <trkpt lat="60.74356" lon="7.12428">
        <ele>637.7</ele>
      </trkpt>
      <trkpt lat="60.7435" lon="7.12404">
        <ele>632.8</ele>
      </trkpt>
      <trkpt lat="60.74348" lon="7.1236">
        <ele>625.0</ele>
      </trkpt>
      <trkpt lat="60.7434" lon="7.12335">
        <ele>626.9</ele>
      </trkpt>
      <trkpt lat="60.74341" lon="7.12326">
        <ele>626.3</ele>
      </trkpt>
      <trkpt lat="60.74344" lon="7.12326">
        <ele>625.2</ele>
      </trkpt>
      <trkpt lat="60.74356" lon="7.12342">
        <ele>619.7</ele>
      </trkpt>
      <trkpt lat="60.7436" lon="7.12351">
        <ele>617.8</ele>
      </trkpt>
      <trkpt lat="60.74368" lon="7.12379">
        <ele>616.0</ele>
      </trkpt>
      <trkpt lat="60.74385" lon="7.12407">
        <ele>612.1</ele>
      </trkpt>
      <trkpt lat="60.74394" lon="7.1243">
        <ele>611.8</ele>
      </trkpt>
      <trkpt lat="60.74398" lon="7.12435">
        <ele>610.3</ele>
      </trkpt>
      <trkpt lat="60.74401" lon="7.12427">
        <ele>605.5</ele>
      </trkpt>
      <trkpt lat="60.74393" lon="7.12392">
        <ele>603.1</ele>
      </trkpt>
      <trkpt lat="60.74393" lon="7.12368">
        <ele>599.9</ele>
      </trkpt>
      <trkpt lat="60.74396" lon="7.12331">
        <ele>599.5</ele>
      </trkpt>
      <trkpt lat="60.74398" lon="7.12326">
        <ele>598.9</ele>
      </trkpt>
      <trkpt lat="60.74401" lon="7.12325">
        <ele>597.4</ele>
      </trkpt>
      <trkpt lat="60.74404" lon="7.12335">
        <ele>594.5</ele>
      </trkpt>
      <trkpt lat="60.74408" lon="7.12358">
        <ele>590.6</ele>
      </trkpt>
      <trkpt lat="60.74422" lon="7.124">
        <ele>583.9</ele>
      </trkpt>
      <trkpt lat="60.74428" lon="7.12426">
        <ele>584.2</ele>
      </trkpt>
      <trkpt lat="60.74431" lon="7.12428">
        <ele>582.2</ele>
      </trkpt>
      <trkpt lat="60.74434" lon="7.12421">
        <ele>579.0</ele>
      </trkpt>
      <trkpt lat="60.7444" lon="7.12386">
        <ele>570.9</ele>
      </trkpt>
      <trkpt lat="60.74443" lon="7.12377">
        <ele>568.5</ele>
      </trkpt>
      <trkpt lat="60.74448" lon="7.1238">
        <ele>565.6</ele>
      </trkpt>
      <trkpt lat="60.74452" lon="7.12404">
        <ele>564.3</ele>
      </trkpt>
      <trkpt lat="60.74455" lon="7.12407">
        <ele>562.8</ele>
      </trkpt>
      <trkpt lat="60.74458" lon="7.12401">
        <ele>560.1</ele>
      </trkpt>
      <trkpt lat="60.74459" lon="7.12385">
        <ele>559.0</ele>
      </trkpt>
      <trkpt lat="60.74461" lon="7.1238">
        <ele>557.9</ele>
      </trkpt>
      <trkpt lat="60.74465" lon="7.12381">
        <ele>556.0</ele>
      </trkpt>
      <trkpt lat="60.7447" lon="7.12401">
        <ele>554.1</ele>
      </trkpt>
      <trkpt lat="60.74474" lon="7.12405">
        <ele>552.3</ele>
      </trkpt>
      <trkpt lat="60.74477" lon="7.12399">
        <ele>550.5</ele>
      </trkpt>
      <trkpt lat="60.74479" lon="7.12384">
        <ele>549.4</ele>
      </trkpt>
      <trkpt lat="60.74482" lon="7.12371">
        <ele>547.9</ele>
      </trkpt>
      <trkpt lat="60.7449" lon="7.12354">
        <ele>545.5</ele>
      </trkpt>
      <trkpt lat="60.74498" lon="7.1234">
        <ele>543.4</ele>
      </trkpt>
      <trkpt lat="60.74553" lon="7.12226">
        <ele>527.3</ele>
      </trkpt>
      <trkpt lat="60.74572" lon="7.12164">
        <ele>525.8</ele>
      </trkpt>
      <trkpt lat="60.74589" lon="7.12126">
        <ele>525.7</ele>
      </trkpt>
      <trkpt lat="60.74613" lon="7.12066">
        <ele>528.9</ele>
      </trkpt>
      <trkpt lat="60.74625" lon="7.12031">
        <ele>532.9</ele>
      </trkpt>
      <trkpt lat="60.74641" lon="7.1199">
        <ele>540.7</ele>
      </trkpt>
      <trkpt lat="60.74658" lon="7.11942">
        <ele>552.5</ele>
      </trkpt>
      <trkpt lat="60.74674" lon="7.11908">
        <ele>558.3</ele>
      </trkpt>
      <trkpt lat="60.74687" lon="7.11851">
        <ele>570.1</ele>
      </trkpt>
      <trkpt lat="60.74703" lon="7.11814">
        <ele>570.4</ele>
      </trkpt>
      <trkpt lat="60.74709" lon="7.11788">
        <ele>571.2</ele>
      </trkpt>
      <trkpt lat="60.74709" lon="7.11788">
        <ele>571.2</ele>
      </trkpt>
      <trkpt lat="60.74719" lon="7.11729">
        <ele>573.0</ele>
      </trkpt>
      <trkpt lat="60.74733" lon="7.11678">
        <ele>568.6</ele>
      </trkpt>
      <trkpt lat="60.74736" lon="7.11639">
        <ele>575.6</ele>
      </trkpt>
      <trkpt lat="60.74739" lon="7.11622">
        <ele>576.4</ele>
      </trkpt>
      <trkpt lat="60.74746" lon="7.11606">
        <ele>574.1</ele>
      </trkpt>
      <trkpt lat="60.7476" lon="7.11582">
        <ele>571.4</ele>
      </trkpt>
      <trkpt lat="60.74776" lon="7.11517">
        <ele>586.8</ele>
      </trkpt>
      <trkpt lat="60.74796" lon="7.11462">
        <ele>596.7</ele>
      </trkpt>
      <trkpt lat="60.7482" lon="7.11366">
        <ele>606.2</ele>
      </trkpt>
      <trkpt lat="60.74838" lon="7.11259">
        <ele>601.3</ele>
      </trkpt>
      <trkpt lat="60.74844" lon="7.11241">
        <ele>596.8</ele>
      </trkpt>
      <trkpt lat="60.74857" lon="7.11211">
        <ele>584.3</ele>
      </trkpt>
      <trkpt lat="60.74878" lon="7.11146">
        <ele>564.2</ele>
      </trkpt>
      <trkpt lat="60.74901" lon="7.11104">
        <ele>542.8</ele>
      </trkpt>
      <trkpt lat="60.74973" lon="7.11005">
        <ele>499.9</ele>
      </trkpt>
      <trkpt lat="60.75045" lon="7.10907">
        <ele>487.8</ele>
      </trkpt>
      <trkpt lat="60.75116" lon="7.10809">
        <ele>485.1</ele>
      </trkpt>
      <trkpt lat="60.7513" lon="7.10787">
        <ele>485.0</ele>
      </trkpt>
      <trkpt lat="60.75135" lon="7.10771">
        <ele>485.1</ele>
      </trkpt>
      <trkpt lat="60.75139" lon="7.10737">
        <ele>485.4</ele>
      </trkpt>
      <trkpt lat="60.7514" lon="7.10728">
        <ele>485.5</ele>
      </trkpt>
      <trkpt lat="60.75143" lon="7.10719">
        <ele>485.6</ele>
      </trkpt>
      <trkpt lat="60.75148" lon="7.1071">
        <ele>485.7</ele>
      </trkpt>
      <trkpt lat="60.75158" lon="7.10705">
        <ele>485.9</ele>
      </trkpt>
      <trkpt lat="60.75168" lon="7.10704">
        <ele>485.6</ele>
      </trkpt>
      <trkpt lat="60.75189" lon="7.10706">
        <ele>484.8</ele>
      </trkpt>
      <trkpt lat="60.75214" lon="7.10712">
        <ele>484.0</ele>
      </trkpt>
      <trkpt lat="60.75222" lon="7.10718">
        <ele>483.8</ele>
      </trkpt>
      <trkpt lat="60.75225" lon="7.10726">
        <ele>483.7</ele>
      </trkpt>
      <trkpt lat="60.75225" lon="7.10732">
        <ele>483.6</ele>
      </trkpt>
      <trkpt lat="60.75225" lon="7.10766">
        <ele>483.1</ele>
      </trkpt>
      <trkpt lat="60.75225" lon="7.10774">
        <ele>483.0</ele>
      </trkpt>
      <trkpt lat="60.75228" lon="7.10786">
        <ele>482.8</ele>
      </trkpt>
      <trkpt lat="60.7525" lon="7.10822">
        <ele>482.1</ele>
      </trkpt>
      <trkpt lat="60.75254" lon="7.10838">
        <ele>482.6</ele>
      </trkpt>
      <trkpt lat="60.75256" lon="7.10865">
        <ele>484.0</ele>
      </trkpt>
      <trkpt lat="60.75251" lon="7.10929">
        <ele>491.8</ele>
      </trkpt>
      <trkpt lat="60.75252" lon="7.10941">
        <ele>493.7</ele>
      </trkpt>
      <trkpt lat="60.75254" lon="7.10951">
        <ele>495.4</ele>
      </trkpt>
      <trkpt lat="60.7526" lon="7.10963">
        <ele>497.8</ele>
      </trkpt>
      <trkpt lat="60.75267" lon="7.1097">
        <ele>499.7</ele>
      </trkpt>
      <trkpt lat="60.75274" lon="7.1097">
        <ele>500.0</ele>
      </trkpt>
      <trkpt lat="60.7529" lon="7.10958">
        <ele>497.9</ele>
      </trkpt>
      <trkpt lat="60.75313" lon="7.1093">
        <ele>494.2</ele>
      </trkpt>
      <trkpt lat="60.75343" lon="7.10878">
        <ele>489.7</ele>
      </trkpt>
      <trkpt lat="60.75356" lon="7.10865">
        <ele>490.8</ele>
      </trkpt>
      <trkpt lat="60.75392" lon="7.10844">
        <ele>496.6</ele>
      </trkpt>
      <trkpt lat="60.75409" lon="7.10828">
        <ele>496.9</ele>
      </trkpt>
      <trkpt lat="60.75427" lon="7.108">
        <ele>494.9</ele>
      </trkpt>
      <trkpt lat="60.75449" lon="7.10753">
        <ele>493.1</ele>
      </trkpt>
      <trkpt lat="60.75472" lon="7.10697">
        <ele>490.9</ele>
      </trkpt>
      <trkpt lat="60.75494" lon="7.10612">
        <ele>483.0</ele>
      </trkpt>
      <trkpt lat="60.755" lon="7.10604">
        <ele>483.1</ele>
      </trkpt>
      <trkpt lat="60.75521" lon="7.1058">
        <ele>485.3</ele>
      </trkpt>
      <trkpt lat="60.7553" lon="7.10562">
        <ele>485.7</ele>
      </trkpt>
      <trkpt lat="60.75538" lon="7.10537">
        <ele>484.4</ele>
      </trkpt>
      <trkpt lat="60.7555" lon="7.10484">
        <ele>481.5</ele>
      </trkpt>
      <trkpt lat="60.75558" lon="7.10461">
        <ele>481.6</ele>
      </trkpt>
      <trkpt lat="60.75566" lon="7.10443">
        <ele>481.7</ele>
      </trkpt>
      <trkpt lat="60.75596" lon="7.10399">
        <ele>488.1</ele>
      </trkpt>
      <trkpt lat="60.75605" lon="7.10374">
        <ele>489.5</ele>
      </trkpt>
      <trkpt lat="60.75627" lon="7.10302">
        <ele>487.6</ele>
      </trkpt>
      <trkpt lat="60.75653" lon="7.10243">
        <ele>487.5</ele>
      </trkpt>
      <trkpt lat="60.75672" lon="7.10208">
        <ele>486.7</ele>
      </trkpt>
      <trkpt lat="60.75695" lon="7.10184">
        <ele>485.4</ele>
      </trkpt>
      <trkpt lat="60.75729" lon="7.10124">
        <ele>478.4</ele>
      </trkpt>
      <trkpt lat="60.75739" lon="7.10114">
        <ele>478.8</ele>
      </trkpt>
      <trkpt lat="60.75763" lon="7.10099">
        <ele>481.1</ele>
      </trkpt>
      <trkpt lat="60.75774" lon="7.10085">
        <ele>482.3</ele>
      </trkpt>
      <trkpt lat="60.75834" lon="7.09978">
        <ele>488.5</ele>
      </trkpt>
      <trkpt lat="60.75851" lon="7.09953">
        <ele>492.0</ele>
      </trkpt>
      <trkpt lat="60.75876" lon="7.09928">
        <ele>498.9</ele>
      </trkpt>
      <trkpt lat="60.75882" lon="7.09914">
        <ele>498.7</ele>
      </trkpt>
      <trkpt lat="60.75897" lon="7.09871">
        <ele>494.9</ele>
      </trkpt>
      <trkpt lat="60.75905" lon="7.09853">
        <ele>492.7</ele>
      </trkpt>
      <trkpt lat="60.75938" lon="7.09808">
        <ele>492.4</ele>
      </trkpt>
      <trkpt lat="60.7596" lon="7.09761">
        <ele>483.6</ele>
      </trkpt>
      <trkpt lat="60.75994" lon="7.09736">
        <ele>485.5</ele>
      </trkpt>
      <trkpt lat="60.76021" lon="7.09705">
        <ele>480.5</ele>
      </trkpt>
      <trkpt lat="60.76028" lon="7.09694">
        <ele>477.9</ele>
      </trkpt>
      <trkpt lat="60.76043" lon="7.09663">
        <ele>469.6</ele>
      </trkpt>
      <trkpt lat="60.76053" lon="7.09647">
        <ele>466.7</ele>
      </trkpt>
      <trkpt lat="60.7606" lon="7.09642">
        <ele>466.6</ele>
      </trkpt>
      <trkpt lat="60.76069" lon="7.09643">
        <ele>468.7</ele>
      </trkpt>
      <trkpt lat="60.76089" lon="7.09634">
        <ele>470.1</ele>
      </trkpt>
      <trkpt lat="60.76108" lon="7.09632">
        <ele>472.0</ele>
      </trkpt>
      <trkpt lat="60.76124" lon="7.09624">
        <ele>471.8</ele>
      </trkpt>
      <trkpt lat="60.7614" lon="7.09634">
        <ele>471.6</ele>
      </trkpt>
      <trkpt lat="60.76193" lon="7.09649">
        <ele>471.1</ele>
      </trkpt>
      <trkpt lat="60.76245" lon="7.09664">
        <ele>470.5</ele>
      </trkpt>
      <trkpt lat="60.76282" lon="7.09662">
        <ele>470.2</ele>
      </trkpt>
      <trkpt lat="60.76287" lon="7.09665">
        <ele>468.8</ele>
      </trkpt>
      <trkpt lat="60.7629" lon="7.09673">
        <ele>469.7</ele>
      </trkpt>
      <trkpt lat="60.76294" lon="7.09696">
        <ele>477.7</ele>
      </trkpt>
      <trkpt lat="60.763" lon="7.09712">
        <ele>482.7</ele>
      </trkpt>
      <trkpt lat="60.76316" lon="7.09739">
        <ele>485.6</ele>
      </trkpt>
      <trkpt lat="60.76333" lon="7.09781">
        <ele>503.1</ele>
      </trkpt>
      <trkpt lat="60.76344" lon="7.09794">
        <ele>508.4</ele>
      </trkpt>
      <trkpt lat="60.76372" lon="7.09818">
        <ele>542.4</ele>
      </trkpt>
      <trkpt lat="60.76381" lon="7.09832">
        <ele>559.6</ele>
      </trkpt>
      <trkpt lat="60.76406" lon="7.09909">
        <ele>599.3</ele>
      </trkpt>
      <trkpt lat="60.76406" lon="7.09909">
        <ele>599.3</ele>
      </trkpt>
      <trkpt lat="60.76422" lon="7.09943">
        <ele>591.7</ele>
      </trkpt>
      <trkpt lat="60.7645" lon="7.09969">
        <ele>567.5</ele>
      </trkpt>
      <trkpt lat="60.76468" lon="7.09979">
        <ele>554.9</ele>
      </trkpt>
      <trkpt lat="60.76484" lon="7.09992">
        <ele>546.9</ele>
      </trkpt>
      <trkpt lat="60.76502" lon="7.10014">
        <ele>543.0</ele>
      </trkpt>
      <trkpt lat="60.76508" lon="7.10024">
        <ele>541.9</ele>
      </trkpt>
      <trkpt lat="60.76515" lon="7.10047">
        <ele>542.1</ele>
      </trkpt>
      <trkpt lat="60.76521" lon="7.10094">
        <ele>537.1</ele>
      </trkpt>
      <trkpt lat="60.76527" lon="7.10117">
        <ele>530.5</ele>
      </trkpt>
      <trkpt lat="60.76539" lon="7.10137">
        <ele>523.5</ele>
      </trkpt>
      <trkpt lat="60.76561" lon="7.10162">
        <ele>517.8</ele>
      </trkpt>
      <trkpt lat="60.76581" lon="7.10206">
        <ele>519.2</ele>
      </trkpt>
      <trkpt lat="60.76592" lon="7.10218">
        <ele>518.5</ele>
      </trkpt>
      <trkpt lat="60.76597" lon="7.1022">
        <ele>517.2</ele>
      </trkpt>
      <trkpt lat="60.76605" lon="7.10214">
        <ele>517.5</ele>
      </trkpt>
      <trkpt lat="60.76623" lon="7.10187">
        <ele>518.2</ele>
      </trkpt>
      <trkpt lat="60.76635" lon="7.10176">
        <ele>522.5</ele>
      </trkpt>
      <trkpt lat="60.76642" lon="7.10173">
        <ele>525.6</ele>
      </trkpt>
      <trkpt lat="60.76664" lon="7.10176">
        <ele>532.4</ele>
      </trkpt>
      <trkpt lat="60.76679" lon="7.10182">
        <ele>535.7</ele>
      </trkpt>
      <trkpt lat="60.76688" lon="7.10189">
        <ele>529.0</ele>
      </trkpt>
      <trkpt lat="60.76731" lon="7.10252">
        <ele>480.1</ele>
      </trkpt>
      <trkpt lat="60.76743" lon="7.10257">
        <ele>469.4</ele>
      </trkpt>
      <trkpt lat="60.76763" lon="7.10258">
        <ele>453.5</ele>
      </trkpt>
      <trkpt lat="60.76777" lon="7.10254">
        <ele>447.4</ele>
      </trkpt>
      <trkpt lat="60.76807" lon="7.10237">
        <ele>438.2</ele>
      </trkpt>
      <trkpt lat="60.76815" lon="7.10236">
        <ele>438.0</ele>
      </trkpt>
      <trkpt lat="60.76848" lon="7.10248">
        <ele>437.7</ele>
      </trkpt>
      <trkpt lat="60.76862" lon="7.1025">
        <ele>437.7</ele>
      </trkpt>
      <trkpt lat="60.76918" lon="7.1024">
        <ele>433.8</ele>
      </trkpt>
      <trkpt lat="60.7696" lon="7.10239">
        <ele>437.0</ele>
      </trkpt>
      <trkpt lat="60.77021" lon="7.10228">
        <ele>433.8</ele>
      </trkpt>
      <trkpt lat="60.77073" lon="7.1021">
        <ele>426.7</ele>
      </trkpt>
      <trkpt lat="60.77147" lon="7.10178">
        <ele>424.1</ele>
      </trkpt>
      <trkpt lat="60.77168" lon="7.1017">
        <ele>423.5</ele>
      </trkpt>
      <trkpt lat="60.77184" lon="7.10169">
        <ele>422.6</ele>
      </trkpt>
      <trkpt lat="60.77253" lon="7.10218">
        <ele>423.0</ele>
      </trkpt>
      <trkpt lat="60.77271" lon="7.10227">
        <ele>426.0</ele>
      </trkpt>
      <trkpt lat="60.77283" lon="7.10229">
        <ele>427.3</ele>
      </trkpt>
      <trkpt lat="60.77325" lon="7.10226">
        <ele>429.8</ele>
      </trkpt>
      <trkpt lat="60.77385" lon="7.10257">
        <ele>434.1</ele>
      </trkpt>
      <trkpt lat="60.77393" lon="7.10253">
        <ele>433.7</ele>
      </trkpt>
      <trkpt lat="60.77404" lon="7.10232">
        <ele>433.2</ele>
      </trkpt>
      <trkpt lat="60.7741" lon="7.10226">
        <ele>434.0</ele>
      </trkpt>
      <trkpt lat="60.77423" lon="7.10225">
        <ele>435.1</ele>
      </trkpt>
      <trkpt lat="60.77462" lon="7.10238">
        <ele>435.9</ele>
      </trkpt>
      <trkpt lat="60.77475" lon="7.10248">
        <ele>435.1</ele>
      </trkpt>
      <trkpt lat="60.77488" lon="7.1027">
        <ele>432.1</ele>
      </trkpt>
      <trkpt lat="60.7752" lon="7.10285">
        <ele>429.2</ele>
      </trkpt>
      <trkpt lat="60.77533" lon="7.10286">
        <ele>429.0</ele>
      </trkpt>
      <trkpt lat="60.77556" lon="7.10282">
        <ele>429.7</ele>
      </trkpt>
      <trkpt lat="60.77574" lon="7.10261">
        <ele>433.5</ele>
      </trkpt>
      <trkpt lat="60.77594" lon="7.10249">
        <ele>435.2</ele>
      </trkpt>
      <trkpt lat="60.77638" lon="7.10205">
        <ele>443.4</ele>
      </trkpt>
      <trkpt lat="60.77643" lon="7.10207">
        <ele>443.5</ele>
      </trkpt>
      <trkpt lat="60.77655" lon="7.1024">
        <ele>439.5</ele>
      </trkpt>
      <trkpt lat="60.77659" lon="7.10245">
        <ele>438.8</ele>
      </trkpt>
      <trkpt lat="60.7769" lon="7.10252">
        <ele>439.3</ele>
      </trkpt>
      <trkpt lat="60.77698" lon="7.10259">
        <ele>438.4</ele>
      </trkpt>
      <trkpt lat="60.77714" lon="7.10266">
        <ele>437.8</ele>
      </trkpt>
      <trkpt lat="60.77737" lon="7.10266">
        <ele>437.8</ele>
      </trkpt>
      <trkpt lat="60.77746" lon="7.10262">
        <ele>436.7</ele>
      </trkpt>
      <trkpt lat="60.77779" lon="7.10237">
        <ele>428.5</ele>
      </trkpt>
      <trkpt lat="60.77783" lon="7.10243">
        <ele>426.8</ele>
      </trkpt>
      <trkpt lat="60.77782" lon="7.10254">
        <ele>427.4</ele>
      </trkpt>
      <trkpt lat="60.77742" lon="7.10299">
        <ele>436.2</ele>
      </trkpt>
      <trkpt lat="60.77741" lon="7.1031">
        <ele>435.9</ele>
      </trkpt>
      <trkpt lat="60.77742" lon="7.10315">
        <ele>435.7</ele>
      </trkpt>
      <trkpt lat="60.77748" lon="7.10319">
        <ele>435.2</ele>
      </trkpt>
      <trkpt lat="60.77752" lon="7.10316">
        <ele>434.9</ele>
      </trkpt>
      <trkpt lat="60.77774" lon="7.10297">
        <ele>430.9</ele>
      </trkpt>
      <trkpt lat="60.7779" lon="7.10287">
        <ele>425.4</ele>
      </trkpt>
      <trkpt lat="60.77801" lon="7.10272">
        <ele>419.9</ele>
      </trkpt>
      <trkpt lat="60.7781" lon="7.10252">
        <ele>413.8</ele>
      </trkpt>
      <trkpt lat="60.77819" lon="7.10216">
        <ele>406.5</ele>
      </trkpt>
      <trkpt lat="60.77824" lon="7.10162">
        <ele>401.7</ele>
      </trkpt>
      <trkpt lat="60.77835" lon="7.1011">
        <ele>396.4</ele>
      </trkpt>
      <trkpt lat="60.77839" lon="7.10075">
        <ele>398.1</ele>
      </trkpt>
      <trkpt lat="60.77841" lon="7.10071">
        <ele>397.4</ele>
      </trkpt>
      <trkpt lat="60.77846" lon="7.10071">
        <ele>394.5</ele>
      </trkpt>
      <trkpt lat="60.77847" lon="7.10081">
        <ele>392.9</ele>
      </trkpt>
      <trkpt lat="60.77838" lon="7.10164">
        <ele>393.7</ele>
      </trkpt>
      <trkpt lat="60.77842" lon="7.10173">
        <ele>391.7</ele>
      </trkpt>
      <trkpt lat="60.77846" lon="7.10173">
        <ele>389.4</ele>
      </trkpt>
      <trkpt lat="60.77848" lon="7.1017">
        <ele>388.3</ele>
      </trkpt>
      <trkpt lat="60.77853" lon="7.10133">
        <ele>385.3</ele>
      </trkpt>
      <trkpt lat="60.7786" lon="7.10093">
        <ele>384.5</ele>
      </trkpt>
      <trkpt lat="60.77869" lon="7.09998">
        <ele>391.5</ele>
      </trkpt>
      <trkpt lat="60.77878" lon="7.09964">
        <ele>392.6</ele>
      </trkpt>
      <trkpt lat="60.77901" lon="7.09922">
        <ele>388.4</ele>
      </trkpt>
      <trkpt lat="60.77959" lon="7.09851">
        <ele>374.1</ele>
      </trkpt>
      <trkpt lat="60.77965" lon="7.09846">
        <ele>372.7</ele>
      </trkpt>
      <trkpt lat="60.77978" lon="7.09855">
        <ele>365.8</ele>
      </trkpt>
      <trkpt lat="60.77985" lon="7.09853">
        <ele>363.4</ele>
      </trkpt>
      <trkpt lat="60.78033" lon="7.09795">
        <ele>368.2</ele>
      </trkpt>
      <trkpt lat="60.78045" lon="7.09789">
        <ele>368.5</ele>
      </trkpt>
      <trkpt lat="60.78058" lon="7.09786">
        <ele>368.2</ele>
      </trkpt>
      <trkpt lat="60.78096" lon="7.09782">
        <ele>364.9</ele>
      </trkpt>
      <trkpt lat="60.78102" lon="7.09783">
        <ele>364.4</ele>
      </trkpt>
      <trkpt lat="60.78185" lon="7.09809">
        <ele>357.2</ele>
      </trkpt>
      <trkpt lat="60.78218" lon="7.0981">
        <ele>350.4</ele>
      </trkpt>
      <trkpt lat="60.78245" lon="7.09816">
        <ele>343.1</ele>
      </trkpt>
      <trkpt lat="60.78261" lon="7.09815">
        <ele>340.3</ele>
      </trkpt>
      <trkpt lat="60.78277" lon="7.09812">
        <ele>338.3</ele>
      </trkpt>
      <trkpt lat="60.78324" lon="7.09789">
        <ele>336.0</ele>
      </trkpt>
      <trkpt lat="60.78372" lon="7.09767">
        <ele>334.9</ele>
      </trkpt>
      <trkpt lat="60.78404" lon="7.09739">
        <ele>335.2</ele>
      </trkpt>
      <trkpt lat="60.78412" lon="7.09725">
        <ele>336.0</ele>
      </trkpt>
      <trkpt lat="60.78414" lon="7.09706">
        <ele>339.1</ele>
      </trkpt>
      <trkpt lat="60.78414" lon="7.09667">
        <ele>348.7</ele>
      </trkpt>
      <trkpt lat="60.78419" lon="7.09633">
        <ele>356.4</ele>
      </trkpt>
      <trkpt lat="60.78426" lon="7.09598">
        <ele>364.4</ele>
      </trkpt>
      <trkpt lat="60.78443" lon="7.09549">
        <ele>373.0</ele>
      </trkpt>
      <trkpt lat="60.78463" lon="7.09469">
        <ele>380.9</ele>
      </trkpt>
      <trkpt lat="60.78484" lon="7.09424">
        <ele>375.9</ele>
      </trkpt>
      <trkpt lat="60.785" lon="7.09399">
        <ele>372.7</ele>
      </trkpt>
      <trkpt lat="60.78512" lon="7.09388">
        <ele>369.6</ele>
      </trkpt>
      <trkpt lat="60.78516" lon="7.09388">
        <ele>368.0</ele>
      </trkpt>
      <trkpt lat="60.78527" lon="7.09392">
        <ele>362.9</ele>
      </trkpt>
      <trkpt lat="60.78577" lon="7.09433">
        <ele>350.8</ele>
      </trkpt>
      <trkpt lat="60.78582" lon="7.09435">
        <ele>349.6</ele>
      </trkpt>
      <trkpt lat="60.78598" lon="7.09434">
        <ele>346.1</ele>
      </trkpt>
      <trkpt lat="60.78677" lon="7.09399">
        <ele>328.0</ele>
      </trkpt>
      <trkpt lat="60.78692" lon="7.09397">
        <ele>331.5</ele>
      </trkpt>
      <trkpt lat="60.78704" lon="7.09402">
        <ele>333.1</ele>
      </trkpt>
      <trkpt lat="60.78739" lon="7.0944">
        <ele>338.1</ele>
      </trkpt>
      <trkpt lat="60.78755" lon="7.09452">
        <ele>343.3</ele>
      </trkpt>
      <trkpt lat="60.78777" lon="7.09472">
        <ele>349.4</ele>
      </trkpt>
      <trkpt lat="60.78796" lon="7.09496">
        <ele>352.7</ele>
      </trkpt>
      <trkpt lat="60.7881" lon="7.09518">
        <ele>353.3</ele>
      </trkpt>
      <trkpt lat="60.78838" lon="7.09574">
        <ele>349.6</ele>
      </trkpt>
      <trkpt lat="60.78848" lon="7.09597">
        <ele>348.2</ele>
      </trkpt>
      <trkpt lat="60.78858" lon="7.0963">
        <ele>346.3</ele>
      </trkpt>
      <trkpt lat="60.78872" lon="7.09683">
        <ele>343.2</ele>
      </trkpt>
      <trkpt lat="60.78876" lon="7.09708">
        <ele>341.1</ele>
      </trkpt>
      <trkpt lat="60.78877" lon="7.09726">
        <ele>339.7</ele>
      </trkpt>
      <trkpt lat="60.78876" lon="7.09757">
        <ele>336.7</ele>
      </trkpt>
      <trkpt lat="60.78877" lon="7.09768">
        <ele>335.3</ele>
      </trkpt>
      <trkpt lat="60.78899" lon="7.09824">
        <ele>327.6</ele>
      </trkpt>
      <trkpt lat="60.78901" lon="7.09838">
        <ele>326.1</ele>
      </trkpt>
      <trkpt lat="60.78949" lon="7.09898">
        <ele>309.1</ele>
      </trkpt>
      <trkpt lat="60.78959" lon="7.09906">
        <ele>305.7</ele>
      </trkpt>
      <trkpt lat="60.78969" lon="7.09906">
        <ele>302.4</ele>
      </trkpt>
      <trkpt lat="60.78982" lon="7.09896">
        <ele>298.8</ele>
      </trkpt>
      <trkpt lat="60.78986" lon="7.09888">
        <ele>298.1</ele>
      </trkpt>
      <trkpt lat="60.78995" lon="7.09869">
        <ele>297.3</ele>
      </trkpt>
      <trkpt lat="60.79" lon="7.09848">
        <ele>297.9</ele>
      </trkpt>
      <trkpt lat="60.79004" lon="7.0984">
        <ele>297.8</ele>
      </trkpt>
      <trkpt lat="60.79021" lon="7.09816">
        <ele>298.1</ele>
      </trkpt>
      <trkpt lat="60.79044" lon="7.0979">
        <ele>301.8</ele>
      </trkpt>
      <trkpt lat="60.7905" lon="7.09783">
        <ele>304.8</ele>
      </trkpt>
      <trkpt lat="60.79057" lon="7.09781">
        <ele>306.7</ele>
      </trkpt>
      <trkpt lat="60.79078" lon="7.09784">
        <ele>311.6</ele>
      </trkpt>
      <trkpt lat="60.79107" lon="7.098">
        <ele>320.5</ele>
      </trkpt>
      <trkpt lat="60.79132" lon="7.09829">
        <ele>327.7</ele>
      </trkpt>
      <trkpt lat="60.79152" lon="7.09857">
        <ele>332.8</ele>
      </trkpt>
      <trkpt lat="60.79185" lon="7.09924">
        <ele>338.7</ele>
      </trkpt>
      <trkpt lat="60.79209" lon="7.09964">
        <ele>340.7</ele>
      </trkpt>
      <trkpt lat="60.79259" lon="7.10032">
        <ele>328.0</ele>
      </trkpt>
      <trkpt lat="60.7928" lon="7.10054">
        <ele>319.1</ele>
      </trkpt>
      <trkpt lat="60.79319" lon="7.10089">
        <ele>302.3</ele>
      </trkpt>
      <trkpt lat="60.79365" lon="7.10112">
        <ele>296.5</ele>
      </trkpt>
      <trkpt lat="60.79375" lon="7.10123">
        <ele>295.5</ele>
      </trkpt>
      <trkpt lat="60.79408" lon="7.10171">
        <ele>287.2</ele>
      </trkpt>
      <trkpt lat="60.79431" lon="7.10193">
        <ele>279.5</ele>
      </trkpt>
      <trkpt lat="60.79496" lon="7.10237">
        <ele>269.5</ele>
      </trkpt>
      <trkpt lat="60.79506" lon="7.1024">
        <ele>270.3</ele>
      </trkpt>
      <trkpt lat="60.79544" lon="7.10243">
        <ele>272.9</ele>
      </trkpt>
      <trkpt lat="60.79565" lon="7.10253">
        <ele>270.9</ele>
      </trkpt>
      <trkpt lat="60.79582" lon="7.10268">
        <ele>267.9</ele>
      </trkpt>
      <trkpt lat="60.79609" lon="7.10319">
        <ele>260.9</ele>
      </trkpt>
      <trkpt lat="60.79615" lon="7.10328">
        <ele>261.1</ele>
      </trkpt>
      <trkpt lat="60.79623" lon="7.10335">
        <ele>261.3</ele>
      </trkpt>
      <trkpt lat="60.79629" lon="7.10335">
        <ele>262.1</ele>
      </trkpt>
      <trkpt lat="60.7964" lon="7.10323">
        <ele>265.0</ele>
      </trkpt>
      <trkpt lat="60.79648" lon="7.10305">
        <ele>267.2</ele>
      </trkpt>
      <trkpt lat="60.79654" lon="7.10288">
        <ele>269.9</ele>
      </trkpt>
      <trkpt lat="60.79661" lon="7.10277">
        <ele>277.6</ele>
      </trkpt>
      <trkpt lat="60.79677" lon="7.10274">
        <ele>289.2</ele>
      </trkpt>
      <trkpt lat="60.79702" lon="7.10284">
        <ele>320.0</ele>
      </trkpt>
      <trkpt lat="60.79709" lon="7.1029">
        <ele>329.3</ele>
      </trkpt>
      <trkpt lat="60.79737" lon="7.10335">
        <ele>327.6</ele>
      </trkpt>
      <trkpt lat="60.7978" lon="7.10389">
        <ele>306.4</ele>
      </trkpt>
      <trkpt lat="60.79812" lon="7.10421">
        <ele>295.6</ele>
      </trkpt>
      <trkpt lat="60.79833" lon="7.10437">
        <ele>292.6</ele>
      </trkpt>
      <trkpt lat="60.79845" lon="7.10452">
        <ele>289.6</ele>
      </trkpt>
      <trkpt lat="60.79859" lon="7.10474">
        <ele>285.8</ele>
      </trkpt>
      <trkpt lat="60.79887" lon="7.10536">
        <ele>277.1</ele>
      </trkpt>
      <trkpt lat="60.79903" lon="7.10562">
        <ele>276.7</ele>
      </trkpt>
      <trkpt lat="60.79942" lon="7.10666">
        <ele>274.5</ele>
      </trkpt>
      <trkpt lat="60.79956" lon="7.10696">
        <ele>273.0</ele>
      </trkpt>
      <trkpt lat="60.79996" lon="7.10818">
        <ele>255.0</ele>
      </trkpt>
      <trkpt lat="60.80008" lon="7.10845">
        <ele>251.2</ele>
      </trkpt>
      <trkpt lat="60.80019" lon="7.1086">
        <ele>248.7</ele>
      </trkpt>
      <trkpt lat="60.80025" lon="7.10863">
        <ele>248.2</ele>
      </trkpt>
      <trkpt lat="60.80035" lon="7.1086">
        <ele>248.7</ele>
      </trkpt>
      <trkpt lat="60.80054" lon="7.10846">
        <ele>253.0</ele>
      </trkpt>
      <trkpt lat="60.8006" lon="7.10847">
        <ele>253.7</ele>
      </trkpt>
      <trkpt lat="60.80065" lon="7.10852">
        <ele>253.4</ele>
      </trkpt>
      <trkpt lat="60.80086" lon="7.10899">
        <ele>249.7</ele>
      </trkpt>
      <trkpt lat="60.80094" lon="7.10923">
        <ele>248.3</ele>
      </trkpt>
      <trkpt lat="60.80103" lon="7.1094">
        <ele>249.1</ele>
      </trkpt>
      <trkpt lat="60.80129" lon="7.10969">
        <ele>255.1</ele>
      </trkpt>
      <trkpt lat="60.80148" lon="7.10981">
        <ele>261.0</ele>
      </trkpt>
      <trkpt lat="60.80168" lon="7.11002">
        <ele>264.9</ele>
      </trkpt>
      <trkpt lat="60.80198" lon="7.11074">
        <ele>264.9</ele>
      </trkpt>
      <trkpt lat="60.80223" lon="7.11118">
        <ele>262.8</ele>
      </trkpt>
      <trkpt lat="60.80241" lon="7.11164">
        <ele>255.8</ele>
      </trkpt>
      <trkpt lat="60.80252" lon="7.11183">
        <ele>252.0</ele>
      </trkpt>
      <trkpt lat="60.80261" lon="7.11191">
        <ele>250.4</ele>
      </trkpt>
      <trkpt lat="60.80297" lon="7.11201">
        <ele>246.2</ele>
      </trkpt>
      <trkpt lat="60.80329" lon="7.11222">
        <ele>231.2</ele>
      </trkpt>
      <trkpt lat="60.80336" lon="7.11231">
        <ele>225.4</ele>
      </trkpt>
      <trkpt lat="60.80351" lon="7.1126">
        <ele>211.4</ele>
      </trkpt>
      <trkpt lat="60.80367" lon="7.11275">
        <ele>211.2</ele>
      </trkpt>
      <trkpt lat="60.8039" lon="7.1129">
        <ele>218.3</ele>
      </trkpt>
      <trkpt lat="60.8042" lon="7.11301">
        <ele>230.5</ele>
      </trkpt>
      <trkpt lat="60.80434" lon="7.1131">
        <ele>234.1</ele>
      </trkpt>
      <trkpt lat="60.80454" lon="7.11339">
        <ele>233.7</ele>
      </trkpt>
      <trkpt lat="60.80494" lon="7.11409">
        <ele>228.0</ele>
      </trkpt>
      <trkpt lat="60.80524" lon="7.11448">
        <ele>226.2</ele>
      </trkpt>
      <trkpt lat="60.80534" lon="7.11467">
        <ele>225.5</ele>
      </trkpt>
      <trkpt lat="60.80542" lon="7.11486">
        <ele>225.1</ele>
      </trkpt>
      <trkpt lat="60.80554" lon="7.11526">
        <ele>228.4</ele>
      </trkpt>
      <trkpt lat="60.80567" lon="7.11573">
        <ele>233.9</ele>
      </trkpt>
      <trkpt lat="60.80598" lon="7.11631">
        <ele>240.7</ele>
      </trkpt>
      <trkpt lat="60.80623" lon="7.11703">
        <ele>239.3</ele>
      </trkpt>
      <trkpt lat="60.80626" lon="7.11706">
        <ele>238.6</ele>
      </trkpt>
      <trkpt lat="60.80639" lon="7.1171">
        <ele>236.0</ele>
      </trkpt>
      <trkpt lat="60.80642" lon="7.11716">
        <ele>235.6</ele>
      </trkpt>
      <trkpt lat="60.80655" lon="7.11787">
        <ele>234.3</ele>
      </trkpt>
      <trkpt lat="60.80661" lon="7.11808">
        <ele>233.8</ele>
      </trkpt>
      <trkpt lat="60.80676" lon="7.1183">
        <ele>229.6</ele>
      </trkpt>
      <trkpt lat="60.80703" lon="7.11853">
        <ele>221.6</ele>
      </trkpt>
      <trkpt lat="60.8072" lon="7.11863">
        <ele>216.1</ele>
      </trkpt>
      <trkpt lat="60.80736" lon="7.11865">
        <ele>212.2</ele>
      </trkpt>
      <trkpt lat="60.80742" lon="7.1187">
        <ele>209.6</ele>
      </trkpt>
      <trkpt lat="60.80744" lon="7.11881">
        <ele>206.7</ele>
      </trkpt>
      <trkpt lat="60.80741" lon="7.11895">
        <ele>204.3</ele>
      </trkpt>
      <trkpt lat="60.80736" lon="7.11899">
        <ele>204.8</ele>
      </trkpt>
      <trkpt lat="60.80723" lon="7.11902">
        <ele>207.9</ele>
      </trkpt>
      <trkpt lat="60.8069" lon="7.11899">
        <ele>213.7</ele>
      </trkpt>
      <trkpt lat="60.80685" lon="7.11905">
        <ele>214.7</ele>
      </trkpt>
      <trkpt lat="60.80683" lon="7.11914">
        <ele>215.5</ele>
      </trkpt>
      <trkpt lat="60.80672" lon="7.11965">
        <ele>220.3</ele>
      </trkpt>
      <trkpt lat="60.80671" lon="7.11978">
        <ele>221.5</ele>
      </trkpt>
      <trkpt lat="60.80674" lon="7.12005">
        <ele>223.9</ele>
      </trkpt>
      <trkpt lat="60.80699" lon="7.12111">
        <ele>209.9</ele>
      </trkpt>
      <trkpt lat="60.80713" lon="7.12179">
        <ele>197.3</ele>
      </trkpt>
      <trkpt lat="60.80717" lon="7.12191">
        <ele>193.9</ele>
      </trkpt>
      <trkpt lat="60.8073" lon="7.12213">
        <ele>183.4</ele>
      </trkpt>
      <trkpt lat="60.80741" lon="7.12257">
        <ele>175.6</ele>
      </trkpt>
      <trkpt lat="60.80746" lon="7.1227">
        <ele>174.6</ele>
      </trkpt>
      <trkpt lat="60.80756" lon="7.12281">
        <ele>172.2</ele>
      </trkpt>
      <trkpt lat="60.80768" lon="7.1228">
        <ele>167.4</ele>
      </trkpt>
      <trkpt lat="60.808" lon="7.12253">
        <ele>153.5</ele>
      </trkpt>
      <trkpt lat="60.80852" lon="7.12241">
        <ele>140.6</ele>
      </trkpt>
      <trkpt lat="60.80859" lon="7.12238">
        <ele>139.2</ele>
      </trkpt>
      <trkpt lat="60.80881" lon="7.12221">
        <ele>134.5</ele>
      </trkpt>
      <trkpt lat="60.80895" lon="7.12219">
        <ele>133.4</ele>
      </trkpt>
      <trkpt lat="60.80904" lon="7.12223">
        <ele>133.6</ele>
      </trkpt>
      <trkpt lat="60.80921" lon="7.12237">
        <ele>135.6</ele>
      </trkpt>
      <trkpt lat="60.80931" lon="7.12243">
        <ele>137.0</ele>
      </trkpt>
      <trkpt lat="60.80954" lon="7.12245">
        <ele>137.0</ele>
      </trkpt>
      <trkpt lat="60.81006" lon="7.12228">
        <ele>127.8</ele>
      </trkpt>
      <trkpt lat="60.8104" lon="7.12228">
        <ele>127.2</ele>
      </trkpt>
      <trkpt lat="60.81063" lon="7.12223">
        <ele>129.6</ele>
      </trkpt>
      <trkpt lat="60.8112" lon="7.12202">
        <ele>126.2</ele>
      </trkpt>
      <trkpt lat="60.81141" lon="7.12207">
        <ele>125.0</ele>
      </trkpt>
      <trkpt lat="60.8115" lon="7.12209">
        <ele>124.6</ele>
      </trkpt>
      <trkpt lat="60.81157" lon="7.12208">
        <ele>124.2</ele>
      </trkpt>
      <trkpt lat="60.81178" lon="7.12186">
        <ele>123.0</ele>
      </trkpt>
      <trkpt lat="60.81204" lon="7.12164">
        <ele>117.3</ele>
      </trkpt>
      <trkpt lat="60.81217" lon="7.12158">
        <ele>114.8</ele>
      </trkpt>
      <trkpt lat="60.81228" lon="7.1216">
        <ele>113.7</ele>
      </trkpt>
      <trkpt lat="60.81267" lon="7.12187">
        <ele>116.4</ele>
      </trkpt>
      <trkpt lat="60.81294" lon="7.12192">
        <ele>116.3</ele>
      </trkpt>
      <trkpt lat="60.81325" lon="7.1219">
        <ele>116.1</ele>
      </trkpt>
      <trkpt lat="60.81333" lon="7.12187">
        <ele>115.8</ele>
      </trkpt>
      <trkpt lat="60.81351" lon="7.12176">
        <ele>114.1</ele>
      </trkpt>
      <trkpt lat="60.81367" lon="7.12149">
        <ele>108.2</ele>
      </trkpt>
      <trkpt lat="60.81399" lon="7.12087">
        <ele>95.5</ele>
      </trkpt>
      <trkpt lat="60.81412" lon="7.1207">
        <ele>92.5</ele>
      </trkpt>
      <trkpt lat="60.81418" lon="7.12065">
        <ele>91.6</ele>
      </trkpt>
      <trkpt lat="60.81428" lon="7.12063">
        <ele>91.5</ele>
      </trkpt>
      <trkpt lat="60.81438" lon="7.12065">
        <ele>92.3</ele>
      </trkpt>
      <trkpt lat="60.81474" lon="7.1208">
        <ele>97.4</ele>
      </trkpt>
      <trkpt lat="60.81496" lon="7.12081">
        <ele>97.9</ele>
      </trkpt>
      <trkpt lat="60.81552" lon="7.12091">
        <ele>96.9</ele>
      </trkpt>
      <trkpt lat="60.81577" lon="7.12093">
        <ele>93.3</ele>
      </trkpt>
      <trkpt lat="60.81602" lon="7.1209">
        <ele>86.8</ele>
      </trkpt>
      <trkpt lat="60.81632" lon="7.12073">
        <ele>75.6</ele>
      </trkpt>
      <trkpt lat="60.81648" lon="7.12068">
        <ele>71.5</ele>
      </trkpt>
      <trkpt lat="60.81665" lon="7.12068">
        <ele>69.4</ele>
      </trkpt>
      <trkpt lat="60.81726" lon="7.12087">
        <ele>75.3</ele>
      </trkpt>
      <trkpt lat="60.81747" lon="7.12084">
        <ele>77.2</ele>
      </trkpt>
      <trkpt lat="60.81757" lon="7.1208">
        <ele>77.7</ele>
      </trkpt>
      <trkpt lat="60.81769" lon="7.12073">
        <ele>77.8</ele>
      </trkpt>
      <trkpt lat="60.81787" lon="7.12055">
        <ele>77.1</ele>
      </trkpt>
      <trkpt lat="60.81817" lon="7.12004">
        <ele>73.3</ele>
      </trkpt>
      <trkpt lat="60.8183" lon="7.11986">
        <ele>72.5</ele>
      </trkpt>
      <trkpt lat="60.81844" lon="7.11973">
        <ele>73.2</ele>
      </trkpt>
      <trkpt lat="60.81878" lon="7.11956">
        <ele>76.0</ele>
      </trkpt>
      <trkpt lat="60.81934" lon="7.11934">
        <ele>76.4</ele>
      </trkpt>
      <trkpt lat="60.8199" lon="7.119">
        <ele>72.9</ele>
      </trkpt>
      <trkpt lat="60.82033" lon="7.11896">
        <ele>75.3</ele>
      </trkpt>
      <trkpt lat="60.82087" lon="7.11849">
        <ele>81.7</ele>
      </trkpt>
      <trkpt lat="60.82136" lon="7.11836">
        <ele>88.8</ele>
      </trkpt>
      <trkpt lat="60.82148" lon="7.1183">
        <ele>89.3</ele>
      </trkpt>
      <trkpt lat="60.82153" lon="7.11826">
        <ele>89.2</ele>
      </trkpt>
      <trkpt lat="60.8216" lon="7.11813">
        <ele>88.1</ele>
      </trkpt>
      <trkpt lat="60.82181" lon="7.11752">
        <ele>81.8</ele>
      </trkpt>
      <trkpt lat="60.82191" lon="7.11736">
        <ele>80.7</ele>
      </trkpt>
      <trkpt lat="60.82211" lon="7.11728">
        <ele>81.5</ele>
      </trkpt>
      <trkpt lat="60.82287" lon="7.11704">
        <ele>89.7</ele>
      </trkpt>
      <trkpt lat="60.82304" lon="7.11701">
        <ele>92.5</ele>
      </trkpt>
      <trkpt lat="60.82312" lon="7.11697">
        <ele>93.5</ele>
      </trkpt>
      <trkpt lat="60.82337" lon="7.11665">
        <ele>92.9</ele>
      </trkpt>
      <trkpt lat="60.8238" lon="7.11596">
        <ele>89.6</ele>
      </trkpt>
      <trkpt lat="60.82415" lon="7.11552">
        <ele>87.7</ele>
      </trkpt>
      <trkpt lat="60.82468" lon="7.11521">
        <ele>84.8</ele>
      </trkpt>
      <trkpt lat="60.82501" lon="7.11522">
        <ele>84.1</ele>
      </trkpt>
      <trkpt lat="60.8251" lon="7.11516">
        <ele>82.6</ele>
      </trkpt>
      <trkpt lat="60.82532" lon="7.11495">
        <ele>78.2</ele>
      </trkpt>
      <trkpt lat="60.8257" lon="7.11489">
        <ele>77.7</ele>
      </trkpt>
      <trkpt lat="60.82647" lon="7.11438">
        <ele>68.6</ele>
      </trkpt>
      <trkpt lat="60.82695" lon="7.11421">
        <ele>68.3</ele>
      </trkpt>
      <trkpt lat="60.82717" lon="7.11409">
        <ele>68.4</ele>
      </trkpt>
      <trkpt lat="60.82743" lon="7.11404">
        <ele>71.2</ele>
      </trkpt>
      <trkpt lat="60.8275" lon="7.114">
        <ele>71.6</ele>
      </trkpt>
      <trkpt lat="60.82755" lon="7.11394">
        <ele>71.5</ele>
      </trkpt>
      <trkpt lat="60.82807" lon="7.11298">
        <ele>65.3</ele>
      </trkpt>
      <trkpt lat="60.82816" lon="7.11286">
        <ele>65.0</ele>
      </trkpt>
      <trkpt lat="60.82833" lon="7.11286">
        <ele>66.9</ele>
      </trkpt>
      <trkpt lat="60.82854" lon="7.1128">
        <ele>68.6</ele>
      </trkpt>
      <trkpt lat="60.82885" lon="7.11267">
        <ele>71.3</ele>
      </trkpt>
      <trkpt lat="60.8292" lon="7.11269">
        <ele>75.9</ele>
      </trkpt>
      <trkpt lat="60.82962" lon="7.11259">
        <ele>82.1</ele>
      </trkpt>
      <trkpt lat="60.82978" lon="7.11266">
        <ele>84.5</ele>
      </trkpt>
      <trkpt lat="60.82999" lon="7.11282">
        <ele>86.7</ele>
      </trkpt>
      <trkpt lat="60.83014" lon="7.11297">
        <ele>87.8</ele>
      </trkpt>
      <trkpt lat="60.8302" lon="7.11324">
        <ele>88.0</ele>
      </trkpt>
      <trkpt lat="60.83025" lon="7.11389">
        <ele>91.0</ele>
      </trkpt>
      <trkpt lat="60.83028" lon="7.11408">
        <ele>92.3</ele>
      </trkpt>
      <trkpt lat="60.83052" lon="7.11487">
        <ele>97.4</ele>
      </trkpt>
      <trkpt lat="60.83075" lon="7.11592">
        <ele>98.6</ele>
      </trkpt>
      <trkpt lat="60.83088" lon="7.11702">
        <ele>95.5</ele>
      </trkpt>
      <trkpt lat="60.83105" lon="7.11766">
        <ele>86.7</ele>
      </trkpt>
      <trkpt lat="60.83127" lon="7.11798">
        <ele>75.3</ele>
      </trkpt>
      <trkpt lat="60.83132" lon="7.11816">
        <ele>70.5</ele>
      </trkpt>
      <trkpt lat="60.8314" lon="7.11863">
        <ele>60.8</ele>
      </trkpt>
      <trkpt lat="60.8314" lon="7.11892">
        <ele>55.5</ele>
      </trkpt>
      <trkpt lat="60.83134" lon="7.11922">
        <ele>49.4</ele>
      </trkpt>
      <trkpt lat="60.83124" lon="7.11944">
        <ele>44.9</ele>
      </trkpt>
      <trkpt lat="60.83114" lon="7.1196">
        <ele>44.2</ele>
      </trkpt>
      <trkpt lat="60.83088" lon="7.11993">
        <ele>45.7</ele>
      </trkpt>
      <trkpt lat="60.83069" lon="7.12038">
        <ele>43.2</ele>
      </trkpt>
      <trkpt lat="60.83036" lon="7.121">
        <ele>46.6</ele>
      </trkpt>
      <trkpt lat="60.83025" lon="7.12126">
        <ele>48.3</ele>
      </trkpt>
      <trkpt lat="60.83018" lon="7.1215">
        <ele>45.4</ele>
      </trkpt>
      <trkpt lat="60.83018" lon="7.12165">
        <ele>43.9</ele>
      </trkpt>
      <trkpt lat="60.8302" lon="7.12176">
        <ele>42.7</ele>
      </trkpt>
      <trkpt lat="60.83028" lon="7.12191">
        <ele>40.5</ele>
      </trkpt>
      <trkpt lat="60.83033" lon="7.12198">
        <ele>39.2</ele>
      </trkpt>
      <trkpt lat="60.8304" lon="7.12201">
        <ele>37.7</ele>
      </trkpt>
      <trkpt lat="60.83053" lon="7.12201">
        <ele>35.1</ele>
      </trkpt>
      <trkpt lat="60.83071" lon="7.12195">
        <ele>29.2</ele>
      </trkpt>
      <trkpt lat="60.83121" lon="7.12168">
        <ele>16.2</ele>
      </trkpt>
      <trkpt lat="60.83152" lon="7.12159">
        <ele>13.3</ele>
      </trkpt>
      <trkpt lat="60.83191" lon="7.1217">
        <ele>16.5</ele>
      </trkpt>
      <trkpt lat="60.83259" lon="7.12161">
        <ele>27.8</ele>
      </trkpt>
      <trkpt lat="60.83307" lon="7.12189">
        <ele>32.6</ele>
      </trkpt>
      <trkpt lat="60.83334" lon="7.12205">
        <ele>32.5</ele>
      </trkpt>
      <trkpt lat="60.83351" lon="7.12218">
        <ele>31.7</ele>
      </trkpt>
      <trkpt lat="60.83393" lon="7.12268">
        <ele>27.7</ele>
      </trkpt>
      <trkpt lat="60.83436" lon="7.12319">
        <ele>21.8</ele>
      </trkpt>
      <trkpt lat="60.83468" lon="7.12352">
        <ele>15.5</ele>
      </trkpt>
      <trkpt lat="60.83488" lon="7.12368">
        <ele>12.5</ele>
      </trkpt>
      <trkpt lat="60.83505" lon="7.12374">
        <ele>10.2</ele>
      </trkpt>
      <trkpt lat="60.83559" lon="7.12364">
        <ele>7.2</ele>
      </trkpt>
      <trkpt lat="60.83575" lon="7.12359">
        <ele>7.7</ele>
      </trkpt>
      <trkpt lat="60.8359" lon="7.1235">
        <ele>7.9</ele>
      </trkpt>
      <trkpt lat="60.83613" lon="7.12332">
        <ele>8.6</ele>
      </trkpt>
      <trkpt lat="60.83633" lon="7.12308">
        <ele>9.5</ele>
      </trkpt>
      <trkpt lat="60.83685" lon="7.12217">
        <ele>9.3</ele>
      </trkpt>
      <trkpt lat="60.83699" lon="7.12198">
        <ele>8.6</ele>
      </trkpt>
      <trkpt lat="60.83708" lon="7.12193">
        <ele>8.4</ele>
      </trkpt>
      <trkpt lat="60.83746" lon="7.12181">
        <ele>7.7</ele>
      </trkpt>
      <trkpt lat="60.83768" lon="7.12181">
        <ele>6.9</ele>
      </trkpt>
      <trkpt lat="60.83808" lon="7.12188">
        <ele>6.3</ele>
      </trkpt>
      <trkpt lat="60.83837" lon="7.12175">
        <ele>6.0</ele>
      </trkpt>
      <trkpt lat="60.83862" lon="7.12162">
        <ele>6.7</ele>
      </trkpt>
      <trkpt lat="60.83863" lon="7.12158">
        <ele>6.7</ele>
      </trkpt>
      <trkpt lat="60.83906" lon="7.12121">
        <ele>7.1</ele>
      </trkpt>
      <trkpt lat="60.83948" lon="7.12084">
        <ele>7.5</ele>
      </trkpt>
      <trkpt lat="60.83963" lon="7.12076">
        <ele>7.8</ele>
      </trkpt>
      <trkpt lat="60.83973" lon="7.12077">
        <ele>8.6</ele>
      </trkpt>
      <trkpt lat="60.83981" lon="7.12083">
        <ele>9.6</ele>
      </trkpt>
      <trkpt lat="60.84012" lon="7.12127">
        <ele>14.1</ele>
      </trkpt>
      <trkpt lat="60.84022" lon="7.12137">
        <ele>14.4</ele>
      </trkpt>
      <trkpt lat="60.84031" lon="7.12141">
        <ele>14.2</ele>
      </trkpt>
      <trkpt lat="60.84039" lon="7.1214">
        <ele>13.7</ele>
      </trkpt>
      <trkpt lat="60.84049" lon="7.12134">
        <ele>12.8</ele>
      </trkpt>
      <trkpt lat="60.84103" lon="7.12078">
        <ele>7.2</ele>
      </trkpt>
      <trkpt lat="60.84123" lon="7.12062">
        <ele>6.7</ele>
      </trkpt>
      <trkpt lat="60.84152" lon="7.12042">
        <ele>6.0</ele>
      </trkpt>
      <trkpt lat="60.84182" lon="7.12028">
        <ele>5.5</ele>
      </trkpt>
      <trkpt lat="60.84213" lon="7.12028">
        <ele>6.0</ele>
      </trkpt>
      <trkpt lat="60.84266" lon="7.12036">
        <ele>6.0</ele>
      </trkpt>
      <trkpt lat="60.84319" lon="7.12033">
        <ele>6.0</ele>
      </trkpt>
      <trkpt lat="60.84359" lon="7.12041">
        <ele>6.0</ele>
      </trkpt>
      <trkpt lat="60.84383" lon="7.12037">
        <ele>6.1</ele>
      </trkpt>
      <trkpt lat="60.84408" lon="7.12025">
        <ele>5.9</ele>
      </trkpt>
      <trkpt lat="60.84436" lon="7.12003">
        <ele>5.7</ele>
      </trkpt>
      <trkpt lat="60.84463" lon="7.11989">
        <ele>6.0</ele>
      </trkpt>
      <trkpt lat="60.84518" lon="7.11968">
        <ele>5.3</ele>
      </trkpt>
      <trkpt lat="60.84563" lon="7.1196">
        <ele>5.0</ele>
      </trkpt>
      <trkpt lat="60.84617" lon="7.11955">
        <ele>5.0</ele>
      </trkpt>
      <trkpt lat="60.84671" lon="7.1195">
        <ele>7.1</ele>
      </trkpt>
      <trkpt lat="60.84686" lon="7.11943">
        <ele>7.9</ele>
      </trkpt>
      <trkpt lat="60.84705" lon="7.11927">
        <ele>8.8</ele>
      </trkpt>
      <trkpt lat="60.84726" lon="7.11898">
        <ele>10.7</ele>
      </trkpt>
      <trkpt lat="60.84738" lon="7.11872">
        <ele>11.3</ele>
      </trkpt>
      <trkpt lat="60.84764" lon="7.11802">
        <ele>10.8</ele>
      </trkpt>
      <trkpt lat="60.84795" lon="7.1171">
        <ele>8.3</ele>
      </trkpt>
      <trkpt lat="60.84811" lon="7.11671">
        <ele>7.1</ele>
      </trkpt>
      <trkpt lat="60.84826" lon="7.11641">
        <ele>6.0</ele>
      </trkpt>
      <trkpt lat="60.84879" lon="7.11557">
        <ele>9.1</ele>
      </trkpt>
      <trkpt lat="60.84896" lon="7.11531">
        <ele>8.6</ele>
      </trkpt>
      <trkpt lat="60.84908" lon="7.11517">
        <ele>8.1</ele>
      </trkpt>
      <trkpt lat="60.84925" lon="7.11505">
        <ele>7.9</ele>
      </trkpt>
      <trkpt lat="60.84953" lon="7.11497">
        <ele>9.1</ele>
      </trkpt>
      <trkpt lat="60.84969" lon="7.11489">
        <ele>9.6</ele>
      </trkpt>
      <trkpt lat="60.84985" lon="7.11475">
        <ele>9.2</ele>
      </trkpt>
      <trkpt lat="60.85015" lon="7.11442">
        <ele>6.9</ele>
      </trkpt>
      <trkpt lat="60.85056" lon="7.11397">
        <ele>5.9</ele>
      </trkpt>
      <trkpt lat="60.85109" lon="7.11317">
        <ele>5.5</ele>
      </trkpt>
      <trkpt lat="60.85162" lon="7.11237">
        <ele>5.0</ele>
      </trkpt>
      <trkpt lat="60.85193" lon="7.112">
        <ele>5.0</ele>
      </trkpt>
      <trkpt lat="60.85222" lon="7.11175">
        <ele>4.9</ele>
      </trkpt>
      <trkpt lat="60.8526" lon="7.11155">
        <ele>4.0</ele>
      </trkpt>
      <trkpt lat="60.85304" lon="7.11137">
        <ele>4.3</ele>
      </trkpt>
      <trkpt lat="60.85349" lon="7.11119">
        <ele>5.5</ele>
      </trkpt>
      <trkpt lat="60.85369" lon="7.11118">
        <ele>6.3</ele>
      </trkpt>
      <trkpt lat="60.854" lon="7.11131">
        <ele>6.7</ele>
      </trkpt>
      <trkpt lat="60.85445" lon="7.11158">
        <ele>7.3</ele>
      </trkpt>
      <trkpt lat="60.85463" lon="7.11164">
        <ele>7.6</ele>
      </trkpt>
      <trkpt lat="60.85487" lon="7.11161">
        <ele>7.3</ele>
      </trkpt>
      <trkpt lat="60.85513" lon="7.11141">
        <ele>6.2</ele>
      </trkpt>
      <trkpt lat="60.8554" lon="7.11113">
        <ele>4.6</ele>
      </trkpt>
      <trkpt lat="60.85559" lon="7.11087">
        <ele>4.0</ele>
      </trkpt>
      <trkpt lat="60.8557" lon="7.11067">
        <ele>3.9</ele>
      </trkpt>
      <trkpt lat="60.85609" lon="7.10971">
        <ele>3.0</ele>
      </trkpt>
      <trkpt lat="60.85629" lon="7.1093">
        <ele>3.0</ele>
      </trkpt>
      <trkpt lat="60.85646" lon="7.10909">
        <ele>3.0</ele>
      </trkpt>
      <trkpt lat="60.8568" lon="7.10874">
        <ele>3.0</ele>
      </trkpt>
      <trkpt lat="60.85709" lon="7.10851">
        <ele>3.0</ele>
      </trkpt>
      <trkpt lat="60.85758" lon="7.10831">
        <ele>3.0</ele>
      </trkpt>
      <trkpt lat="60.85808" lon="7.1081">
        <ele>3.0</ele>
      </trkpt>
      <trkpt lat="60.85826" lon="7.10809">
        <ele>3.1</ele>
      </trkpt>
      <trkpt lat="60.8585" lon="7.10811">
        <ele>3.7</ele>
      </trkpt>
      <trkpt lat="60.85879" lon="7.10807">
        <ele>3.6</ele>
      </trkpt>
      <trkpt lat="60.85902" lon="7.10795">
        <ele>4.0</ele>
      </trkpt>
      <trkpt lat="60.85912" lon="7.10788">
        <ele>3.9</ele>
      </trkpt>
      <trkpt lat="60.85932" lon="7.10758">
        <ele>3.8</ele>
      </trkpt>
      <trkpt lat="60.85948" lon="7.10723">
        <ele>3.3</ele>
      </trkpt>
      <trkpt lat="60.85973" lon="7.10655">
        <ele>3.0</ele>
      </trkpt>
      <trkpt lat="60.85989" lon="7.10597">
        <ele>3.7</ele>
      </trkpt>
      <trkpt lat="60.86002" lon="7.10548">
        <ele>4.4</ele>
      </trkpt>
      <trkpt lat="60.8601" lon="7.10516">
        <ele>4.8</ele>
      </trkpt>
      <trkpt lat="60.86013" lon="7.1053">
        <ele>5.0</ele>
      </trkpt>
      <trkpt lat="60.8602" lon="7.10546">
        <ele>5.1</ele>
      </trkpt>
      <trkpt lat="60.86047" lon="7.10582">
        <ele>5.4</ele>
      </trkpt>
      <trkpt lat="60.86084" lon="7.10654">
        <ele>6.5</ele>
      </trkpt>
      <trkpt lat="60.8612" lon="7.10708">
        <ele>6.2</ele>
      </trkpt>
      <trkpt lat="60.86131" lon="7.10718">
        <ele>5.9</ele>
      </trkpt>
      <trkpt lat="60.86144" lon="7.10725">
        <ele>5.2</ele>
      </trkpt>
      <trkpt lat="60.86182" lon="7.10733">
        <ele>4.0</ele>
      </trkpt>
      <trkpt lat="60.86206" lon="7.10745">
        <ele>4.0</ele>
      </trkpt>
      <trkpt lat="60.86224" lon="7.10763">
        <ele>4.0</ele>
      </trkpt>
      <trkpt lat="60.86239" lon="7.10787">
        <ele>4.0</ele>
      </trkpt>
      <trkpt lat="60.86247" lon="7.10807">
        <ele>4.9</ele>
      </trkpt>
      <trkpt lat="60.86254" lon="7.10834">
        <ele>6.9</ele>
      </trkpt>
      <trkpt lat="60.86254" lon="7.10834">
        <ele>6.9</ele>
      </trkpt>
      <trkpt lat="60.86263" lon="7.10873">
        <ele>8.9</ele>
      </trkpt>
      <trkpt lat="60.8627" lon="7.1095">
        <ele>6.1</ele>
      </trkpt>
      <trkpt lat="60.86275" lon="7.10976">
        <ele>5.0</ele>
      </trkpt>
      <trkpt lat="60.86281" lon="7.10993">
        <ele>4.4</ele>
      </trkpt>
      <trkpt lat="60.86297" lon="7.11022">
        <ele>3.8</ele>
      </trkpt>
      <trkpt lat="60.86343" lon="7.11071">
        <ele>2.2</ele>
      </trkpt>
      <trkpt lat="60.86354" lon="7.11087">
        <ele>2.1</ele>
      </trkpt>
      <trkpt lat="60.86377" lon="7.11133">
        <ele>2.1</ele>
      </trkpt>
      <trkpt lat="60.86382" lon="7.11146">
        <ele>2.1</ele>
      </trkpt>
      <trkpt lat="60.86385" lon="7.11163">
        <ele>1.8</ele>
      </trkpt>
      <trkpt lat="60.8639" lon="7.11173">
        <ele>1.7</ele>
      </trkpt>
      <trkpt lat="60.864" lon="7.11222">
        <ele>1.5</ele>
      </trkpt>
      <trkpt lat="60.86423" lon="7.11356">
        <ele>0.7</ele>
      </trkpt>
      <trkpt lat="60.86447" lon="7.11489">
        <ele>0.6</ele>
      </trkpt>
      <trkpt lat="60.86456" lon="7.11533">
        <ele>0.3</ele>
      </trkpt>
      <trkpt lat="60.86472" lon="7.11584">
        <ele>0.5</ele>
      </trkpt>
      <trkpt lat="60.86474" lon="7.1159">
        <ele>0.6</ele>
      </trkpt>
      <trkpt lat="60.86475" lon="7.11608">
        <ele>0.4</ele>
      </trkpt>
      <trkpt lat="60.86472" lon="7.11619">
        <ele>0.1</ele>
      </trkpt>
      <trkpt lat="60.8648" lon="7.11637">
        <ele>0.0</ele>
      </trkpt>
      <trkpt lat="60.86487" lon="7.11642">
        <ele>0.1</ele>
      </trkpt>
      <trkpt lat="60.86487" lon="7.11657">
        <ele>0.1</ele>
      </trkpt>
      <trkpt lat="60.86495" lon="7.11676">
        <ele>0.4</ele>
      </trkpt>
      <trkpt lat="60.8649" lon="7.11713">
        <ele>0.1</ele>
      </trkpt>
      <trkpt lat="60.86492" lon="7.11733">
        <ele>0.0</ele>
      </trkpt>
      <trkpt lat="60.86498" lon="7.1176">
        <ele>0.0</ele>
      </trkpt>
      <trkpt lat="60.86501" lon="7.11765">
        <ele>0.0</ele>
      </trkpt>
      <trkpt lat="60.86505" lon="7.11764">
        <ele>0.0</ele>
      </trkpt>
      <trkpt lat="60.86512" lon="7.11755">
        <ele>0.0</ele>
      </trkpt>
      <trkpt lat="60.86523" lon="7.11779">
        <ele>0.1</ele>
      </trkpt>
      <trkpt lat="60.8654" lon="7.11796">
        <ele>0.0</ele>
      </trkpt>
    </trkseg>
  </trk>
</gpx>
